{
  "type": "FeatureCollection",
  "generator": "overpass-turbo",
  "copyright": "The data included in this document is from www.openstreetmap.org. The data is made available under ODbL.",
  "timestamp": "2026-05-29T09:57:18Z",
  "features": [
    {
      "type": "Feature",
      "properties": {
        "@id": "way/891496103",
        "area": "yes",
        "highway": "footway"
      },
      "geometry": {
        "type": "Polygon",
        "coordinates": [
          [
            [
              35.9725941,
              -0.274844
            ],
            [
              35.9725225,
              -0.2749364
            ],
            [
              35.9726046,
              -0.275
            ],
            [
              35.9726198,
              -0.2749803
            ],
            [
              35.9726762,
              -0.2749076
            ],
            [
              35.9725941,
              -0.274844
            ]
          ]
        ]
      },
      "id": "way/891496103"
    },
    {
      "type": "Feature",
      "properties": {
        "@id": "way/86430523",
        "highway": "residential",
        "source": "LandSat"
      },
      "geometry": {
        "type": "LineString",
        "coordinates": [
          [
            35.9722167,
            -0.2240668
          ],
          [
            35.9764862,
            -0.2178044
          ],
          [
            35.9786216,
            -0.2147035
          ],
          [
            35.9803061,
            -0.2122575
          ],
          [
            35.9803668,
            -0.2121757
          ],
          [
            35.980399,
            -0.2121435
          ],
          [
            35.9804311,
            -0.2121327
          ],
          [
            35.9804647,
            -0.2121368
          ],
          [
            35.9805331,
            -0.2121837
          ]
        ]
      },
      "id": "way/86430523"
    },
    {
      "type": "Feature",
      "properties": {
        "@id": "way/86430525",
        "highway": "unclassified",
        "source": "LandSat"
      },
      "geometry": {
        "type": "LineString",
        "coordinates": [
          [
            35.9752639,
            -0.2260962
          ],
          [
            35.9746832,
            -0.2258548
          ],
          [
            35.9746134,
            -0.2258119
          ],
          [
            35.9744686,
            -0.2256724
          ],
          [
            35.9742969,
            -0.2255249
          ],
          [
            35.9722167,
            -0.2240668
          ],
          [
            35.9691319,
            -0.2219031
          ],
          [
            35.9670094,
            -0.2203832
          ],
          [
            35.9663361,
            -0.2199218
          ],
          [
            35.9662007,
            -0.2198188
          ],
          [
            35.9660652,
            -0.219726
          ],
          [
            35.9659901,
            -0.2196791
          ],
          [
            35.9659418,
            -0.2196402
          ],
          [
            35.9657702,
            -0.2195088
          ],
          [
            35.965046,
            -0.2189938
          ],
          [
            35.9632409,
            -0.2177278
          ],
          [
            35.9630423,
            -0.2175881
          ],
          [
            35.9620285,
            -0.2168749
          ],
          [
            35.9619252,
            -0.2168052
          ],
          [
            35.9615752,
            -0.2165691
          ],
          [
            35.9608269,
            -0.2160407
          ],
          [
            35.9599363,
            -0.2154077
          ],
          [
            35.9595796,
            -0.2151542
          ],
          [
            35.958496,
            -0.2143992
          ],
          [
            35.958036,
            -0.2140907
          ],
          [
            35.9579529,
            -0.2140331
          ],
          [
            35.957922,
            -0.2139955
          ],
          [
            35.9578952,
            -0.2139499
          ],
          [
            35.9578469,
            -0.2139325
          ],
          [
            35.9578175,
            -0.2139017
          ],
          [
            35.9577892,
            -0.2138708
          ],
          [
            35.9577208,
            -0.2138775
          ]
        ]
      },
      "id": "way/86430525"
    },
    {
      "type": "Feature",
      "properties": {
        "@id": "way/86430529",
        "highway": "unclassified",
        "source": "LandSat"
      },
      "geometry": {
        "type": "LineString",
        "coordinates": [
          [
            35.9541777,
            -0.221161
          ],
          [
            35.9507933,
            -0.2193788
          ],
          [
            35.9474208,
            -0.2176028
          ],
          [
            35.9469706,
            -0.2173657
          ],
          [
            35.9441309,
            -0.2158809
          ],
          [
            35.9433952,
            -0.2154962
          ],
          [
            35.9408393,
            -0.2141516
          ],
          [
            35.9392807,
            -0.2133317
          ],
          [
            35.9387067,
            -0.2130366
          ],
          [
            35.9381676,
            -0.2127443
          ],
          [
            35.9376982,
            -0.2125082
          ],
          [
            35.9372051,
            -0.2122579
          ],
          [
            35.9369901,
            -0.2121488
          ],
          [
            35.9366387,
            -0.2120094
          ],
          [
            35.936341,
            -0.2118994
          ],
          [
            35.9359762,
            -0.2117519
          ],
          [
            35.9355471,
            -0.2115936
          ],
          [
            35.9346244,
            -0.2111537
          ],
          [
            35.9340655,
            -0.2108906
          ],
          [
            35.9337983,
            -0.2107648
          ],
          [
            35.9329668,
            -0.2103384
          ],
          [
            35.9325269,
            -0.2101238
          ],
          [
            35.931678,
            -0.2097135
          ],
          [
            35.931597,
            -0.2096527
          ],
          [
            35.9276651,
            -0.2077091
          ],
          [
            35.9265659,
            -0.2071658
          ],
          [
            35.9228879,
            -0.2053505
          ],
          [
            35.9215271,
            -0.2046789
          ],
          [
            35.9166563,
            -0.2022971
          ],
          [
            35.9146565,
            -0.2013076
          ],
          [
            35.9119624,
            -0.1999744
          ],
          [
            35.9098797,
            -0.1989148
          ],
          [
            35.9095055,
            -0.1987245
          ],
          [
            35.9090388,
            -0.1985367
          ],
          [
            35.9087169,
            -0.1984294
          ],
          [
            35.908395,
            -0.1983597
          ],
          [
            35.9080195,
            -0.1982899
          ],
          [
            35.9076709,
            -0.1982148
          ],
          [
            35.9072578,
            -0.1980485
          ],
          [
            35.9058249,
            -0.1973597
          ],
          [
            35.9043288,
            -0.1966109
          ],
          [
            35.901204,
            -0.1950552
          ],
          [
            35.8999085,
            -0.1944088
          ],
          [
            35.8987874,
            -0.1938563
          ],
          [
            35.8978406,
            -0.1933949
          ],
          [
            35.8967999,
            -0.1928746
          ],
          [
            35.8965021,
            -0.1927351
          ],
          [
            35.8962393,
            -0.1926252
          ],
          [
            35.8956948,
            -0.1923972
          ],
          [
            35.8951262,
            -0.1921504
          ],
          [
            35.8944046,
            -0.1918285
          ],
          [
            35.893828,
            -0.1915657
          ],
          [
            35.8933344,
            -0.1913297
          ],
          [
            35.8919021,
            -0.190643
          ],
          [
            35.8912081,
            -0.1903241
          ],
          [
            35.8901453,
            -0.1898357
          ],
          [
            35.8886567,
            -0.1891249
          ],
          [
            35.8869991,
            -0.1882854
          ],
          [
            35.8855587,
            -0.1875746
          ],
          [
            35.8842444,
            -0.1869309
          ],
          [
            35.8834451,
            -0.1865319
          ],
          [
            35.8827236,
            -0.1861718
          ],
          [
            35.8810338,
            -0.1853242
          ],
          [
            35.8804954,
            -0.18505
          ],
          [
            35.8798617,
            -0.1847476
          ],
          [
            35.8786601,
            -0.1841172
          ],
          [
            35.8773163,
            -0.1834547
          ],
          [
            35.87623,
            -0.1829183
          ],
          [
            35.8747333,
            -0.1821592
          ],
          [
            35.8733091,
            -0.1814538
          ],
          [
            35.8721021,
            -0.1808745
          ],
          [
            35.8708039,
            -0.1802415
          ],
          [
            35.8691651,
            -0.1794609
          ],
          [
            35.8674028,
            -0.1785758
          ],
          [
            35.8656782,
            -0.1777256
          ]
        ]
      },
      "id": "way/86430529"
    },
    {
      "type": "Feature",
      "properties": {
        "@id": "way/86430532",
        "highway": "unclassified",
        "source": "LandSat"
      },
      "geometry": {
        "type": "LineString",
        "coordinates": [
          [
            35.9752639,
            -0.2260962
          ],
          [
            35.9754364,
            -0.2261068
          ],
          [
            35.9759063,
            -0.2262437
          ],
          [
            35.9762469,
            -0.2263242
          ],
          [
            35.9765419,
            -0.2264395
          ],
          [
            35.9770435,
            -0.226638
          ],
          [
            35.9774539,
            -0.2267882
          ],
          [
            35.9792486,
            -0.2271884
          ],
          [
            35.9799698,
            -0.2273408
          ],
          [
            35.9811124,
            -0.2275875
          ],
          [
            35.9820883,
            -0.2278177
          ],
          [
            35.9824245,
            -0.227897
          ],
          [
            35.9830356,
            -0.2280515
          ],
          [
            35.9834272,
            -0.2281776
          ],
          [
            35.9837437,
            -0.2282943
          ],
          [
            35.9841675,
            -0.2284611
          ],
          [
            35.9846496,
            -0.2286515
          ],
          [
            35.9856051,
            -0.2291418
          ],
          [
            35.986462,
            -0.2296257
          ],
          [
            35.987547,
            -0.2303716
          ],
          [
            35.98818,
            -0.2308598
          ],
          [
            35.9887103,
            -0.2313137
          ],
          [
            35.9889879,
            -0.2315785
          ],
          [
            35.9894393,
            -0.2320091
          ],
          [
            35.989906,
            -0.2324383
          ],
          [
            35.9900737,
            -0.2326099
          ],
          [
            35.990211,
            -0.2327687
          ],
          [
            35.9904974,
            -0.2331322
          ],
          [
            35.9910916,
            -0.2338866
          ],
          [
            35.9915958,
            -0.2345035
          ],
          [
            35.992102,
            -0.2350889
          ],
          [
            35.9930724,
            -0.2362684
          ],
          [
            35.9936129,
            -0.2368934
          ],
          [
            35.9940407,
            -0.2374191
          ],
          [
            35.9940822,
            -0.2374845
          ],
          [
            35.9947743,
            -0.2382519
          ],
          [
            35.9953332,
            -0.2389257
          ],
          [
            35.9955414,
            -0.2392389
          ],
          [
            35.9955642,
            -0.2392778
          ],
          [
            35.9957398,
            -0.2395058
          ],
          [
            35.9959587,
            -0.2397741
          ],
          [
            35.9960309,
            -0.2398625
          ],
          [
            35.9962355,
            -0.2401069
          ],
          [
            35.9969133,
            -0.2408965
          ],
          [
            35.9975884,
            -0.2416806
          ],
          [
            35.9981176,
            -0.2423261
          ],
          [
            35.9987257,
            -0.2430387
          ],
          [
            35.9988438,
            -0.2431381
          ],
          [
            35.9990796,
            -0.2433058
          ],
          [
            35.9993541,
            -0.2434754
          ],
          [
            35.9995794,
            -0.243627
          ],
          [
            35.9998798,
            -0.2438014
          ],
          [
            36.0000153,
            -0.2438644
          ],
          [
            36.0001602,
            -0.2439113
          ],
          [
            36.0003626,
            -0.2439501
          ],
          [
            36.0006067,
            -0.2439808
          ],
          [
            36.000767,
            -0.2439918
          ],
          [
            36.000938,
            -0.2439971
          ],
          [
            36.0011847,
            -0.2439998
          ],
          [
            36.0012961,
            -0.244002
          ],
          [
            36.0018024,
            -0.2440121
          ],
          [
            36.0021409,
            -0.244024
          ],
          [
            36.0025275,
            -0.2440404
          ],
          [
            36.0031043,
            -0.2440607
          ],
          [
            36.0034231,
            -0.2440758
          ],
          [
            36.0036832,
            -0.2440883
          ],
          [
            36.0039573,
            -0.2441125
          ],
          [
            36.0043216,
            -0.2441339
          ],
          [
            36.0046905,
            -0.2441493
          ],
          [
            36.0051343,
            -0.2441553
          ],
          [
            36.0054414,
            -0.2441675
          ],
          [
            36.0057713,
            -0.2441755
          ],
          [
            36.0062581,
            -0.2441955
          ],
          [
            36.0063452,
            -0.2441977
          ],
          [
            36.0065007,
            -0.2442098
          ],
          [
            36.0066482,
            -0.2442288
          ],
          [
            36.0069153,
            -0.2442559
          ],
          [
            36.0070561,
            -0.244264
          ],
          [
            36.007173,
            -0.2442594
          ],
          [
            36.0072975,
            -0.2442479
          ],
          [
            36.0074137,
            -0.2442319
          ]
        ]
      },
      "id": "way/86430532"
    },
    {
      "type": "Feature",
      "properties": {
        "@id": "way/86430534",
        "highway": "residential",
        "source": "LandSat"
      },
      "geometry": {
        "type": "LineString",
        "coordinates": [
          [
            35.9792486,
            -0.2271884
          ],
          [
            35.9804419,
            -0.2250207
          ],
          [
            35.9809354,
            -0.2241141
          ],
          [
            35.9814569,
            -0.2231741
          ],
          [
            35.9830248,
            -0.2202115
          ],
          [
            35.9831347,
            -0.2200178
          ],
          [
            35.983977,
            -0.2184734
          ],
          [
            35.9848011,
            -0.2168326
          ],
          [
            35.9848675,
            -0.216722
          ],
          [
            35.9849587,
            -0.2166683
          ],
          [
            35.9850875,
            -0.2166656
          ],
          [
            35.9854469,
            -0.2170023
          ]
        ]
      },
      "id": "way/86430534"
    },
    {
      "type": "Feature",
      "properties": {
        "@id": "way/86430539",
        "highway": "residential",
        "source": "LandSat"
      },
      "geometry": {
        "type": "LineString",
        "coordinates": [
          [
            35.9691319,
            -0.2219031
          ],
          [
            35.9734265,
            -0.2156731
          ],
          [
            35.9788486,
            -0.207809
          ]
        ]
      },
      "id": "way/86430539"
    },
    {
      "type": "Feature",
      "properties": {
        "@id": "way/86430540",
        "highway": "residential",
        "source": "LandSat"
      },
      "geometry": {
        "type": "LineString",
        "coordinates": [
          [
            35.9659901,
            -0.2196791
          ],
          [
            35.9660947,
            -0.2196496
          ],
          [
            35.9661551,
            -0.2196616
          ]
        ]
      },
      "id": "way/86430540"
    },
    {
      "type": "Feature",
      "properties": {
        "@id": "way/95071429",
        "highway": "tertiary",
        "ref": "D318"
      },
      "geometry": {
        "type": "LineString",
        "coordinates": [
          [
            35.9152827,
            -0.3049933
          ],
          [
            35.9154101,
            -0.3047318
          ],
          [
            35.9155107,
            -0.3045092
          ],
          [
            35.9156207,
            -0.3042664
          ],
          [
            35.9158312,
            -0.3037756
          ],
          [
            35.9159955,
            -0.3033917
          ],
          [
            35.9160941,
            -0.3031614
          ],
          [
            35.9161593,
            -0.3030107
          ],
          [
            35.9163274,
            -0.3026223
          ],
          [
            35.9164522,
            -0.3023353
          ],
          [
            35.9165729,
            -0.3020536
          ],
          [
            35.9168585,
            -0.3013979
          ],
          [
            35.9171804,
            -0.3006562
          ],
          [
            35.9173467,
            -0.3002874
          ],
          [
            35.9175049,
            -0.299928
          ],
          [
            35.9177611,
            -0.2993393
          ],
          [
            35.9178912,
            -0.2990483
          ],
          [
            35.9180347,
            -0.2987304
          ],
          [
            35.9182191,
            -0.2983282
          ],
          [
            35.918272,
            -0.2982128
          ],
          [
            35.9184263,
            -0.2978614
          ],
          [
            35.9185617,
            -0.2975409
          ],
          [
            35.9188179,
            -0.2969481
          ],
          [
            35.9191303,
            -0.2962213
          ],
          [
            35.9192899,
            -0.2958565
          ],
          [
            35.9194428,
            -0.2955038
          ],
          [
            35.919537,
            -0.2952932
          ],
          [
            35.9197969,
            -0.2947125
          ],
          [
            35.9201576,
            -0.2939173
          ],
          [
            35.9209811,
            -0.2920934
          ],
          [
            35.9211702,
            -0.2917407
          ],
          [
            35.9212989,
            -0.2914711
          ],
          [
            35.9214545,
            -0.2911533
          ],
          [
            35.9216248,
            -0.29081
          ],
          [
            35.9218005,
            -0.290413
          ],
          [
            35.9220674,
            -0.2898176
          ],
          [
            35.9223074,
            -0.289265
          ],
          [
            35.9225689,
            -0.2886736
          ],
          [
            35.922801,
            -0.2881505
          ],
          [
            35.9229324,
            -0.2878542
          ],
          [
            35.9233092,
            -0.2870053
          ],
          [
            35.9236901,
            -0.2861403
          ],
          [
            35.9237223,
            -0.2860719
          ],
          [
            35.924024,
            -0.2853933
          ],
          [
            35.9241742,
            -0.2850513
          ],
          [
            35.9244708,
            -0.2843833
          ],
          [
            35.9249266,
            -0.2833565
          ],
          [
            35.9259633,
            -0.2810643
          ],
          [
            35.9263012,
            -0.2802798
          ],
          [
            35.9264606,
            -0.2799238
          ],
          [
            35.926485,
            -0.2798694
          ],
          [
            35.9272011,
            -0.2782467
          ],
          [
            35.927413,
            -0.27778
          ],
          [
            35.9276946,
            -0.277155
          ],
          [
            35.9279494,
            -0.2766038
          ],
          [
            35.9283853,
            -0.2756289
          ],
          [
            35.9286777,
            -0.274957
          ],
          [
            35.9289727,
            -0.2742958
          ],
          [
            35.9292047,
            -0.2737916
          ],
          [
            35.9294917,
            -0.2731827
          ],
          [
            35.93,
            -0.2722332
          ],
          [
            35.9302628,
            -0.2716995
          ],
          [
            35.9304855,
            -0.2712301
          ],
          [
            35.9307778,
            -0.2705756
          ],
          [
            35.9314108,
            -0.2691541
          ],
          [
            35.9317716,
            -0.2683363
          ],
          [
            35.9320948,
            -0.2677084
          ],
          [
            35.9330094,
            -0.2656431
          ],
          [
            35.9334895,
            -0.2645622
          ],
          [
            35.9335807,
            -0.2643664
          ],
          [
            35.9341869,
            -0.2630092
          ],
          [
            35.9348923,
            -0.2614106
          ],
          [
            35.9359008,
            -0.2591656
          ],
          [
            35.9364561,
            -0.2579265
          ],
          [
            35.9375862,
            -0.255564
          ],
          [
            35.9386771,
            -0.2533292
          ],
          [
            35.9391249,
            -0.2523985
          ],
          [
            35.9391686,
            -0.2523086
          ],
          [
            35.9401508,
            -0.250289
          ],
          [
            35.9404259,
            -0.2497292
          ],
          [
            35.9404982,
            -0.2495822
          ],
          [
            35.9411406,
            -0.2482843
          ],
          [
            35.9414015,
            -0.2477573
          ],
          [
            35.9415359,
            -0.2474857
          ],
          [
            35.9416917,
            -0.2471709
          ],
          [
            35.9418098,
            -0.2469188
          ],
          [
            35.941854,
            -0.2468128
          ],
          [
            35.9419036,
            -0.2466693
          ],
          [
            35.9419439,
            -0.2465178
          ],
          [
            35.9419787,
            -0.2463488
          ]
        ]
      },
      "id": "way/95071429"
    },
    {
      "type": "Feature",
      "properties": {
        "@id": "way/103524363",
        "highway": "residential",
        "noname": "yes"
      },
      "geometry": {
        "type": "LineString",
        "coordinates": [
          [
            35.9954005,
            -0.2694323
          ],
          [
            35.9952879,
            -0.2693625
          ],
          [
            35.9947388,
            -0.2689824
          ],
          [
            35.9935981,
            -0.2680644
          ],
          [
            35.9904581,
            -0.2654791
          ],
          [
            35.9890566,
            -0.2643187
          ],
          [
            35.9878555,
            -0.2639257
          ],
          [
            35.9877433,
            -0.2638916
          ],
          [
            35.9865493,
            -0.2635288
          ],
          [
            35.9840251,
            -0.2626005
          ],
          [
            35.9834606,
            -0.2624691
          ],
          [
            35.9825948,
            -0.2622361
          ],
          [
            35.9821853,
            -0.2621394
          ],
          [
            35.9820217,
            -0.2620885
          ],
          [
            35.9818561,
            -0.2620241
          ],
          [
            35.9799422,
            -0.261023
          ]
        ]
      },
      "id": "way/103524363"
    },
    {
      "type": "Feature",
      "properties": {
        "@id": "way/103524365",
        "highway": "unclassified"
      },
      "geometry": {
        "type": "LineString",
        "coordinates": [
          [
            35.9877642,
            -0.3054606
          ],
          [
            35.9877831,
            -0.3052956
          ],
          [
            35.9877884,
            -0.3051414
          ],
          [
            35.9877726,
            -0.3049824
          ],
          [
            35.9876632,
            -0.3047656
          ],
          [
            35.9873915,
            -0.3042818
          ],
          [
            35.9870475,
            -0.3037344
          ],
          [
            35.9869367,
            -0.3035747
          ],
          [
            35.9866512,
            -0.3031633
          ],
          [
            35.9864527,
            -0.3028911
          ],
          [
            35.9862456,
            -0.3026414
          ],
          [
            35.9855783,
            -0.3019885
          ],
          [
            35.9852028,
            -0.3016506
          ],
          [
            35.9848964,
            -0.3013352
          ],
          [
            35.9847012,
            -0.3011731
          ],
          [
            35.984492,
            -0.301039
          ],
          [
            35.9840588,
            -0.3007399
          ],
          [
            35.9839103,
            -0.3006403
          ],
          [
            35.9832791,
            -0.3002167
          ],
          [
            35.9827539,
            -0.2998642
          ],
          [
            35.9822188,
            -0.2995209
          ],
          [
            35.9811392,
            -0.2988146
          ]
        ]
      },
      "id": "way/103524365"
    },
    {
      "type": "Feature",
      "properties": {
        "@id": "way/103524368",
        "highway": "unclassified"
      },
      "geometry": {
        "type": "LineString",
        "coordinates": [
          [
            35.9827481,
            -0.2550429
          ],
          [
            35.9826259,
            -0.2552966
          ],
          [
            35.98257,
            -0.25541
          ],
          [
            35.982365,
            -0.2558095
          ],
          [
            35.9821746,
            -0.2562172
          ],
          [
            35.9817561,
            -0.2571881
          ],
          [
            35.9809295,
            -0.2590099
          ],
          [
            35.9804338,
            -0.260042
          ],
          [
            35.9799422,
            -0.261023
          ],
          [
            35.9799073,
            -0.2610596
          ],
          [
            35.9794735,
            -0.2616332
          ],
          [
            35.9793877,
            -0.2617502
          ],
          [
            35.9768192,
            -0.2660877
          ],
          [
            35.9751697,
            -0.2688732
          ],
          [
            35.9743881,
            -0.2700757
          ],
          [
            35.9738624,
            -0.2706336
          ],
          [
            35.9722182,
            -0.2720151
          ],
          [
            35.9721159,
            -0.2721098
          ],
          [
            35.9711503,
            -0.2728133
          ],
          [
            35.9704077,
            -0.273466
          ],
          [
            35.9699628,
            -0.2743052
          ],
          [
            35.9684279,
            -0.2777501
          ],
          [
            35.966633,
            -0.2838896
          ]
        ]
      },
      "id": "way/103524368"
    },
    {
      "type": "Feature",
      "properties": {
        "@id": "way/103524369",
        "highway": "unclassified",
        "name": "Ngata road",
        "surface": "unpaved"
      },
      "geometry": {
        "type": "LineString",
        "coordinates": [
          [
            36.0028598,
            -0.2657872
          ],
          [
            36.0026988,
            -0.265921
          ],
          [
            36.001464,
            -0.2678936
          ],
          [
            36.0014372,
            -0.2679312
          ],
          [
            36.0006675,
            -0.2690588
          ],
          [
            36.0000887,
            -0.2699423
          ],
          [
            36.000042,
            -0.2700128
          ],
          [
            35.9990472,
            -0.2715155
          ],
          [
            35.9987479,
            -0.2719693
          ],
          [
            35.9983083,
            -0.2726413
          ],
          [
            35.9981962,
            -0.2728276
          ],
          [
            35.9973859,
            -0.2741054
          ],
          [
            35.9960169,
            -0.276144
          ],
          [
            35.9953855,
            -0.277139
          ],
          [
            35.9947081,
            -0.27821
          ],
          [
            35.993374,
            -0.2802259
          ],
          [
            35.9927317,
            -0.2812285
          ],
          [
            35.9922275,
            -0.2819875
          ],
          [
            35.9920443,
            -0.282265
          ],
          [
            35.9917219,
            -0.2827533
          ],
          [
            35.9913668,
            -0.2832965
          ],
          [
            35.9907335,
            -0.2842653
          ],
          [
            35.9906612,
            -0.2843892
          ],
          [
            35.9905645,
            -0.2845128
          ],
          [
            35.9903915,
            -0.284777
          ],
          [
            35.9900549,
            -0.2853188
          ],
          [
            35.9893655,
            -0.2863399
          ],
          [
            35.9893165,
            -0.2864496
          ],
          [
            35.9891242,
            -0.2868798
          ],
          [
            35.9889149,
            -0.2873967
          ],
          [
            35.9887996,
            -0.2876362
          ],
          [
            35.9886708,
            -0.287787
          ],
          [
            35.9884053,
            -0.2880332
          ],
          [
            35.988121,
            -0.2883047
          ],
          [
            35.9880325,
            -0.2884073
          ],
          [
            35.9879266,
            -0.2885108
          ],
          [
            35.9878528,
            -0.2885991
          ],
          [
            35.9877549,
            -0.2887493
          ],
          [
            35.9874961,
            -0.2891221
          ],
          [
            35.9870321,
            -0.2898597
          ],
          [
            35.9865887,
            -0.2905311
          ],
          [
            35.9865567,
            -0.2905796
          ]
        ]
      },
      "id": "way/103524369"
    },
    {
      "type": "Feature",
      "properties": {
        "@id": "way/103524374",
        "highway": "residential",
        "noname": "yes"
      },
      "geometry": {
        "type": "LineString",
        "coordinates": [
          [
            35.9750318,
            -0.299081
          ],
          [
            35.9770376,
            -0.2960918
          ],
          [
            35.9787547,
            -0.2934053
          ],
          [
            35.9797283,
            -0.2919588
          ],
          [
            35.9802675,
            -0.2911096
          ],
          [
            35.9808107,
            -0.2902741
          ],
          [
            35.9818931,
            -0.2886494
          ],
          [
            35.982424,
            -0.2878425
          ],
          [
            35.9825984,
            -0.287537
          ],
          [
            35.9827727,
            -0.2872473
          ],
          [
            35.9830195,
            -0.286853
          ],
          [
            35.9832904,
            -0.2864185
          ],
          [
            35.9837575,
            -0.285707
          ],
          [
            35.9847494,
            -0.2842109
          ],
          [
            35.9854631,
            -0.2831554
          ],
          [
            35.9864586,
            -0.2816464
          ],
          [
            35.9880205,
            -0.2792263
          ],
          [
            35.9891676,
            -0.2774845
          ],
          [
            35.9895479,
            -0.2768939
          ],
          [
            35.9918694,
            -0.273355
          ],
          [
            35.9921488,
            -0.2729292
          ],
          [
            35.9921872,
            -0.2728706
          ],
          [
            35.9932126,
            -0.2713004
          ],
          [
            35.9947388,
            -0.2689824
          ],
          [
            35.995256,
            -0.2681767
          ],
          [
            35.9959079,
            -0.2671659
          ],
          [
            35.9968203,
            -0.2657825
          ],
          [
            35.9970988,
            -0.2653603
          ],
          [
            35.9973368,
            -0.2649995
          ]
        ]
      },
      "id": "way/103524374"
    },
    {
      "type": "Feature",
      "properties": {
        "@id": "way/103526427",
        "highway": "unclassified"
      },
      "geometry": {
        "type": "LineString",
        "coordinates": [
          [
            35.9664629,
            -0.2837612
          ],
          [
            35.9651968,
            -0.2828851
          ],
          [
            35.9611163,
            -0.2800614
          ],
          [
            35.9573028,
            -0.2856231
          ],
          [
            35.9561485,
            -0.2872521
          ],
          [
            35.9526774,
            -0.2923787
          ]
        ]
      },
      "id": "way/103526427"
    },
    {
      "type": "Feature",
      "properties": {
        "@id": "way/103526430",
        "highway": "residential"
      },
      "geometry": {
        "type": "LineString",
        "coordinates": [
          [
            35.9684279,
            -0.2777501
          ],
          [
            35.9799494,
            -0.2860537
          ],
          [
            35.982424,
            -0.2878425
          ],
          [
            35.983454,
            -0.2885455
          ],
          [
            35.9842144,
            -0.2890323
          ],
          [
            35.9849198,
            -0.2894923
          ],
          [
            35.9858291,
            -0.2900971
          ],
          [
            35.9865567,
            -0.2905796
          ]
        ]
      },
      "id": "way/103526430"
    },
    {
      "type": "Feature",
      "properties": {
        "@id": "way/103526431",
        "highway": "service"
      },
      "geometry": {
        "type": "LineString",
        "coordinates": [
          [
            35.9721159,
            -0.2721098
          ],
          [
            35.9722158,
            -0.2721851
          ],
          [
            35.9736237,
            -0.2732772
          ],
          [
            35.9732313,
            -0.273418
          ],
          [
            35.9731308,
            -0.2734886
          ],
          [
            35.9727921,
            -0.2737262
          ],
          [
            35.9726597,
            -0.2738835
          ],
          [
            35.9726518,
            -0.2738929
          ],
          [
            35.9726485,
            -0.2738981
          ],
          [
            35.9723995,
            -0.2742904
          ]
        ]
      },
      "id": "way/103526431"
    },
    {
      "type": "Feature",
      "properties": {
        "@id": "way/116629311",
        "highway": "residential",
        "noname": "yes",
        "surface": "unpaved"
      },
      "geometry": {
        "type": "LineString",
        "coordinates": [
          [
            35.9947081,
            -0.27821
          ],
          [
            35.9974355,
            -0.2800597
          ],
          [
            35.9979627,
            -0.2804162
          ],
          [
            35.9985496,
            -0.2808007
          ],
          [
            35.9989835,
            -0.2811065
          ],
          [
            35.9996358,
            -0.2801476
          ],
          [
            36.0005878,
            -0.2786986
          ]
        ]
      },
      "id": "way/116629311"
    },
    {
      "type": "Feature",
      "properties": {
        "@id": "way/116645173",
        "highway": "unclassified",
        "noname": "yes",
        "surface": "unpaved"
      },
      "geometry": {
        "type": "LineString",
        "coordinates": [
          [
            36.0052101,
            -0.2692063
          ],
          [
            36.0051356,
            -0.2692639
          ],
          [
            36.0050726,
            -0.2693082
          ],
          [
            36.0050204,
            -0.2693348
          ],
          [
            36.0052644,
            -0.2696334
          ],
          [
            36.0053891,
            -0.2697649
          ],
          [
            36.0054932,
            -0.2698689
          ],
          [
            36.0055862,
            -0.2699432
          ],
          [
            36.0056785,
            -0.2700292
          ],
          [
            36.0057713,
            -0.2701436
          ],
          [
            36.0058464,
            -0.2702298
          ],
          [
            36.0058958,
            -0.2703041
          ],
          [
            36.0060769,
            -0.2705042
          ],
          [
            36.0062305,
            -0.2706507
          ],
          [
            36.0067951,
            -0.2711599
          ],
          [
            36.0068704,
            -0.2712347
          ],
          [
            36.0069005,
            -0.2712924
          ],
          [
            36.0069092,
            -0.2713621
          ],
          [
            36.006887,
            -0.2714355
          ],
          [
            36.0065786,
            -0.2720273
          ],
          [
            36.0064946,
            -0.2721976
          ],
          [
            36.005969,
            -0.2738713
          ],
          [
            36.005076,
            -0.2763602
          ],
          [
            36.0047802,
            -0.2771396
          ],
          [
            36.004677,
            -0.2774117
          ],
          [
            36.0045988,
            -0.2776463
          ],
          [
            36.0043323,
            -0.2784457
          ],
          [
            36.0041995,
            -0.2787568
          ]
        ]
      },
      "id": "way/116645173"
    },
    {
      "type": "Feature",
      "properties": {
        "@id": "way/116645175",
        "highway": "residential",
        "noname": "yes",
        "surface": "unpaved"
      },
      "geometry": {
        "type": "LineString",
        "coordinates": [
          [
            35.9985496,
            -0.2808007
          ],
          [
            35.9990672,
            -0.2800614
          ],
          [
            35.9996265,
            -0.2792084
          ],
          [
            35.9999073,
            -0.2787314
          ],
          [
            36.0000448,
            -0.2785088
          ],
          [
            36.0002151,
            -0.2782474
          ],
          [
            36.0012133,
            -0.2767037
          ],
          [
            36.0008797,
            -0.276482
          ],
          [
            36.0006978,
            -0.276361
          ],
          [
            35.9995554,
            -0.2755565
          ],
          [
            35.9987584,
            -0.2750313
          ],
          [
            35.9978759,
            -0.2744267
          ]
        ]
      },
      "id": "way/116645175"
    },
    {
      "type": "Feature",
      "properties": {
        "@id": "way/116645176",
        "highway": "residential",
        "noname": "yes",
        "surface": "unpaved"
      },
      "geometry": {
        "type": "LineString",
        "coordinates": [
          [
            36.0000887,
            -0.2699423
          ],
          [
            36.0004109,
            -0.2701591
          ],
          [
            36.0009125,
            -0.2705185
          ],
          [
            36.001801,
            -0.271117
          ],
          [
            36.0021595,
            -0.2713489
          ],
          [
            36.0025225,
            -0.2715927
          ],
          [
            36.0025714,
            -0.2715459
          ],
          [
            36.0029879,
            -0.2716052
          ],
          [
            36.0036989,
            -0.271684
          ],
          [
            36.0037845,
            -0.2716774
          ],
          [
            36.0044804,
            -0.2717725
          ],
          [
            36.0045952,
            -0.2717845
          ],
          [
            36.0045612,
            -0.2720465
          ],
          [
            36.0044395,
            -0.2728559
          ],
          [
            36.0059226,
            -0.2738476
          ],
          [
            36.005969,
            -0.2738713
          ]
        ]
      },
      "id": "way/116645176"
    },
    {
      "type": "Feature",
      "properties": {
        "@id": "way/117713350",
        "bicycle": "designated",
        "bicycle_road": "yes",
        "highway": "residential",
        "noname": "yes",
        "smoothness": "bad",
        "surface": "compacted"
      },
      "geometry": {
        "type": "LineString",
        "coordinates": [
          [
            36.0075268,
            -0.2918821
          ],
          [
            36.005889,
            -0.2851763
          ],
          [
            36.0058312,
            -0.28482
          ],
          [
            36.0058129,
            -0.2847314
          ],
          [
            36.0057949,
            -0.2846289
          ],
          [
            36.005767,
            -0.2842589
          ],
          [
            36.0057806,
            -0.2837444
          ],
          [
            36.0058447,
            -0.2833309
          ],
          [
            36.0059322,
            -0.2829169
          ],
          [
            36.0060526,
            -0.282525
          ],
          [
            36.0062447,
            -0.2819634
          ],
          [
            36.0064026,
            -0.2815446
          ],
          [
            36.0066712,
            -0.2805043
          ],
          [
            36.0068478,
            -0.2799782
          ],
          [
            36.0068482,
            -0.2798995
          ],
          [
            36.0068268,
            -0.2798337
          ],
          [
            36.0068093,
            -0.2797908
          ],
          [
            36.0067517,
            -0.2797372
          ],
          [
            36.0064083,
            -0.2796084
          ],
          [
            36.006344,
            -0.2795575
          ],
          [
            36.0063198,
            -0.2794904
          ],
          [
            36.0063547,
            -0.279351
          ],
          [
            36.0066873,
            -0.2783156
          ]
        ]
      },
      "id": "way/117713350"
    },
    {
      "type": "Feature",
      "properties": {
        "@id": "way/126821259",
        "highway": "unclassified",
        "surface": "asphalt"
      },
      "geometry": {
        "type": "LineString",
        "coordinates": [
          [
            35.9620406,
            -0.2055842
          ],
          [
            35.9621398,
            -0.2056123
          ],
          [
            35.9622377,
            -0.2056244
          ],
          [
            35.9624174,
            -0.2056177
          ],
          [
            35.9629552,
            -0.2055681
          ],
          [
            35.9638229,
            -0.2054983
          ],
          [
            35.964531,
            -0.205442
          ],
          [
            35.9653893,
            -0.2053763
          ],
          [
            35.9656428,
            -0.2053481
          ],
          [
            35.9657777,
            -0.2053317
          ],
          [
            35.9660049,
            -0.2053039
          ],
          [
            35.9663294,
            -0.2052529
          ],
          [
            35.9665467,
            -0.2052127
          ],
          [
            35.9667304,
            -0.2051698
          ],
          [
            35.9671663,
            -0.2050504
          ],
          [
            35.9674734,
            -0.2049404
          ],
          [
            35.9679709,
            -0.2047446
          ],
          [
            35.9682003,
            -0.2046508
          ],
          [
            35.9683746,
            -0.2045918
          ],
          [
            35.9686106,
            -0.2045341
          ],
          [
            35.9688641,
            -0.2044845
          ],
          [
            35.9691162,
            -0.2044483
          ],
          [
            35.9696594,
            -0.204408
          ],
          [
            35.9699893,
            -0.2043973
          ],
          [
            35.9706572,
            -0.2043839
          ],
          [
            35.9711534,
            -0.2043866
          ],
          [
            35.9714927,
            -0.2043933
          ],
          [
            35.9719513,
            -0.2044308
          ],
          [
            35.9724542,
            -0.2044845
          ],
          [
            35.9728445,
            -0.2045435
          ],
          [
            35.9730966,
            -0.204577
          ],
          [
            35.9736277,
            -0.2046575
          ],
          [
            35.9741896,
            -0.2047326
          ],
          [
            35.9750077,
            -0.2048493
          ],
          [
            35.97574,
            -0.2049552
          ],
          [
            35.9761584,
            -0.205033
          ],
          [
            35.9764481,
            -0.2050598
          ],
          [
            35.9765017,
            -0.2050671
          ],
          [
            35.9774968,
            -0.205202
          ],
          [
            35.978799,
            -0.2053937
          ],
          [
            35.9800731,
            -0.2055694
          ],
          [
            35.9811231,
            -0.2057196
          ],
          [
            35.9821115,
            -0.2058551
          ],
          [
            35.9830892,
            -0.2059999
          ],
          [
            35.9836525,
            -0.2060764
          ],
          [
            35.9839006,
            -0.2061005
          ],
          [
            35.9840776,
            -0.2061126
          ],
          [
            35.9842037,
            -0.2060911
          ],
          [
            35.9842908,
            -0.2060496
          ],
          [
            35.984374,
            -0.2060147
          ],
          [
            35.9845108,
            -0.2059235
          ],
          [
            35.9847361,
            -0.2057585
          ],
          [
            35.9851371,
            -0.2054434
          ],
          [
            35.9860182,
            -0.2047527
          ],
          [
            35.9871005,
            -0.2039413
          ],
          [
            35.9879842,
            -0.2032601
          ],
          [
            35.9889284,
            -0.2025023
          ],
          [
            35.9897304,
            -0.2017486
          ],
          [
            35.9906168,
            -0.2009212
          ]
        ]
      },
      "id": "way/126821259"
    },
    {
      "type": "Feature",
      "properties": {
        "@id": "way/127446353",
        "AUTO_ID": "7261",
        "highway": "trunk",
        "maxspeed": "80",
        "name": "Kisumu-Nakuru road",
        "oneway": "no",
        "ref": "A8",
        "smoothness": "good",
        "surface": "asphalt"
      },
      "geometry": {
        "type": "LineString",
        "coordinates": [
          [
            36.0075074,
            -0.2714841
          ],
          [
            36.0078782,
            -0.2718033
          ],
          [
            36.0082322,
            -0.2720876
          ],
          [
            36.0085246,
            -0.2723089
          ],
          [
            36.0087901,
            -0.2724873
          ],
          [
            36.0090463,
            -0.2726643
          ],
          [
            36.0093453,
            -0.2728386
          ],
          [
            36.0097021,
            -0.2730237
          ],
          [
            36.0100347,
            -0.2731846
          ],
          [
            36.0103056,
            -0.2732839
          ],
          [
            36.0104853,
            -0.273359
          ],
          [
            36.0107428,
            -0.2734475
          ],
          [
            36.0109788,
            -0.2735253
          ],
          [
            36.0112873,
            -0.2735923
          ],
          [
            36.0117137,
            -0.2736862
          ],
          [
            36.0121322,
            -0.273764
          ],
          [
            36.0122423,
            -0.2737742
          ],
          [
            36.0123923,
            -0.2737881
          ],
          [
            36.0126874,
            -0.2738176
          ],
          [
            36.0136101,
            -0.2738471
          ],
          [
            36.0144845,
            -0.2738284
          ],
          [
            36.0149404,
            -0.273831
          ],
          [
            36.0152623,
            -0.2738579
          ],
          [
            36.0155815,
            -0.2738981
          ],
          [
            36.0158738,
            -0.273941
          ],
          [
            36.0161608,
            -0.2739839
          ],
          [
            36.0164773,
            -0.2740563
          ],
          [
            36.0167804,
            -0.2741341
          ],
          [
            36.0171828,
            -0.2742575
          ],
          [
            36.0175261,
            -0.2743809
          ],
          [
            36.0177125,
            -0.2744492
          ],
          [
            36.0181014,
            -0.2746075
          ],
          [
            36.0196745,
            -0.2753733
          ],
          [
            36.0229179,
            -0.276859
          ],
          [
            36.0240412,
            -0.2773554
          ],
          [
            36.0251079,
            -0.2778556
          ],
          [
            36.0251849,
            -0.27789
          ],
          [
            36.0259894,
            -0.2782493
          ],
          [
            36.0261184,
            -0.2783069
          ]
        ]
      },
      "id": "way/127446353"
    },
    {
      "type": "Feature",
      "properties": {
        "@id": "way/127446355",
        "AUTO_ID": "7261",
        "bridge": "yes",
        "highway": "trunk",
        "layer": "1",
        "ref": "A8",
        "surface": "asphalt"
      },
      "geometry": {
        "type": "LineString",
        "coordinates": [
          [
            36.0073449,
            -0.2713404
          ],
          [
            36.0075074,
            -0.2714841
          ]
        ]
      },
      "id": "way/127446355"
    },
    {
      "type": "Feature",
      "properties": {
        "@id": "way/128130345",
        "highway": "primary",
        "lanes": "2",
        "maxspeed": "100",
        "name": "Nakuru-Marigat Road",
        "ref": "B17",
        "surface": "asphalt"
      },
      "geometry": {
        "type": "LineString",
        "coordinates": [
          [
            35.9650485,
            -0.0242593
          ],
          [
            35.9652257,
            -0.0248533
          ],
          [
            35.965341,
            -0.0252288
          ],
          [
            35.9654483,
            -0.02565
          ],
          [
            35.9655341,
            -0.0261784
          ],
          [
            35.9655771,
            -0.0266129
          ],
          [
            35.9656173,
            -0.02727
          ],
          [
            35.9656227,
            -0.0279003
          ],
          [
            35.9655824,
            -0.0285092
          ],
          [
            35.9655277,
            -0.0289196
          ],
          [
            35.9655127,
            -0.0290322
          ],
          [
            35.9654567,
            -0.0293333
          ],
          [
            35.9653974,
            -0.0296518
          ],
          [
            35.9652123,
            -0.0303277
          ],
          [
            35.964759,
            -0.0317922
          ],
          [
            35.9645962,
            -0.0323256
          ],
          [
            35.9643674,
            -0.033077
          ],
          [
            35.9639651,
            -0.034394
          ],
          [
            35.9633079,
            -0.0365639
          ],
          [
            35.9627902,
            -0.038196
          ],
          [
            35.9623195,
            -0.0395009
          ],
          [
            35.9618783,
            -0.0405791
          ],
          [
            35.9615242,
            -0.0413811
          ],
          [
            35.961079,
            -0.0423574
          ],
          [
            35.9603333,
            -0.0438219
          ],
          [
            35.9597969,
            -0.0447446
          ],
          [
            35.9595562,
            -0.0451427
          ],
          [
            35.9588501,
            -0.0462802
          ],
          [
            35.9585738,
            -0.0467053
          ],
          [
            35.9582949,
            -0.0470996
          ],
          [
            35.9580615,
            -0.0473973
          ],
          [
            35.9578182,
            -0.0476808
          ],
          [
            35.9574634,
            -0.0480799
          ],
          [
            35.9571066,
            -0.0484487
          ],
          [
            35.9566008,
            -0.0488754
          ],
          [
            35.9563286,
            -0.0491042
          ],
          [
            35.9562215,
            -0.0491944
          ],
          [
            35.955897,
            -0.0494438
          ],
          [
            35.9554745,
            -0.0497483
          ],
          [
            35.9549032,
            -0.0501667
          ],
          [
            35.9547938,
            -0.0502531
          ],
          [
            35.9541696,
            -0.050746
          ],
          [
            35.9537163,
            -0.0511417
          ],
          [
            35.952972,
            -0.0518417
          ],
          [
            35.9526582,
            -0.0521408
          ],
          [
            35.9524449,
            -0.0523701
          ],
          [
            35.9521678,
            -0.0526718
          ],
          [
            35.9519809,
            -0.052869
          ],
          [
            35.9518127,
            -0.0530736
          ],
          [
            35.9513225,
            -0.0536697
          ],
          [
            35.9508705,
            -0.0542852
          ],
          [
            35.9504816,
            -0.0548458
          ],
          [
            35.9498647,
            -0.0558221
          ],
          [
            35.9494758,
            -0.0565047
          ],
          [
            35.9487636,
            -0.0577667
          ],
          [
            35.9483975,
            -0.0584668
          ],
          [
            35.9479697,
            -0.0594029
          ],
          [
            35.9476197,
            -0.0601525
          ],
          [
            35.9472851,
            -0.0609324
          ],
          [
            35.9464153,
            -0.0629905
          ],
          [
            35.9460801,
            -0.0637641
          ],
          [
            35.9458011,
            -0.0644159
          ],
          [
            35.9454962,
            -0.0651861
          ],
          [
            35.9453076,
            -0.065639
          ],
          [
            35.9446451,
            -0.0673851
          ],
          [
            35.9442071,
            -0.0685438
          ],
          [
            35.9438255,
            -0.0695531
          ],
          [
            35.9432776,
            -0.0710106
          ],
          [
            35.942266,
            -0.0737017
          ],
          [
            35.941751,
            -0.0750643
          ],
          [
            35.941126,
            -0.0767541
          ],
          [
            35.9409651,
            -0.0771671
          ],
          [
            35.9408283,
            -0.0775453
          ],
          [
            35.9406567,
            -0.0780523
          ],
          [
            35.940485,
            -0.0785887
          ],
          [
            35.9402651,
            -0.0794255
          ],
          [
            35.9400237,
            -0.0805279
          ],
          [
            35.9397898,
            -0.0813978
          ],
          [
            35.9396374,
            -0.0819897
          ],
          [
            35.9394684,
            -0.0825932
          ],
          [
            35.9392753,
            -0.0832262
          ],
          [
            35.9390527,
            -0.0837949
          ],
          [
            35.9387416,
            -0.0846371
          ],
          [
            35.938527,
            -0.0852057
          ],
          [
            35.9380423,
            -0.0864356
          ],
          [
            35.9378591,
            -0.0869304
          ],
          [
            35.9374219,
            -0.0880971
          ],
          [
            35.9372811,
            -0.0884445
          ],
          [
            35.9372342,
            -0.0885786
          ],
          [
            35.9371537,
            -0.0887596
          ],
          [
            35.9370571,
            -0.0890936
          ],
          [
            35.9369928,
            -0.0892961
          ],
          [
            35.9369405,
            -0.0895294
          ],
          [
            35.9369203,
            -0.0896568
          ],
          [
            35.9368908,
            -0.0899063
          ],
          [
            35.9368774,
            -0.0901356
          ],
          [
            35.9368721,
            -0.0904655
          ],
          [
            35.9368747,
            -0.0910998
          ],
          [
            35.936919,
            -0.0917825
          ],
          [
            35.9369297,
            -0.0921405
          ],
          [
            35.9369311,
            -0.0924222
          ],
          [
            35.9369438,
            -0.0927911
          ],
          [
            35.9369163,
            -0.0930096
          ],
          [
            35.9368962,
            -0.093314
          ],
          [
            35.9368439,
            -0.0938746
          ],
          [
            35.936738,
            -0.0946189
          ],
          [
            35.9366883,
            -0.0949139
          ],
          [
            35.936628,
            -0.0952278
          ],
          [
            35.9363718,
            -0.096196
          ],
          [
            35.9362364,
            -0.0967177
          ],
          [
            35.9361787,
            -0.0970034
          ],
          [
            35.936113,
            -0.0973346
          ],
          [
            35.93605,
            -0.0976592
          ],
          [
            35.9359923,
            -0.0980561
          ],
          [
            35.9359655,
            -0.0983284
          ],
          [
            35.9359333,
            -0.098657
          ],
          [
            35.9358823,
            -0.0992108
          ],
          [
            35.9358689,
            -0.0995649
          ],
          [
            35.9358649,
            -0.100104
          ],
          [
            35.935889,
            -0.1005922
          ],
          [
            35.9359011,
            -0.1008993
          ],
          [
            35.9359547,
            -0.1014424
          ],
          [
            35.9359694,
            -0.1015553
          ],
          [
            35.9360218,
            -0.1019588
          ],
          [
            35.9361143,
            -0.1025046
          ],
          [
            35.9362377,
            -0.1030786
          ],
          [
            35.9363106,
            -0.1033763
          ],
          [
            35.9363276,
            -0.1034367
          ],
          [
            35.9364147,
            -0.1037384
          ],
          [
            35.9365167,
            -0.1040938
          ],
          [
            35.9366494,
            -0.1044961
          ],
          [
            35.9367742,
            -0.1048515
          ],
          [
            35.9368694,
            -0.105113
          ],
          [
            35.9370437,
            -0.1055341
          ],
          [
            35.9372932,
            -0.1060706
          ],
          [
            35.9376137,
            -0.1067452
          ],
          [
            35.9384599,
            -0.1085476
          ],
          [
            35.9389588,
            -0.1096004
          ],
          [
            35.9395449,
            -0.1108704
          ],
          [
            35.9397092,
            -0.1112364
          ],
          [
            35.9402892,
            -0.112528
          ],
          [
            35.9404246,
            -0.1128753
          ],
          [
            35.9406567,
            -0.1135258
          ],
          [
            35.9408981,
            -0.1142406
          ],
          [
            35.9410134,
            -0.1146469
          ],
          [
            35.9412387,
            -0.1155361
          ],
          [
            35.9412856,
            -0.1157332
          ],
          [
            35.9416088,
            -0.1171803
          ],
          [
            35.9416345,
            -0.1173068
          ],
          [
            35.941751,
            -0.1178803
          ],
          [
            35.9420008,
            -0.1191216
          ],
          [
            35.9420474,
            -0.1193528
          ],
          [
            35.9424967,
            -0.1214249
          ],
          [
            35.9429017,
            -0.1233413
          ],
          [
            35.943194,
            -0.1247065
          ],
          [
            35.9431927,
            -0.124972
          ],
          [
            35.9434463,
            -0.12587
          ],
          [
            35.943481,
            -0.1260235
          ],
          [
            35.943736,
            -0.1272101
          ],
          [
            35.9438945,
            -0.1279472
          ],
          [
            35.9441999,
            -0.1293682
          ],
          [
            35.9442539,
            -0.1296277
          ],
          [
            35.944393,
            -0.1302962
          ],
          [
            35.9447175,
            -0.1318117
          ],
          [
            35.9449401,
            -0.1328551
          ],
          [
            35.9450026,
            -0.1331504
          ],
          [
            35.9451762,
            -0.1339709
          ],
          [
            35.9454256,
            -0.1349418
          ],
          [
            35.9456483,
            -0.1356553
          ],
          [
            35.9459674,
            -0.1365672
          ],
          [
            35.9462035,
            -0.1371841
          ],
          [
            35.9464259,
            -0.1377153
          ],
          [
            35.9464797,
            -0.137844
          ],
          [
            35.9467962,
            -0.1385038
          ],
          [
            35.947094,
            -0.1390858
          ],
          [
            35.9473367,
            -0.1395431
          ],
          [
            35.9475566,
            -0.1399267
          ],
          [
            35.9477887,
            -0.1402955
          ],
          [
            35.9480783,
            -0.14073
          ],
          [
            35.9483117,
            -0.1411028
          ],
          [
            35.9485992,
            -0.1415075
          ],
          [
            35.9487717,
            -0.1417439
          ],
          [
            35.9490144,
            -0.1420631
          ],
          [
            35.949225,
            -0.1423313
          ],
          [
            35.949457,
            -0.1426089
          ],
          [
            35.9499331,
            -0.1431561
          ],
          [
            35.9504239,
            -0.1437287
          ],
          [
            35.9510729,
            -0.1444783
          ],
          [
            35.951246,
            -0.1446782
          ],
          [
            35.9515062,
            -0.1449706
          ],
          [
            35.9516859,
            -0.1451771
          ],
          [
            35.9519984,
            -0.1455392
          ],
          [
            35.9527226,
            -0.1463787
          ],
          [
            35.9534508,
            -0.1472276
          ],
          [
            35.9538102,
            -0.1476434
          ],
          [
            35.9541737,
            -0.1480631
          ],
          [
            35.9545639,
            -0.148495
          ],
          [
            35.9547678,
            -0.1487391
          ],
          [
            35.9549971,
            -0.1489965
          ],
          [
            35.9552371,
            -0.1492728
          ],
          [
            35.9555429,
            -0.1496282
          ],
          [
            35.9559144,
            -0.1500506
          ],
          [
            35.9563074,
            -0.1505066
          ],
          [
            35.9565903,
            -0.1508406
          ],
          [
            35.9567928,
            -0.151086
          ],
          [
            35.9570101,
            -0.1513408
          ],
          [
            35.957273,
            -0.1516895
          ],
          [
            35.9574567,
            -0.151888
          ],
          [
            35.9576592,
            -0.1521347
          ],
          [
            35.9579086,
            -0.1524499
          ],
          [
            35.9582023,
            -0.15282
          ],
          [
            35.9584706,
            -0.153166
          ],
          [
            35.958728,
            -0.1535093
          ],
          [
            35.9589399,
            -0.153795
          ],
          [
            35.959125,
            -0.1540485
          ],
          [
            35.9593382,
            -0.1543516
          ],
          [
            35.9595501,
            -0.1546292
          ],
          [
            35.9597392,
            -0.1548893
          ],
          [
            35.9599847,
            -0.1552139
          ],
          [
            35.9602636,
            -0.1556082
          ],
          [
            35.960556,
            -0.1560092
          ],
          [
            35.9608738,
            -0.1564557
          ],
          [
            35.9611031,
            -0.1567682
          ],
          [
            35.9612252,
            -0.1569372
          ],
          [
            35.9613365,
            -0.1570968
          ],
          [
            35.9614719,
            -0.1572872
          ],
          [
            35.9616409,
            -0.1575286
          ],
          [
            35.9619628,
            -0.1579725
          ],
          [
            35.9621693,
            -0.1582622
          ],
          [
            35.9624174,
            -0.1586055
          ],
          [
            35.9626226,
            -0.1588952
          ],
          [
            35.9631725,
            -0.1596489
          ],
          [
            35.9636231,
            -0.1602752
          ],
          [
            35.9640214,
            -0.160825
          ],
          [
            35.9645739,
            -0.1615828
          ],
          [
            35.9651586,
            -0.1623888
          ],
          [
            35.9653759,
            -0.1626878
          ],
          [
            35.9658506,
            -0.1633557
          ],
          [
            35.9662718,
            -0.1639324
          ],
          [
            35.9665628,
            -0.1643521
          ],
          [
            35.9668672,
            -0.1647652
          ],
          [
            35.9671073,
            -0.1650817
          ],
          [
            35.967458,
            -0.1655665
          ],
          [
            35.9675639,
            -0.1657046
          ],
          [
            35.967865,
            -0.1660795
          ],
          [
            35.9682298,
            -0.1665542
          ],
          [
            35.968384,
            -0.1667514
          ],
          [
            35.9685449,
            -0.1669525
          ],
          [
            35.9686723,
            -0.1671188
          ],
          [
            35.968781,
            -0.1672717
          ],
          [
            35.9689285,
            -0.1674621
          ],
          [
            35.9691095,
            -0.1676848
          ],
          [
            35.9693576,
            -0.1679758
          ],
          [
            35.9697331,
            -0.1684143
          ],
          [
            35.9700188,
            -0.1687442
          ],
          [
            35.9703836,
            -0.1691787
          ],
          [
            35.970802,
            -0.1696978
          ],
          [
            35.9710179,
            -0.1699552
          ],
          [
            35.971199,
            -0.1701725
          ],
          [
            35.9713398,
            -0.1703375
          ],
          [
            35.9714793,
            -0.1705118
          ],
          [
            35.9719688,
            -0.1710885
          ],
          [
            35.9726232,
            -0.1718676
          ],
          [
            35.9731583,
            -0.172498
          ],
          [
            35.9735043,
            -0.172915
          ],
          [
            35.9736559,
            -0.1731082
          ],
          [
            35.9737591,
            -0.1732369
          ],
          [
            35.9738812,
            -0.1734005
          ],
          [
            35.9740354,
            -0.1736097
          ],
          [
            35.9741588,
            -0.1737827
          ],
          [
            35.9742889,
            -0.1739826
          ],
          [
            35.9744069,
            -0.1741743
          ],
          [
            35.9745021,
            -0.1743299
          ],
          [
            35.9746,
            -0.1745163
          ],
          [
            35.97471,
            -0.1747228
          ],
          [
            35.9748816,
            -0.1750581
          ],
          [
            35.9749648,
            -0.1752271
          ],
          [
            35.9750372,
            -0.175384
          ],
          [
            35.9751204,
            -0.1755811
          ],
          [
            35.9751955,
            -0.1757649
          ],
          [
            35.9753162,
            -0.1761002
          ],
          [
            35.9754315,
            -0.1764247
          ],
          [
            35.9755348,
            -0.176772
          ],
          [
            35.9756139,
            -0.1770577
          ],
          [
            35.975748,
            -0.1775834
          ],
          [
            35.9760082,
            -0.1784954
          ],
          [
            35.9763059,
            -0.1795387
          ],
          [
            35.9766278,
            -0.180676
          ],
          [
            35.9768262,
            -0.1812848
          ],
          [
            35.9770408,
            -0.1818749
          ],
          [
            35.9771937,
            -0.1822451
          ],
          [
            35.9773198,
            -0.1825133
          ],
          [
            35.977419,
            -0.1827238
          ],
          [
            35.9776497,
            -0.1831865
          ],
          [
            35.9780467,
            -0.1838839
          ],
          [
            35.9783363,
            -0.1843828
          ],
          [
            35.9786394,
            -0.1848683
          ],
          [
            35.9794709,
            -0.1861691
          ],
          [
            35.9797364,
            -0.186609
          ],
          [
            35.9801227,
            -0.1872125
          ],
          [
            35.9808308,
            -0.1883712
          ],
          [
            35.981378,
            -0.1892563
          ],
          [
            35.9818795,
            -0.1900395
          ],
          [
            35.9826091,
            -0.191166
          ],
          [
            35.9830072,
            -0.1918211
          ],
          [
            35.9832904,
            -0.1922872
          ],
          [
            35.9839502,
            -0.1932447
          ],
          [
            35.984264,
            -0.1936712
          ],
          [
            35.9849104,
            -0.1944866
          ],
          [
            35.9853074,
            -0.1949774
          ],
          [
            35.9856936,
            -0.1954254
          ],
          [
            35.986509,
            -0.1963024
          ],
          [
            35.987708,
            -0.1975175
          ],
          [
            35.9888774,
            -0.1987727
          ],
          [
            35.9898511,
            -0.199741
          ],
          [
            35.9907697,
            -0.2006959
          ],
          [
            35.990883,
            -0.2008218
          ],
          [
            35.9915194,
            -0.2014952
          ],
          [
            35.9922758,
            -0.2023079
          ],
          [
            35.9935364,
            -0.2036329
          ],
          [
            35.9945503,
            -0.2046843
          ],
          [
            35.9952852,
            -0.2054514
          ],
          [
            35.9957412,
            -0.2059315
          ],
          [
            35.9962159,
            -0.206425
          ],
          [
            35.9965593,
            -0.2067737
          ],
          [
            35.9969991,
            -0.2072351
          ],
          [
            35.9975919,
            -0.2078546
          ],
          [
            35.9983,
            -0.2085788
          ],
          [
            35.9990108,
            -0.2093164
          ],
          [
            35.9995982,
            -0.2099548
          ],
          [
            36.0003331,
            -0.2106978
          ],
          [
            36.0009527,
            -0.2113656
          ],
          [
            36.0013068,
            -0.2117304
          ],
          [
            36.0017011,
            -0.2121408
          ],
          [
            36.002157,
            -0.2126048
          ],
          [
            36.0025647,
            -0.2130286
          ],
          [
            36.0029617,
            -0.2134497
          ],
          [
            36.003305,
            -0.2137957
          ],
          [
            36.0035464,
            -0.2140532
          ],
          [
            36.0038093,
            -0.2143295
          ],
          [
            36.0040319,
            -0.2145682
          ],
          [
            36.0042143,
            -0.2148042
          ],
          [
            36.0043752,
            -0.2150134
          ],
          [
            36.004563,
            -0.2152575
          ],
          [
            36.0047051,
            -0.2154587
          ],
          [
            36.0048205,
            -0.2156115
          ],
          [
            36.0049036,
            -0.2157215
          ],
          [
            36.0050377,
            -0.21592
          ],
          [
            36.0051933,
            -0.2161748
          ],
          [
            36.0055903,
            -0.2168614
          ],
          [
            36.0056627,
            -0.2170143
          ],
          [
            36.0058451,
            -0.217363
          ],
          [
            36.005998,
            -0.217701
          ],
          [
            36.0061482,
            -0.2180497
          ],
          [
            36.0062528,
            -0.218334
          ],
          [
            36.0063735,
            -0.2186612
          ],
          [
            36.0064968,
            -0.2190287
          ],
          [
            36.0065988,
            -0.2193612
          ],
          [
            36.0066685,
            -0.2195785
          ],
          [
            36.0067356,
            -0.2198762
          ],
          [
            36.0068187,
            -0.2202356
          ],
          [
            36.0068482,
            -0.2205012
          ],
          [
            36.0069796,
            -0.2211127
          ],
          [
            36.0070226,
            -0.2214721
          ],
          [
            36.0070601,
            -0.2217833
          ],
          [
            36.0070977,
            -0.2222553
          ],
          [
            36.0071138,
            -0.2225101
          ],
          [
            36.0071218,
            -0.2228293
          ],
          [
            36.0071218,
            -0.2233202
          ],
          [
            36.0070535,
            -0.2248625
          ],
          [
            36.0066551,
            -0.2346122
          ],
          [
            36.0065449,
            -0.2376621
          ],
          [
            36.0065317,
            -0.2384477
          ],
          [
            36.0065459,
            -0.2392312
          ],
          [
            36.0066068,
            -0.2400758
          ],
          [
            36.0066551,
            -0.2406079
          ],
          [
            36.0067034,
            -0.2410092
          ],
          [
            36.006761,
            -0.2413726
          ],
          [
            36.0068903,
            -0.2421153
          ],
          [
            36.0069421,
            -0.2423985
          ],
          [
            36.0069995,
            -0.2426604
          ],
          [
            36.0070829,
            -0.2430114
          ],
          [
            36.0071862,
            -0.2433883
          ],
          [
            36.007382,
            -0.2441071
          ],
          [
            36.0074137,
            -0.2442319
          ],
          [
            36.0077763,
            -0.245294
          ],
          [
            36.007964,
            -0.2457727
          ],
          [
            36.0081878,
            -0.246338
          ],
          [
            36.0083714,
            -0.246756
          ],
          [
            36.0085892,
            -0.2472175
          ],
          [
            36.0087875,
            -0.247602
          ],
          [
            36.0091013,
            -0.2481867
          ],
          [
            36.0096604,
            -0.2491442
          ],
          [
            36.0097305,
            -0.2492614
          ],
          [
            36.0099623,
            -0.249615
          ],
          [
            36.0102278,
            -0.2499972
          ],
          [
            36.0107364,
            -0.2507221
          ],
          [
            36.0109757,
            -0.2510745
          ],
          [
            36.0111386,
            -0.2513141
          ],
          [
            36.0112059,
            -0.2514033
          ],
          [
            36.0119176,
            -0.2523843
          ],
          [
            36.0121348,
            -0.2527089
          ],
          [
            36.0122582,
            -0.252902
          ],
          [
            36.0128642,
            -0.2537778
          ],
          [
            36.0133123,
            -0.2544013
          ],
          [
            36.013779,
            -0.2550491
          ],
          [
            36.013881,
            -0.2551979
          ],
          [
            36.0140231,
            -0.2554098
          ],
          [
            36.0141706,
            -0.2556244
          ],
          [
            36.01521,
            -0.2571613
          ],
          [
            36.0158658,
            -0.2580679
          ],
          [
            36.0161957,
            -0.2585587
          ],
          [
            36.0165122,
            -0.2589959
          ],
          [
            36.0167013,
            -0.2592601
          ],
          [
            36.0167657,
            -0.2593553
          ],
          [
            36.0169749,
            -0.2596557
          ],
          [
            36.0170124,
            -0.2597181
          ],
          [
            36.0172566,
            -0.2600634
          ],
          [
            36.01751,
            -0.2604067
          ],
          [
            36.0176656,
            -0.2606079
          ],
          [
            36.0178493,
            -0.2608466
          ],
          [
            36.0181765,
            -0.2612436
          ],
          [
            36.0182302,
            -0.2613133
          ],
          [
            36.0184273,
            -0.2615426
          ],
          [
            36.0187733,
            -0.2619302
          ],
          [
            36.019004,
            -0.2621609
          ],
          [
            36.0192159,
            -0.2623862
          ],
          [
            36.0193757,
            -0.2625392
          ],
          [
            36.0195625,
            -0.2627248
          ],
          [
            36.0199263,
            -0.2630833
          ],
          [
            36.020321,
            -0.2633987
          ],
          [
            36.0205261,
            -0.2635677
          ],
          [
            36.0206311,
            -0.2636645
          ],
          [
            36.0206836,
            -0.2636988
          ],
          [
            36.0208506,
            -0.2638185
          ],
          [
            36.0211296,
            -0.2640263
          ],
          [
            36.0214153,
            -0.2642355
          ],
          [
            36.0219219,
            -0.2645756
          ],
          [
            36.0222186,
            -0.2647747
          ],
          [
            36.0223077,
            -0.2648375
          ],
          [
            36.0226532,
            -0.2650393
          ],
          [
            36.02268,
            -0.2650549
          ],
          [
            36.0227838,
            -0.2651088
          ],
          [
            36.0230486,
            -0.2652463
          ],
          [
            36.0232873,
            -0.2653943
          ],
          [
            36.0237337,
            -0.2656174
          ],
          [
            36.0237675,
            -0.2656331
          ],
          [
            36.0237896,
            -0.2656434
          ],
          [
            36.0238379,
            -0.2656671
          ],
          [
            36.0239828,
            -0.2657262
          ],
          [
            36.0240707,
            -0.2657684
          ],
          [
            36.0243416,
            -0.2658945
          ],
          [
            36.024583,
            -0.265995
          ],
          [
            36.0246979,
            -0.266038
          ],
          [
            36.0249947,
            -0.2661667
          ],
          [
            36.0252495,
            -0.2662592
          ],
          [
            36.0256197,
            -0.266388
          ],
          [
            36.0260683,
            -0.2665627
          ],
          [
            36.0266438,
            -0.2667529
          ]
        ]
      },
      "id": "way/128130345"
    },
    {
      "type": "Feature",
      "properties": {
        "@id": "way/133902184",
        "AUTO_ID": "7257",
        "bicycle": "yes",
        "foot": "yes",
        "highway": "trunk",
        "lanes": "2",
        "lanes:backward": "1",
        "lanes:forward": "2",
        "maxspeed": "80",
        "name": "Nairobi Road",
        "ref": "A8",
        "source": "survey",
        "surface": "asphalt"
      },
      "geometry": {
        "type": "LineString",
        "coordinates": [
          [
            35.9385183,
            -0.2454609
          ],
          [
            35.9376821,
            -0.2453677
          ],
          [
            35.9367782,
            -0.2452739
          ],
          [
            35.9352875,
            -0.2451109
          ],
          [
            35.9344473,
            -0.2450244
          ],
          [
            35.9325349,
            -0.2448259
          ],
          [
            35.9314688,
            -0.2447062
          ],
          [
            35.9302175,
            -0.2445658
          ],
          [
            35.9301211,
            -0.2445556
          ],
          [
            35.9282327,
            -0.2443565
          ],
          [
            35.9277794,
            -0.2443109
          ],
          [
            35.9272751,
            -0.2442385
          ],
          [
            35.926803,
            -0.2441473
          ],
          [
            35.9265321,
            -0.2440669
          ],
          [
            35.9260735,
            -0.243922
          ],
          [
            35.9256202,
            -0.2437557
          ],
          [
            35.9250355,
            -0.2434956
          ],
          [
            35.9244186,
            -0.2432005
          ],
          [
            35.9229063,
            -0.2424299
          ],
          [
            35.9226027,
            -0.2422752
          ],
          [
            35.9217082,
            -0.2418259
          ],
          [
            35.9190595,
            -0.2405157
          ],
          [
            35.9182549,
            -0.2401106
          ],
          [
            35.9173402,
            -0.2396547
          ],
          [
            35.915633,
            -0.2388165
          ],
          [
            35.9141497,
            -0.2380843
          ],
          [
            35.9130232,
            -0.237525
          ],
          [
            35.9125525,
            -0.2372917
          ],
          [
            35.9118055,
            -0.2369242
          ],
          [
            35.9106454,
            -0.2363516
          ],
          [
            35.909531,
            -0.2357923
          ],
          [
            35.9083548,
            -0.2352116
          ],
          [
            35.9073088,
            -0.2347007
          ],
          [
            35.906775,
            -0.2344378
          ],
          [
            35.9061755,
            -0.2341374
          ],
          [
            35.904817,
            -0.2335111
          ],
          [
            35.9032908,
            -0.2327065
          ],
          [
            35.9032196,
            -0.2326706
          ],
          [
            35.902167,
            -0.2321405
          ],
          [
            35.9021137,
            -0.2321143
          ],
          [
            35.9011097,
            -0.2316209
          ],
          [
            35.8955998,
            -0.2289132
          ],
          [
            35.8949919,
            -0.2286145
          ],
          [
            35.8896866,
            -0.2259943
          ],
          [
            35.887455,
            -0.2248866
          ],
          [
            35.8861005,
            -0.2242133
          ],
          [
            35.8853145,
            -0.2238198
          ],
          [
            35.8842687,
            -0.2233028
          ],
          [
            35.8825054,
            -0.2224311
          ],
          [
            35.8823615,
            -0.2223599
          ],
          [
            35.8777807,
            -0.2200873
          ],
          [
            35.8772197,
            -0.2198065
          ],
          [
            35.8749506,
            -0.2186961
          ],
          [
            35.8732474,
            -0.2178485
          ],
          [
            35.872527,
            -0.2174868
          ],
          [
            35.8707107,
            -0.2165879
          ],
          [
            35.8699349,
            -0.216203
          ],
          [
            35.8689156,
            -0.2157054
          ],
          [
            35.8677837,
            -0.2151287
          ],
          [
            35.86679,
            -0.2146553
          ],
          [
            35.8664641,
            -0.2145118
          ],
          [
            35.8660215,
            -0.2143134
          ],
          [
            35.8657023,
            -0.2141739
          ],
          [
            35.864718,
            -0.2136777
          ],
          [
            35.8634627,
            -0.2130849
          ],
          [
            35.8625111,
            -0.2126117
          ],
          [
            35.8620009,
            -0.212358
          ],
          [
            35.8609629,
            -0.2118457
          ],
          [
            35.8602145,
            -0.2114595
          ],
          [
            35.8594286,
            -0.2110625
          ],
          [
            35.8588198,
            -0.2107648
          ],
          [
            35.8583611,
            -0.2105502
          ],
          [
            35.8572856,
            -0.2100165
          ],
          [
            35.8565533,
            -0.209649
          ],
          [
            35.8560088,
            -0.2093701
          ],
          [
            35.8555877,
            -0.2091475
          ],
          [
            35.8550325,
            -0.2088712
          ],
          [
            35.8549145,
            -0.2088202
          ],
          [
            35.854539,
            -0.2086352
          ],
          [
            35.8540159,
            -0.208383
          ],
          [
            35.8536029,
            -0.208198
          ],
          [
            35.8525099,
            -0.2076615
          ]
        ]
      },
      "id": "way/133902184"
    },
    {
      "type": "Feature",
      "properties": {
        "@id": "way/133902338",
        "AUTO_ID": "7257;7261",
        "highway": "trunk",
        "maxspeed": "80",
        "name": "Nakuru - Eldoret Road",
        "ref": "A8",
        "source": "survey",
        "surface": "asphalt"
      },
      "geometry": {
        "type": "LineString",
        "coordinates": [
          [
            35.9573159,
            -0.247484
          ],
          [
            35.9578684,
            -0.2475457
          ],
          [
            35.9585845,
            -0.2476449
          ],
          [
            35.9590325,
            -0.2477361
          ],
          [
            35.9596145,
            -0.2478917
          ],
          [
            35.962083,
            -0.2486667
          ],
          [
            35.966996,
            -0.2502091
          ],
          [
            35.9678605,
            -0.2504734
          ],
          [
            35.9703031,
            -0.2512203
          ],
          [
            35.9717212,
            -0.2516608
          ],
          [
            35.9765181,
            -0.2531252
          ],
          [
            35.9802816,
            -0.2542741
          ],
          [
            35.9812519,
            -0.2545703
          ],
          [
            35.9819332,
            -0.2547902
          ],
          [
            35.9827481,
            -0.2550429
          ],
          [
            35.9836366,
            -0.2553155
          ],
          [
            35.9869251,
            -0.2563245
          ],
          [
            35.9890696,
            -0.2569822
          ],
          [
            35.989686,
            -0.2571717
          ],
          [
            35.9900005,
            -0.2572682
          ],
          [
            35.9903864,
            -0.2573881
          ],
          [
            35.9907088,
            -0.2574882
          ],
          [
            35.9914718,
            -0.2577196
          ],
          [
            35.9917125,
            -0.2577996
          ],
          [
            35.9919861,
            -0.2578882
          ],
          [
            35.9928337,
            -0.2581456
          ],
          [
            35.9952009,
            -0.2588762
          ],
          [
            35.9963742,
            -0.2592239
          ],
          [
            35.9965888,
            -0.2592963
          ],
          [
            35.9968811,
            -0.2594036
          ],
          [
            35.9971735,
            -0.259535
          ],
          [
            35.9976017,
            -0.2597392
          ],
          [
            35.9981766,
            -0.2600741
          ],
          [
            35.998469,
            -0.260278
          ],
          [
            35.9987801,
            -0.2605113
          ],
          [
            35.9992656,
            -0.260911
          ],
          [
            35.9994668,
            -0.2611175
          ],
          [
            35.9997582,
            -0.2614239
          ],
          [
            36.0001883,
            -0.261949
          ],
          [
            36.0006201,
            -0.2625283
          ],
          [
            36.0008798,
            -0.2629112
          ],
          [
            36.0017359,
            -0.2641215
          ],
          [
            36.0028598,
            -0.2657872
          ],
          [
            36.003238,
            -0.2663344
          ],
          [
            36.0034539,
            -0.2666602
          ],
          [
            36.0039809,
            -0.2674126
          ],
          [
            36.0043001,
            -0.267882
          ],
          [
            36.0052101,
            -0.2692063
          ],
          [
            36.0054186,
            -0.2694779
          ],
          [
            36.0055568,
            -0.2696576
          ],
          [
            36.0058022,
            -0.2699365
          ],
          [
            36.0061187,
            -0.2702637
          ],
          [
            36.00647,
            -0.2706044
          ],
          [
            36.0073449,
            -0.2713404
          ]
        ]
      },
      "id": "way/133902338"
    },
    {
      "type": "Feature",
      "properties": {
        "@id": "way/138271805",
        "highway": "residential",
        "noname": "yes"
      },
      "geometry": {
        "type": "LineString",
        "coordinates": [
          [
            36.0059446,
            -0.2698682
          ],
          [
            36.0060892,
            -0.2698903
          ],
          [
            36.0061689,
            -0.269903
          ],
          [
            36.0062673,
            -0.2699193
          ],
          [
            36.0063937,
            -0.2699433
          ],
          [
            36.0065451,
            -0.2699714
          ],
          [
            36.007433,
            -0.2701052
          ],
          [
            36.0075081,
            -0.2701028
          ],
          [
            36.0075668,
            -0.2700588
          ],
          [
            36.0078342,
            -0.2692969
          ],
          [
            36.0081669,
            -0.2684381
          ],
          [
            36.0082491,
            -0.2682585
          ],
          [
            36.008604,
            -0.2672882
          ],
          [
            36.0087445,
            -0.2669107
          ],
          [
            36.0088276,
            -0.2666707
          ],
          [
            36.0091413,
            -0.2659041
          ],
          [
            36.0092383,
            -0.2657131
          ],
          [
            36.0093368,
            -0.2655907
          ],
          [
            36.0093729,
            -0.2655472
          ],
          [
            36.0096536,
            -0.2652094
          ],
          [
            36.0099858,
            -0.2648879
          ],
          [
            36.0100528,
            -0.2648477
          ],
          [
            36.0104022,
            -0.2645772
          ],
          [
            36.0113613,
            -0.2640354
          ],
          [
            36.0115526,
            -0.2639659
          ],
          [
            36.0116568,
            -0.2639055
          ],
          [
            36.0118399,
            -0.2638465
          ],
          [
            36.0121539,
            -0.2638305
          ]
        ]
      },
      "id": "way/138271805"
    },
    {
      "type": "Feature",
      "properties": {
        "@id": "way/150549458",
        "highway": "unclassified"
      },
      "geometry": {
        "type": "LineString",
        "coordinates": [
          [
            35.9404982,
            -0.2495822
          ],
          [
            35.9431592,
            -0.2516065
          ],
          [
            35.9441516,
            -0.2523307
          ],
          [
            35.9448437,
            -0.2528295
          ],
          [
            35.9466192,
            -0.2540902
          ],
          [
            35.9468948,
            -0.2542843
          ],
          [
            35.9487811,
            -0.2555976
          ],
          [
            35.9500819,
            -0.2565042
          ],
          [
            35.9514136,
            -0.2574377
          ],
          [
            35.9523271,
            -0.2580758
          ],
          [
            35.9539766,
            -0.259256
          ],
          [
            35.9553285,
            -0.2602189
          ],
          [
            35.9555454,
            -0.2604457
          ],
          [
            35.9568332,
            -0.2612703
          ],
          [
            35.9590011,
            -0.2627842
          ],
          [
            35.9596077,
            -0.2632082
          ],
          [
            35.9610872,
            -0.2642421
          ],
          [
            35.9622942,
            -0.2650951
          ],
          [
            35.9657515,
            -0.2675037
          ],
          [
            35.9679375,
            -0.2690567
          ],
          [
            35.9694208,
            -0.2701188
          ],
          [
            35.9708424,
            -0.2710468
          ],
          [
            35.9722182,
            -0.2720151
          ]
        ]
      },
      "id": "way/150549458"
    },
    {
      "type": "Feature",
      "properties": {
        "@id": "way/150549460",
        "highway": "tertiary",
        "name": "Menengai - Kabarak Road",
        "ref": "D369",
        "source": "LandSat",
        "surface": "paved"
      },
      "geometry": {
        "type": "LineString",
        "coordinates": [
          [
            35.9425154,
            -0.2454361
          ],
          [
            35.9425221,
            -0.2452618
          ],
          [
            35.9425651,
            -0.2451089
          ],
          [
            35.9426174,
            -0.2449466
          ],
          [
            35.9426489,
            -0.2448743
          ],
          [
            35.9427461,
            -0.2446516
          ],
          [
            35.9434596,
            -0.2431871
          ],
          [
            35.9441623,
            -0.2417602
          ],
          [
            35.9448945,
            -0.2402367
          ],
          [
            35.9454069,
            -0.2392094
          ],
          [
            35.9460828,
            -0.2378201
          ],
          [
            35.9469464,
            -0.2360123
          ],
          [
            35.9477001,
            -0.2344888
          ],
          [
            35.947817,
            -0.2342426
          ],
          [
            35.9483787,
            -0.2330592
          ],
          [
            35.9485933,
            -0.2326032
          ],
          [
            35.9489018,
            -0.23193
          ],
          [
            35.9495911,
            -0.2305942
          ],
          [
            35.950091,
            -0.2296732
          ],
          [
            35.9540009,
            -0.2215556
          ],
          [
            35.9541777,
            -0.221161
          ],
          [
            35.9552076,
            -0.2190635
          ],
          [
            35.9555241,
            -0.218401
          ],
          [
            35.9557902,
            -0.2178541
          ],
          [
            35.9561545,
            -0.2171055
          ],
          [
            35.9563897,
            -0.2165784
          ],
          [
            35.9570476,
            -0.2152629
          ],
          [
            35.9577208,
            -0.2138775
          ],
          [
            35.9577678,
            -0.213785
          ],
          [
            35.958142,
            -0.2130152
          ],
          [
            35.9585845,
            -0.2120684
          ],
          [
            35.9586238,
            -0.2119937
          ],
          [
            35.9593794,
            -0.2104625
          ],
          [
            35.9595099,
            -0.2101989
          ],
          [
            35.9596102,
            -0.2100011
          ],
          [
            35.959877,
            -0.2094747
          ],
          [
            35.9599015,
            -0.2094264
          ],
          [
            35.9604031,
            -0.2083804
          ],
          [
            35.9608229,
            -0.2075066
          ],
          [
            35.9610307,
            -0.2070741
          ],
          [
            35.9610763,
            -0.2069816
          ],
          [
            35.9617804,
            -0.2055506
          ],
          [
            35.9618437,
            -0.2054046
          ],
          [
            35.961885,
            -0.2052958
          ],
          [
            35.9619641,
            -0.2051094
          ],
          [
            35.9620992,
            -0.2048859
          ],
          [
            35.9622538,
            -0.2045502
          ],
          [
            35.9625301,
            -0.2040057
          ],
          [
            35.9627057,
            -0.2036385
          ],
          [
            35.9639785,
            -0.2009775
          ],
          [
            35.9646655,
            -0.1995736
          ],
          [
            35.9652686,
            -0.1983409
          ],
          [
            35.9661028,
            -0.1965948
          ],
          [
            35.9670469,
            -0.1946448
          ],
          [
            35.9671354,
            -0.1944653
          ],
          [
            35.9674224,
            -0.1938831
          ],
          [
            35.9674533,
            -0.1938067
          ],
          [
            35.9674747,
            -0.1937611
          ],
          [
            35.967519,
            -0.1937114
          ],
          [
            35.9675646,
            -0.1936846
          ],
          [
            35.9676075,
            -0.1936658
          ],
          [
            35.9677309,
            -0.1936122
          ]
        ]
      },
      "id": "way/150549460"
    },
    {
      "type": "Feature",
      "properties": {
        "@id": "way/216880165",
        "highway": "residential"
      },
      "geometry": {
        "type": "LineString",
        "coordinates": [
          [
            35.9625301,
            -0.2040057
          ],
          [
            35.9633855,
            -0.203947
          ],
          [
            35.9665507,
            -0.20373
          ],
          [
            35.9681466,
            -0.2036206
          ]
        ]
      },
      "id": "way/216880165"
    },
    {
      "type": "Feature",
      "properties": {
        "@id": "way/216880169",
        "highway": "unclassified",
        "lanes": "2",
        "maxspeed": "30",
        "name": "Chergei Road",
        "surface": "unpaved"
      },
      "geometry": {
        "type": "LineString",
        "coordinates": [
          [
            35.957273,
            -0.1516895
          ],
          [
            35.957171,
            -0.1517633
          ],
          [
            35.9570866,
            -0.1518397
          ],
          [
            35.9570262,
            -0.1519202
          ],
          [
            35.9569672,
            -0.1520207
          ],
          [
            35.9568934,
            -0.1521857
          ],
          [
            35.9567754,
            -0.1524646
          ],
          [
            35.9566762,
            -0.152706
          ],
          [
            35.9565635,
            -0.1529689
          ],
          [
            35.9564321,
            -0.1532505
          ],
          [
            35.9563141,
            -0.1535107
          ],
          [
            35.9561692,
            -0.1538272
          ],
          [
            35.9560378,
            -0.1541303
          ],
          [
            35.9559252,
            -0.1543905
          ],
          [
            35.9558098,
            -0.1546426
          ],
          [
            35.9556757,
            -0.1549618
          ],
          [
            35.9554719,
            -0.1554338
          ],
          [
            35.9552707,
            -0.1558845
          ],
          [
            35.9550427,
            -0.1563941
          ],
          [
            35.9548308,
            -0.1568769
          ],
          [
            35.9546136,
            -0.1573436
          ],
          [
            35.9543883,
            -0.1578639
          ],
          [
            35.9541388,
            -0.158454
          ],
          [
            35.9539108,
            -0.1589636
          ],
          [
            35.9537553,
            -0.1593177
          ],
          [
            35.9535876,
            -0.1596985
          ],
          [
            35.9534361,
            -0.1600271
          ],
          [
            35.9532738,
            -0.1603785
          ],
          [
            35.9531866,
            -0.1605796
          ],
          [
            35.9530847,
            -0.1607942
          ],
          [
            35.9529653,
            -0.1610624
          ],
          [
            35.9528473,
            -0.161324
          ],
          [
            35.9527347,
            -0.1615828
          ],
          [
            35.9525831,
            -0.1619422
          ],
          [
            35.9524383,
            -0.1622721
          ],
          [
            35.9522532,
            -0.1627147
          ],
          [
            35.9520762,
            -0.1631116
          ],
          [
            35.9519689,
            -0.1633718
          ],
          [
            35.9518656,
            -0.1635971
          ],
          [
            35.9517691,
            -0.1638291
          ],
          [
            35.9516631,
            -0.1640786
          ],
          [
            35.9515438,
            -0.1643548
          ],
          [
            35.9514298,
            -0.1645962
          ],
          [
            35.9513466,
            -0.1647853
          ],
          [
            35.9512742,
            -0.164957
          ],
          [
            35.9511025,
            -0.1653499
          ],
          [
            35.9509027,
            -0.1657925
          ],
          [
            35.9507606,
            -0.166109
          ],
          [
            35.950656,
            -0.1663423
          ],
          [
            35.9505487,
            -0.1665972
          ],
          [
            35.9504656,
            -0.1667844
          ],
          [
            35.9504333,
            -0.1668573
          ],
          [
            35.95031,
            -0.1671309
          ],
          [
            35.9501638,
            -0.1674689
          ],
          [
            35.9500069,
            -0.1678444
          ],
          [
            35.9498701,
            -0.1681649
          ],
          [
            35.9497655,
            -0.1684076
          ],
          [
            35.9496327,
            -0.1686879
          ],
          [
            35.949516,
            -0.168936
          ],
          [
            35.9494128,
            -0.1691587
          ],
          [
            35.9493135,
            -0.1693853
          ],
          [
            35.9492143,
            -0.1696227
          ],
          [
            35.9491365,
            -0.169801
          ],
          [
            35.9490708,
            -0.1699539
          ],
          [
            35.9490051,
            -0.1701149
          ],
          [
            35.9489018,
            -0.1703321
          ],
          [
            35.9487637,
            -0.1706553
          ],
          [
            35.9486523,
            -0.1709034
          ],
          [
            35.9485303,
            -0.1711851
          ],
          [
            35.94836,
            -0.171586
          ],
          [
            35.948254,
            -0.1718341
          ],
          [
            35.9481642,
            -0.1720514
          ],
          [
            35.9480851,
            -0.1722405
          ],
          [
            35.9480126,
            -0.1724014
          ],
          [
            35.9479268,
            -0.172612
          ],
          [
            35.9478303,
            -0.1728494
          ],
          [
            35.9477779,
            -0.1729902
          ],
          [
            35.9477149,
            -0.1731524
          ],
          [
            35.9476559,
            -0.1732879
          ],
          [
            35.9475848,
            -0.1734435
          ],
          [
            35.9475191,
            -0.1735923
          ],
          [
            35.9474105,
            -0.1738297
          ],
          [
            35.9472791,
            -0.1741234
          ],
          [
            35.9470994,
            -0.1745351
          ],
          [
            35.9466431,
            -0.1755123
          ],
          [
            35.9463631,
            -0.176135
          ],
          [
            35.9461659,
            -0.1766326
          ],
          [
            35.9455079,
            -0.178153
          ],
          [
            35.9450567,
            -0.1791954
          ],
          [
            35.9449522,
            -0.1794368
          ],
          [
            35.9446062,
            -0.18022
          ],
          [
            35.9442951,
            -0.1809268
          ],
          [
            35.9436031,
            -0.1825294
          ],
          [
            35.943123,
            -0.1836103
          ],
          [
            35.942659,
            -0.18471
          ],
          [
            35.9420581,
            -0.1860565
          ],
          [
            35.9417845,
            -0.1866921
          ],
          [
            35.941637,
            -0.1870435
          ],
          [
            35.9413822,
            -0.187635
          ],
          [
            35.9411516,
            -0.188162
          ],
          [
            35.9410003,
            -0.188508
          ],
          [
            35.9408806,
            -0.1887816
          ],
          [
            35.9406709,
            -0.1892513
          ],
          [
            35.9406339,
            -0.1893341
          ],
          [
            35.940422,
            -0.1898142
          ],
          [
            35.9401216,
            -0.1904741
          ],
          [
            35.9397756,
            -0.1912573
          ],
          [
            35.9392633,
            -0.1924562
          ],
          [
            35.9388958,
            -0.1932475
          ],
          [
            35.9386381,
            -0.193838
          ],
          [
            35.9386115,
            -0.1938992
          ],
          [
            35.9374956,
            -0.1964504
          ],
          [
            35.9373642,
            -0.1967507
          ],
          [
            35.936782,
            -0.1980818
          ],
          [
            35.9365677,
            -0.1985716
          ],
          [
            35.9364354,
            -0.1988723
          ],
          [
            35.9360674,
            -0.1998134
          ],
          [
            35.9356584,
            -0.200708
          ],
          [
            35.9355814,
            -0.2009153
          ],
          [
            35.9354853,
            -0.2010736
          ],
          [
            35.9353124,
            -0.201412
          ],
          [
            35.9349154,
            -0.2023508
          ],
          [
            35.9337652,
            -0.2049414
          ],
          [
            35.9337261,
            -0.2050306
          ],
          [
            35.9333739,
            -0.2058253
          ],
          [
            35.9331854,
            -0.2062507
          ],
          [
            35.93307,
            -0.206525
          ],
          [
            35.9328018,
            -0.2071627
          ],
          [
            35.9324317,
            -0.2080102
          ],
          [
            35.9320615,
            -0.2088524
          ],
          [
            35.931899,
            -0.2092173
          ],
          [
            35.931678,
            -0.2097135
          ]
        ]
      },
      "id": "way/216880169"
    },
    {
      "type": "Feature",
      "properties": {
        "@id": "way/239417738",
        "highway": "tertiary",
        "source": "Bing"
      },
      "geometry": {
        "type": "LineString",
        "coordinates": [
          [
            36.0109372,
            -0.156665
          ],
          [
            36.0109766,
            -0.1572388
          ],
          [
            36.0109976,
            -0.157408
          ],
          [
            36.0109762,
            -0.1589449
          ],
          [
            36.0110091,
            -0.1596959
          ],
          [
            36.0110137,
            -0.1598005
          ],
          [
            36.01118,
            -0.1611201
          ],
          [
            36.0112672,
            -0.1619126
          ],
          [
            36.0113785,
            -0.1630003
          ],
          [
            36.0114482,
            -0.1632283
          ],
          [
            36.0116494,
            -0.1643736
          ],
          [
            36.0117379,
            -0.1652453
          ],
          [
            36.0117732,
            -0.1654585
          ],
          [
            36.0118478,
            -0.1664844
          ],
          [
            36.0118934,
            -0.1670933
          ],
          [
            36.0118469,
            -0.1679031
          ],
          [
            36.0117777,
            -0.1685553
          ],
          [
            36.0117124,
            -0.1690474
          ],
          [
            36.011687,
            -0.1693022
          ],
          [
            36.0116547,
            -0.1694765
          ],
          [
            36.0116172,
            -0.1696495
          ],
          [
            36.0114911,
            -0.1702423
          ],
          [
            36.0110201,
            -0.1716171
          ],
          [
            36.0107066,
            -0.1725543
          ],
          [
            36.01015,
            -0.1742414
          ],
          [
            36.0099435,
            -0.1749375
          ],
          [
            36.0098309,
            -0.175325
          ],
          [
            36.0096921,
            -0.1757844
          ],
          [
            36.0096364,
            -0.1759688
          ],
          [
            36.0093668,
            -0.1767064
          ],
          [
            36.0093051,
            -0.1768888
          ],
          [
            36.0092434,
            -0.1770792
          ],
          [
            36.009159,
            -0.1774131
          ],
          [
            36.009104,
            -0.177676
          ],
          [
            36.0090651,
            -0.1779603
          ],
          [
            36.0090007,
            -0.17849
          ],
          [
            36.0089538,
            -0.1792652
          ],
          [
            36.0089363,
            -0.1796648
          ],
          [
            36.0088934,
            -0.180503
          ],
          [
            36.0088894,
            -0.1807873
          ],
          [
            36.0088807,
            -0.1809577
          ],
          [
            36.0088626,
            -0.1815343
          ],
          [
            36.0088009,
            -0.1825696
          ],
          [
            36.0087526,
            -0.1834306
          ],
          [
            36.0087151,
            -0.1842541
          ],
          [
            36.0086882,
            -0.1851097
          ],
          [
            36.00864,
            -0.1861584
          ],
          [
            36.0086131,
            -0.1869631
          ],
          [
            36.0085776,
            -0.1876571
          ],
          [
            36.0085608,
            -0.187985
          ],
          [
            36.0085099,
            -0.188968
          ],
          [
            36.0084897,
            -0.1898679
          ],
          [
            36.0084401,
            -0.1909783
          ],
          [
            36.0084012,
            -0.1917682
          ],
          [
            36.0083543,
            -0.1927218
          ],
          [
            36.0083208,
            -0.1935117
          ],
          [
            36.0082805,
            -0.1944223
          ],
          [
            36.008251,
            -0.1954656
          ],
          [
            36.0081987,
            -0.1969583
          ],
          [
            36.0081625,
            -0.1984295
          ],
          [
            36.0081142,
            -0.1997142
          ],
          [
            36.0080338,
            -0.2013209
          ],
          [
            36.0079667,
            -0.2027049
          ],
          [
            36.0078916,
            -0.2041667
          ],
          [
            36.007838,
            -0.2055641
          ],
          [
            36.0077763,
            -0.2072646
          ],
          [
            36.0076797,
            -0.2093755
          ],
          [
            36.0076449,
            -0.2105583
          ],
          [
            36.0076153,
            -0.2115722
          ],
          [
            36.0075697,
            -0.2125485
          ],
          [
            36.0075295,
            -0.2134471
          ],
          [
            36.0074705,
            -0.2146996
          ],
          [
            36.0074222,
            -0.2157524
          ],
          [
            36.0073807,
            -0.2165785
          ],
          [
            36.0073552,
            -0.2172839
          ],
          [
            36.007276,
            -0.21844
          ],
          [
            36.0072385,
            -0.2194377
          ],
          [
            36.0072318,
            -0.219777
          ],
          [
            36.0072103,
            -0.2199822
          ],
          [
            36.0071882,
            -0.2200761
          ],
          [
            36.00715,
            -0.2201847
          ],
          [
            36.0070923,
            -0.2203054
          ],
          [
            36.0070548,
            -0.2203577
          ],
          [
            36.0069998,
            -0.2204006
          ],
          [
            36.0068482,
            -0.2205012
          ]
        ]
      },
      "id": "way/239417738"
    },
    {
      "type": "Feature",
      "properties": {
        "@id": "way/254399628",
        "highway": "residential"
      },
      "geometry": {
        "type": "LineString",
        "coordinates": [
          [
            36.007382,
            -0.2441071
          ],
          [
            36.0077318,
            -0.2438258
          ],
          [
            36.0080542,
            -0.2435595
          ],
          [
            36.0079962,
            -0.2433467
          ],
          [
            36.0079426,
            -0.243167
          ],
          [
            36.0078352,
            -0.2427552
          ],
          [
            36.0077347,
            -0.242247
          ],
          [
            36.0076971,
            -0.2420257
          ],
          [
            36.0076626,
            -0.2418952
          ],
          [
            36.0073189,
            -0.2419967
          ],
          [
            36.0068903,
            -0.2421153
          ]
        ]
      },
      "id": "way/254399628"
    },
    {
      "type": "Feature",
      "properties": {
        "@id": "way/254401240",
        "highway": "residential"
      },
      "geometry": {
        "type": "LineString",
        "coordinates": [
          [
            35.9764481,
            -0.2050598
          ],
          [
            35.9765017,
            -0.2051225
          ],
          [
            35.9773305,
            -0.2060924
          ],
          [
            35.9788486,
            -0.207809
          ],
          [
            35.9798196,
            -0.2089436
          ],
          [
            35.9800853,
            -0.2092371
          ],
          [
            35.981563,
            -0.2108694
          ],
          [
            35.9807585,
            -0.2120226
          ],
          [
            35.9807067,
            -0.2121146
          ],
          [
            35.9806611,
            -0.2121938
          ],
          [
            35.9806363,
            -0.2122146
          ],
          [
            35.9806169,
            -0.2122206
          ],
          [
            35.9805894,
            -0.2122159
          ],
          [
            35.9805331,
            -0.2121837
          ]
        ]
      },
      "id": "way/254401240"
    },
    {
      "type": "Feature",
      "properties": {
        "@id": "way/254402920",
        "highway": "unclassified"
      },
      "geometry": {
        "type": "LineString",
        "coordinates": [
          [
            35.9506539,
            -0.2044007
          ],
          [
            35.9506845,
            -0.2043054
          ],
          [
            35.9506606,
            -0.2042136
          ],
          [
            35.9506586,
            -0.20417
          ],
          [
            35.9506593,
            -0.2041257
          ],
          [
            35.9506566,
            -0.2040915
          ],
          [
            35.9506586,
            -0.20406
          ],
          [
            35.9505641,
            -0.2040379
          ],
          [
            35.9502342,
            -0.2039702
          ],
          [
            35.9499492,
            -0.2038944
          ]
        ]
      },
      "id": "way/254402920"
    },
    {
      "type": "Feature",
      "properties": {
        "@id": "way/254402921",
        "highway": "unclassified"
      },
      "geometry": {
        "type": "LineString",
        "coordinates": [
          [
            35.961767,
            -0.2051564
          ],
          [
            35.9613526,
            -0.2051577
          ],
          [
            35.9607571,
            -0.2052006
          ],
          [
            35.9602287,
            -0.2052315
          ],
          [
            35.9601986,
            -0.2052339
          ],
          [
            35.9594549,
            -0.2052932
          ],
          [
            35.9584317,
            -0.2053642
          ],
          [
            35.9580843,
            -0.2053776
          ],
          [
            35.9577812,
            -0.2053884
          ],
          [
            35.9576079,
            -0.2053967
          ],
          [
            35.9575291,
            -0.2054004
          ],
          [
            35.957285,
            -0.2054192
          ],
          [
            35.9568652,
            -0.2054407
          ],
          [
            35.9563261,
            -0.205434
          ],
          [
            35.9556851,
            -0.2054045
          ],
          [
            35.9550487,
            -0.2053616
          ],
          [
            35.9549495,
            -0.2053582
          ],
          [
            35.9548536,
            -0.2053508
          ],
          [
            35.9547503,
            -0.2053401
          ],
          [
            35.9543976,
            -0.2052717
          ],
          [
            35.9538209,
            -0.2051658
          ],
          [
            35.9535836,
            -0.2051215
          ],
          [
            35.9532721,
            -0.2050536
          ],
          [
            35.9521808,
            -0.2048157
          ],
          [
            35.9519421,
            -0.204754
          ],
          [
            35.9518415,
            -0.2047205
          ],
          [
            35.9517047,
            -0.2046789
          ],
          [
            35.9515572,
            -0.2046333
          ],
          [
            35.9506539,
            -0.2044007
          ]
        ]
      },
      "id": "way/254402921"
    },
    {
      "type": "Feature",
      "properties": {
        "@id": "way/254402922",
        "highway": "unclassified"
      },
      "geometry": {
        "type": "LineString",
        "coordinates": [
          [
            35.9499492,
            -0.2038944
          ],
          [
            35.9499626,
            -0.2038394
          ],
          [
            35.9499814,
            -0.2037724
          ],
          [
            35.950027,
            -0.2036946
          ],
          [
            35.9501369,
            -0.2035283
          ],
          [
            35.950723,
            -0.2026767
          ],
          [
            35.951411,
            -0.2016802
          ],
          [
            35.9519742,
            -0.2008568
          ],
          [
            35.9523109,
            -0.2003754
          ],
          [
            35.9531048,
            -0.1992421
          ],
          [
            35.9533462,
            -0.1989055
          ]
        ]
      },
      "id": "way/254402922"
    },
    {
      "type": "Feature",
      "properties": {
        "@id": "way/254402925",
        "highway": "unclassified"
      },
      "geometry": {
        "type": "LineString",
        "coordinates": [
          [
            35.9411153,
            -0.1902809
          ],
          [
            35.943422,
            -0.1919439
          ],
          [
            35.9442889,
            -0.1925573
          ],
          [
            35.9453854,
            -0.1933333
          ],
          [
            35.9473407,
            -0.1947079
          ],
          [
            35.9488884,
            -0.1958116
          ],
          [
            35.9503555,
            -0.1968094
          ],
          [
            35.9514821,
            -0.197606
          ],
          [
            35.9533462,
            -0.1989055
          ],
          [
            35.9546846,
            -0.1998698
          ],
          [
            35.9557159,
            -0.2006074
          ],
          [
            35.9563027,
            -0.2010193
          ],
          [
            35.9565622,
            -0.2012015
          ],
          [
            35.9575586,
            -0.2018921
          ],
          [
            35.9586449,
            -0.2026391
          ],
          [
            35.9592672,
            -0.2030736
          ],
          [
            35.9602247,
            -0.2037469
          ],
          [
            35.9607182,
            -0.2041023
          ],
          [
            35.9607705,
            -0.2041264
          ],
          [
            35.9608175,
            -0.2041116
          ],
          [
            35.9608443,
            -0.2040768
          ],
          [
            35.961024,
            -0.2038689
          ],
          [
            35.9610535,
            -0.2038488
          ],
          [
            35.961087,
            -0.2038381
          ],
          [
            35.9611206,
            -0.2038381
          ],
          [
            35.9611514,
            -0.2038448
          ],
          [
            35.9611876,
            -0.2038716
          ],
          [
            35.9615614,
            -0.2041247
          ],
          [
            35.9617066,
            -0.204223
          ],
          [
            35.9620111,
            -0.204408
          ],
          [
            35.9622538,
            -0.2045502
          ]
        ]
      },
      "id": "way/254402925"
    },
    {
      "type": "Feature",
      "properties": {
        "@id": "way/352171952",
        "highway": "residential",
        "noname": "yes",
        "surface": "gravel"
      },
      "geometry": {
        "type": "LineString",
        "coordinates": [
          [
            36.0034539,
            -0.2666602
          ],
          [
            36.0036524,
            -0.2666126
          ],
          [
            36.0040133,
            -0.2665218
          ],
          [
            36.0055467,
            -0.2660942
          ],
          [
            36.0060231,
            -0.2659828
          ],
          [
            36.0065661,
            -0.2658266
          ],
          [
            36.0072511,
            -0.265628
          ],
          [
            36.0079855,
            -0.2654385
          ],
          [
            36.0086212,
            -0.2652691
          ],
          [
            36.0088572,
            -0.2651985
          ],
          [
            36.0089721,
            -0.2651696
          ]
        ]
      },
      "id": "way/352171952"
    },
    {
      "type": "Feature",
      "properties": {
        "@id": "way/493786984",
        "highway": "residential"
      },
      "geometry": {
        "type": "LineString",
        "coordinates": [
          [
            36.0103099,
            -0.2590836
          ],
          [
            36.0104138,
            -0.2588095
          ],
          [
            36.0105041,
            -0.2585614
          ],
          [
            36.0106804,
            -0.2579939
          ],
          [
            36.0110217,
            -0.2567737
          ],
          [
            36.0110577,
            -0.2566601
          ],
          [
            36.0116695,
            -0.2548774
          ],
          [
            36.0121982,
            -0.2531636
          ],
          [
            36.0121979,
            -0.2531206
          ],
          [
            36.0121778,
            -0.2530743
          ],
          [
            36.0120973,
            -0.2529583
          ],
          [
            36.0120007,
            -0.2528188
          ],
          [
            36.0117821,
            -0.2524809
          ],
          [
            36.0113141,
            -0.2517969
          ],
          [
            36.011121,
            -0.2515133
          ],
          [
            36.0111156,
            -0.2514891
          ],
          [
            36.011121,
            -0.2514677
          ],
          [
            36.0111458,
            -0.2514449
          ],
          [
            36.0112059,
            -0.2514033
          ]
        ]
      },
      "id": "way/493786984"
    },
    {
      "type": "Feature",
      "properties": {
        "@id": "way/493786986",
        "highway": "residential"
      },
      "geometry": {
        "type": "LineString",
        "coordinates": [
          [
            36.0074533,
            -0.223362
          ],
          [
            36.0075845,
            -0.2231177
          ],
          [
            36.0078993,
            -0.2229004
          ],
          [
            36.0113114,
            -0.2203724
          ],
          [
            36.0116923,
            -0.2200854
          ],
          [
            36.0120732,
            -0.2198119
          ],
          [
            36.0124916,
            -0.2195249
          ],
          [
            36.0129502,
            -0.2192218
          ],
          [
            36.0146119,
            -0.2181543
          ],
          [
            36.0147057,
            -0.2181221
          ],
          [
            36.0147554,
            -0.218114
          ],
          [
            36.0148251,
            -0.2181288
          ],
          [
            36.0148801,
            -0.218169
          ],
          [
            36.0149042,
            -0.2182267
          ],
          [
            36.0149203,
            -0.218338
          ],
          [
            36.0148694,
            -0.2186894
          ],
          [
            36.014872,
            -0.2187725
          ],
          [
            36.0148935,
            -0.218857
          ],
          [
            36.0149471,
            -0.2189267
          ],
          [
            36.0156029,
            -0.2192674
          ],
          [
            36.015788,
            -0.2193519
          ],
          [
            36.0159717,
            -0.2194135
          ],
          [
            36.0161675,
            -0.2194739
          ],
          [
            36.0163499,
            -0.2195329
          ],
          [
            36.0174711,
            -0.2199862
          ],
          [
            36.0179968,
            -0.220178
          ],
          [
            36.018229,
            -0.2202784
          ]
        ]
      },
      "id": "way/493786986"
    },
    {
      "type": "Feature",
      "properties": {
        "@id": "way/493786988",
        "highway": "unclassified"
      },
      "geometry": {
        "type": "LineString",
        "coordinates": [
          [
            36.0081522,
            -0.2245072
          ],
          [
            36.0174644,
            -0.224845
          ]
        ]
      },
      "id": "way/493786988"
    },
    {
      "type": "Feature",
      "properties": {
        "@id": "way/493786990",
        "highway": "track"
      },
      "geometry": {
        "type": "LineString",
        "coordinates": [
          [
            36.0082541,
            -0.2247696
          ],
          [
            36.012592,
            -0.2353741
          ],
          [
            36.0127154,
            -0.2356611
          ],
          [
            36.012828,
            -0.2359453
          ],
          [
            36.0147531,
            -0.2407474
          ]
        ]
      },
      "id": "way/493786990"
    },
    {
      "type": "Feature",
      "properties": {
        "@id": "way/494469448",
        "highway": "residential"
      },
      "geometry": {
        "type": "LineString",
        "coordinates": [
          [
            36.0176785,
            -0.2495781
          ],
          [
            36.0173812,
            -0.2493856
          ],
          [
            36.0170675,
            -0.2491628
          ],
          [
            36.0170272,
            -0.2491442
          ],
          [
            36.0169816,
            -0.2491282
          ],
          [
            36.0169038,
            -0.2491268
          ],
          [
            36.016826,
            -0.2491362
          ],
          [
            36.0165144,
            -0.2491858
          ],
          [
            36.0161553,
            -0.2492514
          ],
          [
            36.0158376,
            -0.2492851
          ],
          [
            36.0148723,
            -0.249391
          ],
          [
            36.0148117,
            -0.2493977
          ],
          [
            36.0139319,
            -0.2494829
          ],
          [
            36.0133659,
            -0.2495175
          ]
        ]
      },
      "id": "way/494469448"
    },
    {
      "type": "Feature",
      "properties": {
        "@id": "way/494469449",
        "highway": "residential",
        "smoothness": "intermediate",
        "surface": "compacted"
      },
      "geometry": {
        "type": "LineString",
        "coordinates": [
          [
            36.0164283,
            -0.2567567
          ],
          [
            36.0174014,
            -0.2566075
          ],
          [
            36.018202,
            -0.2565149
          ],
          [
            36.0188562,
            -0.2563858
          ],
          [
            36.0194487,
            -0.2563176
          ],
          [
            36.0199815,
            -0.2562441
          ],
          [
            36.0206214,
            -0.2561593
          ],
          [
            36.0211873,
            -0.2560884
          ],
          [
            36.0217439,
            -0.2560118
          ],
          [
            36.022297,
            -0.2559321
          ],
          [
            36.0235098,
            -0.2557637
          ]
        ]
      },
      "id": "way/494469449"
    },
    {
      "type": "Feature",
      "properties": {
        "@id": "way/494469453",
        "highway": "residential"
      },
      "geometry": {
        "type": "LineString",
        "coordinates": [
          [
            36.0128642,
            -0.2537778
          ],
          [
            36.0132628,
            -0.2536879
          ],
          [
            36.0136262,
            -0.2536396
          ],
          [
            36.0138804,
            -0.2536063
          ],
          [
            36.0144871,
            -0.2535269
          ],
          [
            36.015707,
            -0.2533685
          ],
          [
            36.0161395,
            -0.2533204
          ],
          [
            36.0162265,
            -0.2533089
          ],
          [
            36.0170567,
            -0.2531997
          ],
          [
            36.0184395,
            -0.2530163
          ],
          [
            36.0189316,
            -0.2529369
          ],
          [
            36.0194546,
            -0.2528622
          ],
          [
            36.0206984,
            -0.2526704
          ],
          [
            36.0207375,
            -0.2526742
          ],
          [
            36.020809,
            -0.2526811
          ],
          [
            36.0211286,
            -0.2526265
          ],
          [
            36.0217957,
            -0.2525341
          ],
          [
            36.0218588,
            -0.2524633
          ],
          [
            36.0218994,
            -0.2522763
          ]
        ]
      },
      "id": "way/494469453"
    },
    {
      "type": "Feature",
      "properties": {
        "@id": "way/494469454",
        "highway": "residential"
      },
      "geometry": {
        "type": "LineString",
        "coordinates": [
          [
            36.0081522,
            -0.2245072
          ],
          [
            36.0077492,
            -0.223657
          ],
          [
            36.007614,
            -0.2234663
          ],
          [
            36.0075442,
            -0.2234046
          ],
          [
            36.0074533,
            -0.223362
          ],
          [
            36.0071218,
            -0.2233202
          ]
        ]
      },
      "id": "way/494469454"
    },
    {
      "type": "Feature",
      "properties": {
        "@id": "way/494469455",
        "highway": "residential"
      },
      "geometry": {
        "type": "LineString",
        "coordinates": [
          [
            36.0167013,
            -0.2592601
          ],
          [
            36.0165558,
            -0.2591615
          ],
          [
            36.0164304,
            -0.2590388
          ],
          [
            36.016016,
            -0.2584943
          ],
          [
            36.0159087,
            -0.2583374
          ],
          [
            36.0158511,
            -0.2582462
          ],
          [
            36.0158041,
            -0.2581933
          ],
          [
            36.0157608,
            -0.2581511
          ]
        ]
      },
      "id": "way/494469455"
    },
    {
      "type": "Feature",
      "properties": {
        "@id": "way/494469458",
        "highway": "residential",
        "noname": "yes"
      },
      "geometry": {
        "type": "LineString",
        "coordinates": [
          [
            36.0117731,
            -0.2723255
          ],
          [
            36.0118344,
            -0.2723679
          ],
          [
            36.0126458,
            -0.272852
          ],
          [
            36.0126862,
            -0.2728599
          ],
          [
            36.0127276,
            -0.2728306
          ],
          [
            36.0130121,
            -0.2723418
          ],
          [
            36.0134849,
            -0.2715295
          ],
          [
            36.013596,
            -0.2713167
          ],
          [
            36.0138712,
            -0.2708023
          ],
          [
            36.0141691,
            -0.2702743
          ]
        ]
      },
      "id": "way/494469458"
    },
    {
      "type": "Feature",
      "properties": {
        "@id": "way/494469459",
        "highway": "residential",
        "noname": "yes"
      },
      "geometry": {
        "type": "LineString",
        "coordinates": [
          [
            36.0147196,
            -0.2705615
          ],
          [
            36.0140297,
            -0.2718244
          ],
          [
            36.0134057,
            -0.27299
          ]
        ]
      },
      "id": "way/494469459"
    },
    {
      "type": "Feature",
      "properties": {
        "@id": "way/494469461",
        "highway": "residential",
        "noname": "yes"
      },
      "geometry": {
        "type": "LineString",
        "coordinates": [
          [
            36.0134218,
            -0.2698143
          ],
          [
            36.0137346,
            -0.2692901
          ],
          [
            36.0138086,
            -0.2693089
          ],
          [
            36.0138863,
            -0.2692928
          ],
          [
            36.0139294,
            -0.2692364
          ],
          [
            36.0141304,
            -0.2688301
          ],
          [
            36.0145094,
            -0.268177
          ],
          [
            36.0145797,
            -0.2681113
          ],
          [
            36.0146239,
            -0.2681033
          ],
          [
            36.0146897,
            -0.2681234
          ],
          [
            36.0148259,
            -0.2681993
          ],
          [
            36.015575,
            -0.2686014
          ]
        ]
      },
      "id": "way/494469461"
    },
    {
      "type": "Feature",
      "properties": {
        "@id": "way/494469462",
        "highway": "residential",
        "noname": "yes"
      },
      "geometry": {
        "type": "LineString",
        "coordinates": [
          [
            36.0137346,
            -0.2692901
          ],
          [
            36.0130537,
            -0.268913
          ],
          [
            36.0128751,
            -0.2688127
          ],
          [
            36.012918,
            -0.2686102
          ],
          [
            36.0131112,
            -0.268297
          ],
          [
            36.0131448,
            -0.2682814
          ]
        ]
      },
      "id": "way/494469462"
    },
    {
      "type": "Feature",
      "properties": {
        "@id": "way/494469463",
        "highway": "residential",
        "noname": "yes"
      },
      "geometry": {
        "type": "LineString",
        "coordinates": [
          [
            36.0141304,
            -0.2688301
          ],
          [
            36.0131448,
            -0.2682814
          ]
        ]
      },
      "id": "way/494469463"
    },
    {
      "type": "Feature",
      "properties": {
        "@id": "way/494469464",
        "highway": "residential",
        "noname": "yes"
      },
      "geometry": {
        "type": "LineString",
        "coordinates": [
          [
            36.0155028,
            -0.2665256
          ],
          [
            36.016482,
            -0.2670825
          ],
          [
            36.0177487,
            -0.2677881
          ],
          [
            36.018528,
            -0.2682293
          ],
          [
            36.0191453,
            -0.2685749
          ],
          [
            36.0205597,
            -0.2693779
          ]
        ]
      },
      "id": "way/494469464"
    },
    {
      "type": "Feature",
      "properties": {
        "@id": "way/494469477",
        "highway": "residential",
        "name": "Nuru Road"
      },
      "geometry": {
        "type": "LineString",
        "coordinates": [
          [
            36.0017359,
            -0.2641215
          ],
          [
            36.0019063,
            -0.264009
          ],
          [
            36.0022835,
            -0.2638004
          ],
          [
            36.0027819,
            -0.2635568
          ],
          [
            36.0036591,
            -0.263055
          ],
          [
            36.0042517,
            -0.2627553
          ],
          [
            36.0047432,
            -0.2624962
          ],
          [
            36.0049719,
            -0.2623756
          ],
          [
            36.0054048,
            -0.2621497
          ],
          [
            36.0062251,
            -0.2617217
          ]
        ]
      },
      "id": "way/494469477"
    },
    {
      "type": "Feature",
      "properties": {
        "@id": "way/494469478",
        "highway": "residential"
      },
      "geometry": {
        "type": "LineString",
        "coordinates": [
          [
            36.0062251,
            -0.2617217
          ],
          [
            36.0056841,
            -0.2606991
          ],
          [
            36.0050921,
            -0.2595932
          ],
          [
            36.0041944,
            -0.2578798
          ]
        ]
      },
      "id": "way/494469478"
    },
    {
      "type": "Feature",
      "properties": {
        "@id": "way/494469480",
        "highway": "residential",
        "noname": "yes"
      },
      "geometry": {
        "type": "LineString",
        "coordinates": [
          [
            36.0049916,
            -0.265491
          ],
          [
            36.0055955,
            -0.2653093
          ],
          [
            36.0057062,
            -0.2652768
          ],
          [
            36.0062836,
            -0.265106
          ],
          [
            36.0069514,
            -0.2648714
          ],
          [
            36.008045,
            -0.2645266
          ],
          [
            36.0085729,
            -0.2643844
          ],
          [
            36.0091213,
            -0.2642168
          ],
          [
            36.0094915,
            -0.2640987
          ],
          [
            36.0096806,
            -0.2640331
          ],
          [
            36.0098441,
            -0.2639789
          ]
        ]
      },
      "id": "way/494469480"
    },
    {
      "type": "Feature",
      "properties": {
        "@id": "way/494469481",
        "highway": "residential",
        "noname": "yes"
      },
      "geometry": {
        "type": "LineString",
        "coordinates": [
          [
            36.0043001,
            -0.267882
          ],
          [
            36.0045442,
            -0.2678298
          ],
          [
            36.0075103,
            -0.2671859
          ],
          [
            36.0080083,
            -0.2670907
          ],
          [
            36.0080758,
            -0.2670842
          ],
          [
            36.0081317,
            -0.2670934
          ],
          [
            36.008604,
            -0.2672882
          ]
        ]
      },
      "id": "way/494469481"
    },
    {
      "type": "Feature",
      "properties": {
        "@id": "way/494469482",
        "highway": "residential"
      },
      "geometry": {
        "type": "LineString",
        "coordinates": [
          [
            36.0050921,
            -0.2595932
          ],
          [
            36.0058746,
            -0.259181
          ],
          [
            36.0066515,
            -0.2587751
          ]
        ]
      },
      "id": "way/494469482"
    },
    {
      "type": "Feature",
      "properties": {
        "@id": "way/494469483",
        "highway": "residential",
        "noname": "yes"
      },
      "geometry": {
        "type": "LineString",
        "coordinates": [
          [
            36.0113613,
            -0.2640354
          ],
          [
            36.0111401,
            -0.2627856
          ],
          [
            36.0123827,
            -0.2625452
          ],
          [
            36.0133845,
            -0.2623705
          ],
          [
            36.0134062,
            -0.2623459
          ],
          [
            36.0134163,
            -0.2623104
          ],
          [
            36.0133834,
            -0.2620563
          ],
          [
            36.0133905,
            -0.2620262
          ],
          [
            36.0134089,
            -0.2620107
          ],
          [
            36.0143879,
            -0.2618202
          ],
          [
            36.0147808,
            -0.2617317
          ],
          [
            36.0148553,
            -0.2616861
          ],
          [
            36.0149015,
            -0.2616197
          ]
        ]
      },
      "id": "way/494469483"
    },
    {
      "type": "Feature",
      "properties": {
        "@id": "way/494469484",
        "highway": "residential",
        "noname": "yes"
      },
      "geometry": {
        "type": "LineString",
        "coordinates": [
          [
            36.0111401,
            -0.2627856
          ],
          [
            36.0111217,
            -0.2627476
          ],
          [
            36.0111002,
            -0.2627329
          ],
          [
            36.0110781,
            -0.2627281
          ],
          [
            36.0107468,
            -0.262778
          ],
          [
            36.0106406,
            -0.2627963
          ],
          [
            36.0105365,
            -0.262837
          ],
          [
            36.0105208,
            -0.2628777
          ],
          [
            36.0105175,
            -0.2629092
          ],
          [
            36.0106623,
            -0.2636508
          ],
          [
            36.0106509,
            -0.2636876
          ]
        ]
      },
      "id": "way/494469484"
    },
    {
      "type": "Feature",
      "properties": {
        "@id": "way/494469485",
        "highway": "residential",
        "noname": "yes"
      },
      "geometry": {
        "type": "LineString",
        "coordinates": [
          [
            36.0078342,
            -0.2692969
          ],
          [
            36.0086954,
            -0.2697635
          ],
          [
            36.0089298,
            -0.269917
          ],
          [
            36.0089913,
            -0.2699419
          ],
          [
            36.0090664,
            -0.2698962
          ],
          [
            36.0093326,
            -0.2694162
          ],
          [
            36.0093666,
            -0.2693626
          ],
          [
            36.0094158,
            -0.2694075
          ],
          [
            36.0095717,
            -0.269523
          ],
          [
            36.0096726,
            -0.2695979
          ],
          [
            36.0099281,
            -0.2697951
          ],
          [
            36.0104428,
            -0.270199
          ]
        ]
      },
      "id": "way/494469485"
    },
    {
      "type": "Feature",
      "properties": {
        "@id": "way/494469486",
        "highway": "residential",
        "noname": "yes"
      },
      "geometry": {
        "type": "LineString",
        "coordinates": [
          [
            36.0088276,
            -0.2666707
          ],
          [
            36.0094068,
            -0.2672194
          ],
          [
            36.0099474,
            -0.2677207
          ],
          [
            36.0099636,
            -0.2677402
          ],
          [
            36.010209,
            -0.268
          ],
          [
            36.0105523,
            -0.2683272
          ],
          [
            36.010893,
            -0.2686652
          ]
        ]
      },
      "id": "way/494469486"
    },
    {
      "type": "Feature",
      "properties": {
        "@id": "way/494493432",
        "highway": "residential",
        "noname": "yes"
      },
      "geometry": {
        "type": "LineString",
        "coordinates": [
          [
            36.013596,
            -0.2713167
          ],
          [
            36.0123172,
            -0.2706272
          ],
          [
            36.0121027,
            -0.2705507
          ],
          [
            36.011939,
            -0.2704971
          ],
          [
            36.0114631,
            -0.2702606
          ]
        ]
      },
      "id": "way/494493432"
    },
    {
      "type": "Feature",
      "properties": {
        "@id": "way/494493433",
        "highway": "residential",
        "noname": "yes"
      },
      "geometry": {
        "type": "LineString",
        "coordinates": [
          [
            36.012292,
            -0.2699329
          ],
          [
            36.0138712,
            -0.2708023
          ]
        ]
      },
      "id": "way/494493433"
    },
    {
      "type": "Feature",
      "properties": {
        "@id": "way/494493434",
        "highway": "residential",
        "noname": "yes"
      },
      "geometry": {
        "type": "LineString",
        "coordinates": [
          [
            36.0115526,
            -0.2639659
          ],
          [
            36.0116959,
            -0.2641146
          ],
          [
            36.0117151,
            -0.2641806
          ],
          [
            36.0117164,
            -0.2642516
          ],
          [
            36.0116302,
            -0.2643828
          ],
          [
            36.0114565,
            -0.2646471
          ],
          [
            36.0113235,
            -0.2648398
          ]
        ]
      },
      "id": "way/494493434"
    },
    {
      "type": "Feature",
      "properties": {
        "@id": "way/494493436",
        "highway": "residential",
        "noname": "yes"
      },
      "geometry": {
        "type": "LineString",
        "coordinates": [
          [
            36.0113081,
            -0.2658312
          ],
          [
            36.0119203,
            -0.2665462
          ],
          [
            36.0119511,
            -0.2665597
          ],
          [
            36.011986,
            -0.2665503
          ],
          [
            36.0126163,
            -0.2660165
          ],
          [
            36.0126267,
            -0.2659922
          ],
          [
            36.0126109,
            -0.2659588
          ],
          [
            36.0124023,
            -0.2656788
          ]
        ]
      },
      "id": "way/494493436"
    },
    {
      "type": "Feature",
      "properties": {
        "@id": "way/494493437",
        "highway": "residential",
        "noname": "yes"
      },
      "geometry": {
        "type": "LineString",
        "coordinates": [
          [
            36.0072511,
            -0.265628
          ],
          [
            36.007346,
            -0.2662062
          ],
          [
            36.0075103,
            -0.2671859
          ]
        ]
      },
      "id": "way/494493437"
    },
    {
      "type": "Feature",
      "properties": {
        "@id": "way/494493438",
        "highway": "residential"
      },
      "geometry": {
        "type": "LineString",
        "coordinates": [
          [
            36.0075275,
            -0.2384879
          ],
          [
            36.0074946,
            -0.2384839
          ],
          [
            36.0074631,
            -0.2384926
          ],
          [
            36.0074269,
            -0.2385282
          ],
          [
            36.0069562,
            -0.2390451
          ],
          [
            36.0068931,
            -0.2390626
          ],
          [
            36.0068268,
            -0.2390478
          ],
          [
            36.0067805,
            -0.2389969
          ],
          [
            36.0067376,
            -0.2389238
          ],
          [
            36.0067349,
            -0.238846
          ],
          [
            36.0068241,
            -0.2355134
          ],
          [
            36.0068884,
            -0.2335017
          ],
          [
            36.0069716,
            -0.2317234
          ],
          [
            36.007103,
            -0.2289179
          ],
          [
            36.0072968,
            -0.2252024
          ],
          [
            36.0073163,
            -0.2248047
          ],
          [
            36.0073169,
            -0.224733
          ],
          [
            36.0073015,
            -0.2246847
          ],
          [
            36.007272,
            -0.2246291
          ]
        ]
      },
      "id": "way/494493438"
    },
    {
      "type": "Feature",
      "properties": {
        "@id": "way/494495290",
        "highway": "residential"
      },
      "geometry": {
        "type": "LineString",
        "coordinates": [
          [
            36.0034231,
            -0.2440758
          ],
          [
            36.0031521,
            -0.2437638
          ],
          [
            36.0027364,
            -0.2433346
          ],
          [
            36.0024816,
            -0.2430342
          ],
          [
            36.0022536,
            -0.2427821
          ],
          [
            36.001292,
            -0.2416905
          ],
          [
            36.0009114,
            -0.2412869
          ],
          [
            36.0006979,
            -0.2410414
          ],
          [
            36.0004973,
            -0.2408125
          ],
          [
            35.9997886,
            -0.2400007
          ],
          [
            35.9981604,
            -0.2382381
          ],
          [
            35.9971461,
            -0.2370815
          ],
          [
            35.9954636,
            -0.2352547
          ]
        ]
      },
      "id": "way/494495290"
    },
    {
      "type": "Feature",
      "properties": {
        "@id": "way/494495291",
        "highway": "residential"
      },
      "geometry": {
        "type": "LineString",
        "coordinates": [
          [
            35.9962355,
            -0.2401069
          ],
          [
            35.9967913,
            -0.2396466
          ],
          [
            35.9970514,
            -0.2394066
          ],
          [
            35.9971331,
            -0.2393324
          ]
        ]
      },
      "id": "way/494495291"
    },
    {
      "type": "Feature",
      "properties": {
        "@id": "way/494495292",
        "highway": "residential"
      },
      "geometry": {
        "type": "LineString",
        "coordinates": [
          [
            35.9942244,
            -0.2338689
          ],
          [
            35.9945825,
            -0.2335688
          ],
          [
            35.9949459,
            -0.2332805
          ],
          [
            35.9952557,
            -0.2330096
          ],
          [
            35.9957954,
            -0.2325253
          ],
          [
            35.9958847,
            -0.232449
          ],
          [
            35.9959356,
            -0.2324087
          ],
          [
            35.9959973,
            -0.2323564
          ],
          [
            35.9960429,
            -0.232402
          ],
          [
            35.996175,
            -0.2325288
          ],
          [
            35.996454,
            -0.2328231
          ],
          [
            35.9969965,
            -0.2334105
          ],
          [
            35.9974752,
            -0.2339738
          ],
          [
            35.9977408,
            -0.2342621
          ],
          [
            35.9979969,
            -0.2345693
          ],
          [
            35.998123,
            -0.2347034
          ],
          [
            35.9982987,
            -0.2348576
          ],
          [
            35.9984677,
            -0.2350346
          ],
          [
            35.9987372,
            -0.2353471
          ],
          [
            35.9989505,
            -0.2355831
          ],
          [
            35.9993085,
            -0.2359707
          ],
          [
            35.9995178,
            -0.2361975
          ],
          [
            35.99968,
            -0.2363784
          ],
          [
            36.0001051,
            -0.2368893
          ],
          [
            36.0014717,
            -0.2384048
          ],
          [
            36.001807,
            -0.238783
          ],
          [
            36.0026124,
            -0.2396866
          ],
          [
            36.0028088,
            -0.2399175
          ],
          [
            36.002999,
            -0.2401203
          ]
        ]
      },
      "id": "way/494495292"
    },
    {
      "type": "Feature",
      "properties": {
        "@id": "way/494495293",
        "highway": "residential"
      },
      "geometry": {
        "type": "LineString",
        "coordinates": [
          [
            36.0009114,
            -0.2412869
          ],
          [
            36.0015481,
            -0.2406927
          ]
        ]
      },
      "id": "way/494495293"
    },
    {
      "type": "Feature",
      "properties": {
        "@id": "way/494495294",
        "highway": "residential"
      },
      "geometry": {
        "type": "LineString",
        "coordinates": [
          [
            36.0049659,
            -0.241946
          ],
          [
            36.004842,
            -0.2418031
          ],
          [
            36.0047132,
            -0.2416757
          ],
          [
            36.0045791,
            -0.2415362
          ],
          [
            36.0044168,
            -0.2413646
          ],
          [
            36.0041946,
            -0.2411646
          ]
        ]
      },
      "id": "way/494495294"
    },
    {
      "type": "Feature",
      "properties": {
        "@id": "way/494495295",
        "highway": "path"
      },
      "geometry": {
        "type": "LineString",
        "coordinates": [
          [
            35.9988438,
            -0.2431381
          ],
          [
            35.9990941,
            -0.2435869
          ],
          [
            35.9991372,
            -0.2436853
          ],
          [
            35.9992708,
            -0.2438707
          ],
          [
            35.9994567,
            -0.2441157
          ],
          [
            35.9999677,
            -0.2447301
          ],
          [
            36.0012992,
            -0.2463515
          ],
          [
            36.002387,
            -0.2476589
          ],
          [
            36.0026644,
            -0.2478476
          ],
          [
            36.0028614,
            -0.2480148
          ],
          [
            36.0030529,
            -0.2481492
          ],
          [
            36.0032562,
            -0.2482421
          ],
          [
            36.003584,
            -0.2483659
          ],
          [
            36.0039675,
            -0.2482806
          ],
          [
            36.0043597,
            -0.2481996
          ],
          [
            36.0052485,
            -0.2478082
          ],
          [
            36.0061009,
            -0.2475997
          ]
        ]
      },
      "id": "way/494495295"
    },
    {
      "type": "Feature",
      "properties": {
        "@id": "way/494495296",
        "highway": "residential"
      },
      "geometry": {
        "type": "LineString",
        "coordinates": [
          [
            36.0036899,
            -0.2486883
          ],
          [
            36.0034713,
            -0.2486956
          ],
          [
            36.0032628,
            -0.2486762
          ],
          [
            36.0031568,
            -0.2486501
          ],
          [
            36.0030576,
            -0.2486138
          ],
          [
            36.0028866,
            -0.248528
          ],
          [
            36.0027217,
            -0.248422
          ],
          [
            36.002674,
            -0.2483999
          ],
          [
            36.0026345,
            -0.2484053
          ],
          [
            36.0026133,
            -0.2484251
          ],
          [
            36.0023917,
            -0.2487258
          ],
          [
            36.0021368,
            -0.2491032
          ],
          [
            36.0016246,
            -0.2498175
          ],
          [
            36.0014489,
            -0.2500669
          ],
          [
            36.0012072,
            -0.2504182
          ],
          [
            36.0010533,
            -0.2506436
          ],
          [
            36.0009393,
            -0.2508059
          ],
          [
            36.0008696,
            -0.2508971
          ],
          [
            36.0006443,
            -0.2511948
          ]
        ]
      },
      "id": "way/494495296"
    },
    {
      "type": "Feature",
      "properties": {
        "@id": "way/494495297",
        "highway": "residential"
      },
      "geometry": {
        "type": "LineString",
        "coordinates": [
          [
            35.989618,
            -0.2574181
          ],
          [
            35.9895522,
            -0.2575321
          ],
          [
            35.9894578,
            -0.2576862
          ],
          [
            35.9888908,
            -0.25867
          ],
          [
            35.9888358,
            -0.2587639
          ],
          [
            35.9887795,
            -0.258843
          ],
          [
            35.9887314,
            -0.258918
          ]
        ]
      },
      "id": "way/494495297"
    },
    {
      "type": "Feature",
      "properties": {
        "@id": "way/494495299",
        "highway": "residential"
      },
      "geometry": {
        "type": "LineString",
        "coordinates": [
          [
            35.9863696,
            -0.2581745
          ],
          [
            35.9864421,
            -0.2582273
          ],
          [
            35.9865339,
            -0.258281
          ],
          [
            35.9867021,
            -0.2583671
          ],
          [
            35.9868361,
            -0.2584274
          ],
          [
            35.987062,
            -0.258497
          ],
          [
            35.9875804,
            -0.2586436
          ],
          [
            35.9880204,
            -0.2587572
          ],
          [
            35.9880969,
            -0.2587713
          ],
          [
            35.9881479,
            -0.2587693
          ],
          [
            35.9881841,
            -0.2587418
          ],
          [
            35.9882551,
            -0.2586325
          ],
          [
            35.988317,
            -0.2585439
          ]
        ]
      },
      "id": "way/494495299"
    },
    {
      "type": "Feature",
      "properties": {
        "@id": "way/494495300",
        "highway": "residential",
        "name": "Main street"
      },
      "geometry": {
        "type": "LineString",
        "coordinates": [
          [
            35.9907194,
            -0.259965
          ],
          [
            35.9907523,
            -0.2600554
          ],
          [
            35.9907415,
            -0.2600996
          ],
          [
            35.9907169,
            -0.2601431
          ],
          [
            35.9896687,
            -0.2619007
          ],
          [
            35.9896619,
            -0.2619382
          ],
          [
            35.9896774,
            -0.261957
          ],
          [
            35.9898685,
            -0.2620201
          ],
          [
            35.9900227,
            -0.2620684
          ],
          [
            35.9901293,
            -0.2621012
          ],
          [
            35.9902285,
            -0.2621233
          ],
          [
            35.9902789,
            -0.2621367
          ],
          [
            35.9903191,
            -0.2621656
          ],
          [
            35.9903513,
            -0.2622239
          ],
          [
            35.9903486,
            -0.2622936
          ],
          [
            35.9903368,
            -0.2623475
          ],
          [
            35.9902176,
            -0.2625418
          ],
          [
            35.9899249,
            -0.2630185
          ],
          [
            35.9898952,
            -0.2630629
          ],
          [
            35.9890566,
            -0.2643187
          ]
        ]
      },
      "id": "way/494495300"
    },
    {
      "type": "Feature",
      "properties": {
        "@id": "way/494495302",
        "highway": "path"
      },
      "geometry": {
        "type": "LineString",
        "coordinates": [
          [
            35.9896619,
            -0.2619382
          ],
          [
            35.9891543,
            -0.2617621
          ],
          [
            35.9891181,
            -0.2617478
          ],
          [
            35.9890853,
            -0.2617237
          ],
          [
            35.9889994,
            -0.2616513
          ]
        ]
      },
      "id": "way/494495302"
    },
    {
      "type": "Feature",
      "properties": {
        "@id": "way/494495304",
        "highway": "residential",
        "noname": "yes"
      },
      "geometry": {
        "type": "LineString",
        "coordinates": [
          [
            35.9959079,
            -0.2671659
          ],
          [
            35.9979445,
            -0.2685896
          ]
        ]
      },
      "id": "way/494495304"
    },
    {
      "type": "Feature",
      "properties": {
        "@id": "way/494495305",
        "highway": "residential",
        "noname": "yes"
      },
      "geometry": {
        "type": "LineString",
        "coordinates": [
          [
            35.9993638,
            -0.2665306
          ],
          [
            36.0004108,
            -0.2672203
          ],
          [
            36.0014372,
            -0.2679312
          ]
        ]
      },
      "id": "way/494495305"
    },
    {
      "type": "Feature",
      "properties": {
        "@id": "way/494548985",
        "highway": "path"
      },
      "geometry": {
        "type": "LineString",
        "coordinates": [
          [
            36.0186757,
            -0.2547377
          ],
          [
            36.0183792,
            -0.2547836
          ],
          [
            36.0182664,
            -0.2547969
          ],
          [
            36.0180749,
            -0.2548262
          ],
          [
            36.0172773,
            -0.2549505
          ],
          [
            36.0167456,
            -0.2550155
          ],
          [
            36.0162843,
            -0.2550879
          ],
          [
            36.0151362,
            -0.2552543
          ],
          [
            36.0140231,
            -0.2554098
          ]
        ]
      },
      "id": "way/494548985"
    },
    {
      "type": "Feature",
      "properties": {
        "@id": "way/494548986",
        "highway": "residential"
      },
      "geometry": {
        "type": "LineString",
        "coordinates": [
          [
            36.0161395,
            -0.2533204
          ],
          [
            36.0161675,
            -0.2536798
          ],
          [
            36.0162119,
            -0.2541317
          ],
          [
            36.0162493,
            -0.2545837
          ],
          [
            36.0162843,
            -0.2550879
          ],
          [
            36.0163137,
            -0.2554313
          ],
          [
            36.0163159,
            -0.255839
          ],
          [
            36.0163635,
            -0.256415
          ],
          [
            36.0164055,
            -0.2566102
          ],
          [
            36.0164283,
            -0.2567567
          ]
        ]
      },
      "id": "way/494548986"
    },
    {
      "type": "Feature",
      "properties": {
        "@id": "way/494548989",
        "highway": "residential",
        "noname": "yes"
      },
      "geometry": {
        "type": "LineString",
        "coordinates": [
          [
            36.008045,
            -0.2645266
          ],
          [
            36.007862,
            -0.2639188
          ],
          [
            36.0078499,
            -0.2638787
          ],
          [
            36.0076797,
            -0.2633115
          ],
          [
            36.0076435,
            -0.2632659
          ],
          [
            36.0076113,
            -0.263215
          ],
          [
            36.0075331,
            -0.2629716
          ],
          [
            36.0072558,
            -0.2621089
          ]
        ]
      },
      "id": "way/494548989"
    },
    {
      "type": "Feature",
      "properties": {
        "@id": "way/494548990",
        "highway": "residential",
        "noname": "yes"
      },
      "geometry": {
        "type": "LineString",
        "coordinates": [
          [
            36.0069514,
            -0.2648714
          ],
          [
            36.0068563,
            -0.2645158
          ],
          [
            36.0067651,
            -0.2643549
          ],
          [
            36.0066926,
            -0.2642798
          ],
          [
            36.0060853,
            -0.2626396
          ]
        ]
      },
      "id": "way/494548990"
    },
    {
      "type": "Feature",
      "properties": {
        "@id": "way/494548991",
        "highway": "residential",
        "noname": "yes"
      },
      "geometry": {
        "type": "LineString",
        "coordinates": [
          [
            36.0049916,
            -0.265491
          ],
          [
            36.0046357,
            -0.2641124
          ],
          [
            36.0042517,
            -0.2627553
          ]
        ]
      },
      "id": "way/494548991"
    },
    {
      "type": "Feature",
      "properties": {
        "@id": "way/494548992",
        "highway": "residential"
      },
      "geometry": {
        "type": "LineString",
        "coordinates": [
          [
            36.0041944,
            -0.2578798
          ],
          [
            36.0040721,
            -0.2576173
          ],
          [
            36.0039689,
            -0.2574483
          ],
          [
            36.0038562,
            -0.2573169
          ],
          [
            36.0037129,
            -0.2571832
          ],
          [
            36.0036081,
            -0.2570781
          ],
          [
            36.0034801,
            -0.2569366
          ],
          [
            36.0033949,
            -0.2568113
          ],
          [
            36.0033412,
            -0.2566879
          ],
          [
            36.0032862,
            -0.2565699
          ],
          [
            36.0032406,
            -0.2564505
          ],
          [
            36.0032138,
            -0.2563325
          ],
          [
            36.0032018,
            -0.2562869
          ],
          [
            36.0031649,
            -0.2562574
          ],
          [
            36.0031226,
            -0.2562386
          ]
        ]
      },
      "id": "way/494548992"
    },
    {
      "type": "Feature",
      "properties": {
        "@id": "way/494548993",
        "highway": "residential"
      },
      "geometry": {
        "type": "LineString",
        "coordinates": [
          [
            35.9933471,
            -0.253721
          ],
          [
            35.9930046,
            -0.2535436
          ],
          [
            35.9928296,
            -0.2534455
          ],
          [
            35.9926309,
            -0.253336
          ],
          [
            35.9919175,
            -0.2529576
          ],
          [
            35.9913168,
            -0.252617
          ],
          [
            35.9908465,
            -0.252376
          ]
        ]
      },
      "id": "way/494548993"
    },
    {
      "type": "Feature",
      "properties": {
        "@id": "way/494548994",
        "highway": "residential"
      },
      "geometry": {
        "type": "LineString",
        "coordinates": [
          [
            35.9890696,
            -0.2569822
          ],
          [
            35.989131,
            -0.256754
          ],
          [
            35.9892422,
            -0.2563405
          ],
          [
            35.989446,
            -0.2556287
          ],
          [
            35.989636,
            -0.2549216
          ],
          [
            35.9897532,
            -0.254513
          ]
        ]
      },
      "id": "way/494548994"
    },
    {
      "type": "Feature",
      "properties": {
        "@id": "way/494548995",
        "highway": "residential"
      },
      "geometry": {
        "type": "LineString",
        "coordinates": [
          [
            35.9930046,
            -0.2535436
          ],
          [
            35.9941896,
            -0.2513552
          ],
          [
            35.995375,
            -0.2491834
          ],
          [
            35.9966011,
            -0.2468742
          ],
          [
            35.9969254,
            -0.2462944
          ],
          [
            35.9972298,
            -0.2457473
          ],
          [
            35.9977047,
            -0.2448811
          ],
          [
            35.9982008,
            -0.2439582
          ],
          [
            35.9987257,
            -0.2430387
          ]
        ]
      },
      "id": "way/494548995"
    },
    {
      "type": "Feature",
      "properties": {
        "@id": "way/494548996",
        "highway": "path"
      },
      "geometry": {
        "type": "LineString",
        "coordinates": [
          [
            35.9966011,
            -0.2468742
          ],
          [
            35.9943874,
            -0.245788
          ],
          [
            35.9900981,
            -0.2434237
          ]
        ]
      },
      "id": "way/494548996"
    },
    {
      "type": "Feature",
      "properties": {
        "@id": "way/494548997",
        "highway": "residential"
      },
      "geometry": {
        "type": "LineString",
        "coordinates": [
          [
            35.9905109,
            -0.2553079
          ],
          [
            35.9903212,
            -0.2559014
          ],
          [
            35.9901351,
            -0.2566298
          ],
          [
            35.9900609,
            -0.2569177
          ],
          [
            35.9900174,
            -0.2570485
          ]
        ]
      },
      "id": "way/494548997"
    },
    {
      "type": "Feature",
      "properties": {
        "@id": "way/494548998",
        "highway": "residential"
      },
      "geometry": {
        "type": "LineString",
        "coordinates": [
          [
            35.9914979,
            -0.2546856
          ],
          [
            35.9912408,
            -0.255545
          ],
          [
            35.9910923,
            -0.2561041
          ],
          [
            35.9910125,
            -0.2564076
          ],
          [
            35.9907547,
            -0.2572619
          ]
        ]
      },
      "id": "way/494548998"
    },
    {
      "type": "Feature",
      "properties": {
        "@id": "way/494548999",
        "highway": "residential"
      },
      "geometry": {
        "type": "LineString",
        "coordinates": [
          [
            35.9877415,
            -0.2478218
          ],
          [
            35.9886303,
            -0.2461422
          ],
          [
            35.9888372,
            -0.2457513
          ],
          [
            35.9894273,
            -0.2446784
          ],
          [
            35.9900981,
            -0.2434237
          ],
          [
            35.990712,
            -0.2423449
          ],
          [
            35.9912605,
            -0.2412868
          ]
        ]
      },
      "id": "way/494548999"
    },
    {
      "type": "Feature",
      "properties": {
        "@id": "way/494549000",
        "highway": "path"
      },
      "geometry": {
        "type": "LineString",
        "coordinates": [
          [
            35.9924179,
            -0.2390807
          ],
          [
            35.9880606,
            -0.2367902
          ]
        ]
      },
      "id": "way/494549000"
    },
    {
      "type": "Feature",
      "properties": {
        "@id": "way/494549001",
        "highway": "residential"
      },
      "geometry": {
        "type": "LineString",
        "coordinates": [
          [
            35.9912605,
            -0.2412868
          ],
          [
            35.9890571,
            -0.2401106
          ],
          [
            35.986906,
            -0.2389332
          ],
          [
            35.9859203,
            -0.2383954
          ],
          [
            35.9849188,
            -0.237864
          ],
          [
            35.9847104,
            -0.2377519
          ],
          [
            35.9836256,
            -0.2371683
          ],
          [
            35.9819466,
            -0.2362376
          ],
          [
            35.9804421,
            -0.2354315
          ],
          [
            35.980403,
            -0.235394
          ],
          [
            35.9803238,
            -0.2353377
          ],
          [
            35.9802675,
            -0.2353055
          ],
          [
            35.9802067,
            -0.2352793
          ],
          [
            35.9760628,
            -0.2329927
          ]
        ]
      },
      "id": "way/494549001"
    },
    {
      "type": "Feature",
      "properties": {
        "@id": "way/494549002",
        "highway": "residential"
      },
      "geometry": {
        "type": "LineString",
        "coordinates": [
          [
            35.9854026,
            -0.2521416
          ],
          [
            35.9843177,
            -0.2515555
          ],
          [
            35.9836471,
            -0.2511921
          ],
          [
            35.9832099,
            -0.2509306
          ],
          [
            35.9821799,
            -0.250362
          ],
          [
            35.9811173,
            -0.2497994
          ],
          [
            35.9800647,
            -0.2492946
          ],
          [
            35.9799531,
            -0.2492367
          ],
          [
            35.9788484,
            -0.2486584
          ],
          [
            35.9770832,
            -0.2477194
          ],
          [
            35.974614,
            -0.2462729
          ]
        ]
      },
      "id": "way/494549002"
    },
    {
      "type": "Feature",
      "properties": {
        "@id": "way/494549003",
        "highway": "residential"
      },
      "geometry": {
        "type": "LineString",
        "coordinates": [
          [
            35.9811173,
            -0.2497994
          ],
          [
            35.9813565,
            -0.2493266
          ],
          [
            35.9815373,
            -0.2489798
          ],
          [
            35.9820229,
            -0.2480419
          ],
          [
            35.9822242,
            -0.2476863
          ],
          [
            35.9830007,
            -0.2462368
          ],
          [
            35.9834594,
            -0.2454053
          ],
          [
            35.9846018,
            -0.2432436
          ]
        ]
      },
      "id": "way/494549003"
    },
    {
      "type": "Feature",
      "properties": {
        "@id": "way/494549004",
        "highway": "residential"
      },
      "geometry": {
        "type": "LineString",
        "coordinates": [
          [
            35.9841675,
            -0.2284611
          ],
          [
            35.9833212,
            -0.2300833
          ],
          [
            35.9827854,
            -0.2310859
          ],
          [
            35.9823422,
            -0.2319152
          ],
          [
            35.9804421,
            -0.2354315
          ],
          [
            35.9780677,
            -0.239793
          ],
          [
            35.9769228,
            -0.2419411
          ],
          [
            35.974614,
            -0.2462729
          ],
          [
            35.9717212,
            -0.2516608
          ]
        ]
      },
      "id": "way/494549004"
    },
    {
      "type": "Feature",
      "properties": {
        "@id": "way/494549005",
        "highway": "residential"
      },
      "geometry": {
        "type": "LineString",
        "coordinates": [
          [
            35.9489018,
            -0.23193
          ],
          [
            35.9507105,
            -0.2331749
          ],
          [
            35.9523561,
            -0.2343132
          ],
          [
            35.9559142,
            -0.2368084
          ],
          [
            35.9578457,
            -0.2381585
          ],
          [
            35.9624992,
            -0.2413574
          ],
          [
            35.9691436,
            -0.245925
          ],
          [
            35.9760628,
            -0.2329927
          ],
          [
            35.9784969,
            -0.2283934
          ],
          [
            35.9776812,
            -0.2278804
          ],
          [
            35.9765267,
            -0.2276302
          ]
        ]
      },
      "id": "way/494549005"
    },
    {
      "type": "Feature",
      "properties": {
        "@id": "way/494549006",
        "highway": "residential"
      },
      "geometry": {
        "type": "LineString",
        "coordinates": [
          [
            35.9689539,
            -0.2461737
          ],
          [
            35.9647274,
            -0.2437471
          ],
          [
            35.9539926,
            -0.2377949
          ],
          [
            35.9498271,
            -0.2354852
          ],
          [
            35.9497158,
            -0.2354048
          ]
        ]
      },
      "id": "way/494549006"
    },
    {
      "type": "Feature",
      "properties": {
        "@id": "way/494549007",
        "highway": "residential"
      },
      "geometry": {
        "type": "LineString",
        "coordinates": [
          [
            35.9507105,
            -0.2331749
          ],
          [
            35.9496984,
            -0.2352331
          ],
          [
            35.9496769,
            -0.2353136
          ],
          [
            35.9497158,
            -0.2354048
          ]
        ]
      },
      "id": "way/494549007"
    },
    {
      "type": "Feature",
      "properties": {
        "@id": "way/494549008",
        "highway": "residential"
      },
      "geometry": {
        "type": "LineString",
        "coordinates": [
          [
            35.9846018,
            -0.2432436
          ],
          [
            35.984724,
            -0.2433112
          ],
          [
            35.9848776,
            -0.2433876
          ],
          [
            35.9852833,
            -0.2436176
          ],
          [
            35.98575,
            -0.2438751
          ],
          [
            35.9861,
            -0.2440736
          ],
          [
            35.9863146,
            -0.2441916
          ],
          [
            35.9864994,
            -0.2442885
          ],
          [
            35.9866083,
            -0.2443525
          ],
          [
            35.986678,
            -0.2443941
          ],
          [
            35.9867234,
            -0.2444262
          ]
        ]
      },
      "id": "way/494549008"
    },
    {
      "type": "Feature",
      "properties": {
        "@id": "way/494549009",
        "highway": "path"
      },
      "geometry": {
        "type": "LineString",
        "coordinates": [
          [
            35.9769228,
            -0.2419411
          ],
          [
            35.9811433,
            -0.2442332
          ],
          [
            35.9811721,
            -0.244264
          ]
        ]
      },
      "id": "way/494549009"
    },
    {
      "type": "Feature",
      "properties": {
        "@id": "way/494549010",
        "highway": "path"
      },
      "geometry": {
        "type": "LineString",
        "coordinates": [
          [
            35.9797837,
            -0.2469278
          ],
          [
            35.9811708,
            -0.2443465
          ],
          [
            35.9811775,
            -0.2443063
          ],
          [
            35.9811721,
            -0.244264
          ]
        ]
      },
      "id": "way/494549010"
    },
    {
      "type": "Feature",
      "properties": {
        "@id": "way/494549011",
        "highway": "residential"
      },
      "geometry": {
        "type": "LineString",
        "coordinates": [
          [
            35.9886303,
            -0.2461422
          ],
          [
            35.9896499,
            -0.246733
          ],
          [
            35.9906906,
            -0.2472909
          ],
          [
            35.9907576,
            -0.2473137
          ],
          [
            35.9908032,
            -0.2472922
          ],
          [
            35.9908515,
            -0.2472372
          ],
          [
            35.9910339,
            -0.2468912
          ],
          [
            35.9910648,
            -0.2468731
          ],
          [
            35.9910976,
            -0.2468805
          ],
          [
            35.991208,
            -0.2469353
          ],
          [
            35.9932169,
            -0.2479647
          ],
          [
            35.995375,
            -0.2491834
          ]
        ]
      },
      "id": "way/494549011"
    },
    {
      "type": "Feature",
      "properties": {
        "@id": "way/494549012",
        "highway": "residential"
      },
      "geometry": {
        "type": "LineString",
        "coordinates": [
          [
            35.9957807,
            -0.2522029
          ],
          [
            35.9963035,
            -0.2524909
          ]
        ]
      },
      "id": "way/494549012"
    },
    {
      "type": "Feature",
      "properties": {
        "@id": "way/494549013",
        "highway": "residential"
      },
      "geometry": {
        "type": "LineString",
        "coordinates": [
          [
            36.00418,
            -0.237931
          ],
          [
            36.0049935,
            -0.2372246
          ],
          [
            36.0050096,
            -0.2371857
          ],
          [
            36.0050116,
            -0.2371462
          ],
          [
            36.0050014,
            -0.2371135
          ],
          [
            36.0028115,
            -0.2346029
          ],
          [
            35.9958324,
            -0.2268247
          ],
          [
            35.9931397,
            -0.2238031
          ],
          [
            35.9923267,
            -0.2228907
          ],
          [
            35.9915079,
            -0.2220216
          ],
          [
            35.9906799,
            -0.2210939
          ],
          [
            35.9898618,
            -0.2201847
          ],
          [
            35.9881076,
            -0.2182428
          ],
          [
            35.9870374,
            -0.2170465
          ],
          [
            35.9859994,
            -0.2158556
          ],
          [
            35.9856292,
            -0.2154402
          ],
          [
            35.9845939,
            -0.2142785
          ],
          [
            35.9838536,
            -0.2134443
          ],
          [
            35.9821209,
            -0.2114917
          ],
          [
            35.981563,
            -0.2108694
          ]
        ]
      },
      "id": "way/494549013"
    },
    {
      "type": "Feature",
      "properties": {
        "@id": "way/494549014",
        "highway": "track"
      },
      "geometry": {
        "type": "LineString",
        "coordinates": [
          [
            35.9866193,
            -0.2084443
          ],
          [
            35.9958543,
            -0.2187295
          ],
          [
            35.9966505,
            -0.2196143
          ],
          [
            35.9975114,
            -0.2205763
          ],
          [
            35.9979916,
            -0.2211208
          ],
          [
            35.9986203,
            -0.2218261
          ],
          [
            35.999435,
            -0.2227264
          ],
          [
            35.9998813,
            -0.2232091
          ],
          [
            36.0000274,
            -0.2233765
          ],
          [
            36.0001105,
            -0.2234556
          ],
          [
            36.000136,
            -0.2234744
          ],
          [
            36.0001705,
            -0.2234952
          ],
          [
            36.0002145,
            -0.2235285
          ]
        ]
      },
      "id": "way/494549014"
    },
    {
      "type": "Feature",
      "properties": {
        "@id": "way/494549015",
        "highway": "residential"
      },
      "geometry": {
        "type": "LineString",
        "coordinates": [
          [
            35.9985833,
            -0.2185602
          ],
          [
            35.9986648,
            -0.2184332
          ],
          [
            35.9987023,
            -0.2184117
          ],
          [
            35.9987614,
            -0.2184024
          ],
          [
            35.998819,
            -0.2184221
          ],
          [
            35.9988445,
            -0.2184493
          ],
          [
            35.9989249,
            -0.2185137
          ],
          [
            35.998982,
            -0.2185526
          ],
          [
            35.9990611,
            -0.2186122
          ],
          [
            35.9991321,
            -0.2187061
          ],
          [
            35.9991476,
            -0.2187993
          ],
          [
            35.9991664,
            -0.2189012
          ],
          [
            35.9992074,
            -0.2189475
          ],
          [
            35.9992317,
            -0.2190078
          ],
          [
            35.9994104,
            -0.2194442
          ],
          [
            35.9996348,
            -0.2201206
          ],
          [
            35.9996882,
            -0.2203039
          ],
          [
            35.9997513,
            -0.220441
          ],
          [
            35.9999143,
            -0.2209353
          ],
          [
            36.0003481,
            -0.2222432
          ],
          [
            36.0004361,
            -0.2225347
          ],
          [
            36.0004761,
            -0.2226103
          ],
          [
            36.0005073,
            -0.2226662
          ],
          [
            36.0006081,
            -0.2227649
          ],
          [
            36.000765,
            -0.2228816
          ],
          [
            36.0009634,
            -0.2230198
          ],
          [
            36.0010211,
            -0.2230506
          ],
          [
            36.0010788,
            -0.2230774
          ],
          [
            36.0011324,
            -0.2230908
          ],
          [
            36.0011941,
            -0.2231029
          ],
          [
            36.0012639,
            -0.2231163
          ]
        ]
      },
      "id": "way/494549015"
    },
    {
      "type": "Feature",
      "properties": {
        "@id": "way/494549016",
        "highway": "track"
      },
      "geometry": {
        "type": "LineString",
        "coordinates": [
          [
            35.9958543,
            -0.2187295
          ],
          [
            35.9949017,
            -0.2205951
          ],
          [
            35.9946525,
            -0.2211364
          ],
          [
            35.9943894,
            -0.2216036
          ],
          [
            35.9938315,
            -0.2225879
          ],
          [
            35.9931397,
            -0.2238031
          ]
        ]
      },
      "id": "way/494549016"
    },
    {
      "type": "Feature",
      "properties": {
        "@id": "way/494549017",
        "highway": "track"
      },
      "geometry": {
        "type": "LineString",
        "coordinates": [
          [
            35.9966505,
            -0.2196143
          ],
          [
            35.9970179,
            -0.2193344
          ],
          [
            35.9975705,
            -0.2188999
          ],
          [
            35.9982249,
            -0.2184144
          ],
          [
            35.9984468,
            -0.218248
          ]
        ]
      },
      "id": "way/494549017"
    },
    {
      "type": "Feature",
      "properties": {
        "@id": "way/494549018",
        "highway": "residential"
      },
      "geometry": {
        "type": "LineString",
        "coordinates": [
          [
            35.9846496,
            -0.2286515
          ],
          [
            35.9872603,
            -0.2261086
          ],
          [
            35.9889223,
            -0.2244909
          ],
          [
            35.9889633,
            -0.2244496
          ],
          [
            35.9906038,
            -0.2228607
          ]
        ]
      },
      "id": "way/494549018"
    },
    {
      "type": "Feature",
      "properties": {
        "@id": "way/494549019",
        "highway": "residential"
      },
      "geometry": {
        "type": "LineString",
        "coordinates": [
          [
            35.9954636,
            -0.2352547
          ],
          [
            35.9950478,
            -0.2348039
          ],
          [
            35.9942298,
            -0.2338746
          ],
          [
            35.9942244,
            -0.2338689
          ],
          [
            35.9937456,
            -0.2333703
          ],
          [
            35.9932132,
            -0.2328084
          ],
          [
            35.9929544,
            -0.2325201
          ],
          [
            35.9925507,
            -0.2320762
          ],
          [
            35.9920491,
            -0.2314633
          ],
          [
            35.9916146,
            -0.2309631
          ],
          [
            35.9912243,
            -0.2304923
          ],
          [
            35.9908327,
            -0.2300685
          ],
          [
            35.9907695,
            -0.2299948
          ],
          [
            35.9902212,
            -0.2293551
          ],
          [
            35.9894755,
            -0.2285451
          ],
          [
            35.988982,
            -0.2280006
          ],
          [
            35.9884992,
            -0.2274346
          ],
          [
            35.9876972,
            -0.2266192
          ],
          [
            35.9872603,
            -0.2261086
          ],
          [
            35.9837519,
            -0.2222352
          ]
        ]
      },
      "id": "way/494549019"
    },
    {
      "type": "Feature",
      "properties": {
        "@id": "way/494549020",
        "highway": "residential"
      },
      "geometry": {
        "type": "LineString",
        "coordinates": [
          [
            35.9814569,
            -0.2231741
          ],
          [
            35.9820083,
            -0.2237346
          ],
          [
            35.9820592,
            -0.2237668
          ],
          [
            35.9821008,
            -0.22376
          ],
          [
            35.9821464,
            -0.2237372
          ],
          [
            35.9826641,
            -0.2232625
          ],
          [
            35.9837519,
            -0.2222352
          ],
          [
            35.9846503,
            -0.2213984
          ],
          [
            35.9850919,
            -0.2209766
          ],
          [
            35.9855072,
            -0.220591
          ],
          [
            35.9872386,
            -0.2190661
          ],
          [
            35.9881076,
            -0.2182428
          ]
        ]
      },
      "id": "way/494549020"
    },
    {
      "type": "Feature",
      "properties": {
        "@id": "way/494549021",
        "highway": "residential"
      },
      "geometry": {
        "type": "LineString",
        "coordinates": [
          [
            35.9854469,
            -0.2170023
          ],
          [
            35.9872386,
            -0.2190661
          ],
          [
            35.9906038,
            -0.2228607
          ],
          [
            35.994229,
            -0.2268741
          ],
          [
            35.9971815,
            -0.2301544
          ],
          [
            35.9977247,
            -0.2307634
          ],
          [
            35.9979412,
            -0.2310062
          ],
          [
            35.9984422,
            -0.2315679
          ],
          [
            35.9990205,
            -0.2322157
          ],
          [
            35.9994674,
            -0.2327163
          ],
          [
            35.9996921,
            -0.232968
          ],
          [
            36.0012346,
            -0.2346391
          ],
          [
            36.0018548,
            -0.2353085
          ],
          [
            36.00418,
            -0.237931
          ],
          [
            36.0046935,
            -0.2384988
          ],
          [
            36.0047346,
            -0.2385282
          ],
          [
            36.0047916,
            -0.2385329
          ],
          [
            36.0052536,
            -0.238512
          ]
        ]
      },
      "id": "way/494549021"
    },
    {
      "type": "Feature",
      "properties": {
        "@id": "way/494549022",
        "highway": "residential"
      },
      "geometry": {
        "type": "LineString",
        "coordinates": [
          [
            36.0043591,
            -0.2461134
          ],
          [
            36.0044428,
            -0.2464415
          ],
          [
            36.004504,
            -0.2466954
          ],
          [
            36.0045469,
            -0.2467786
          ],
          [
            36.0046059,
            -0.2468134
          ],
          [
            36.0046703,
            -0.2468349
          ],
          [
            36.0048848,
            -0.2468537
          ],
          [
            36.0058075,
            -0.2468456
          ],
          [
            36.0059135,
            -0.2468443
          ],
          [
            36.0059376,
            -0.2468671
          ],
          [
            36.0059604,
            -0.246918
          ],
          [
            36.0061009,
            -0.2475997
          ]
        ]
      },
      "id": "way/494549022"
    },
    {
      "type": "Feature",
      "properties": {
        "@id": "way/494549023",
        "highway": "residential"
      },
      "geometry": {
        "type": "LineString",
        "coordinates": [
          [
            36.0065007,
            -0.2442098
          ],
          [
            36.006521,
            -0.2443995
          ],
          [
            36.0065532,
            -0.2446489
          ],
          [
            36.0065798,
            -0.2451463
          ],
          [
            36.0066363,
            -0.2453999
          ],
          [
            36.0066951,
            -0.2456968
          ],
          [
            36.0067973,
            -0.2464352
          ],
          [
            36.006867,
            -0.2468027
          ],
          [
            36.0069277,
            -0.2470998
          ]
        ]
      },
      "id": "way/494549023"
    },
    {
      "type": "Feature",
      "properties": {
        "@id": "way/494549024",
        "highway": "residential"
      },
      "geometry": {
        "type": "LineString",
        "coordinates": [
          [
            36.0066951,
            -0.2456968
          ],
          [
            36.0061052,
            -0.2456869
          ],
          [
            36.005491,
            -0.2456681
          ],
          [
            36.0048634,
            -0.2456413
          ],
          [
            36.0042739,
            -0.2456153
          ]
        ]
      },
      "id": "way/494549024"
    },
    {
      "type": "Feature",
      "properties": {
        "@id": "way/494549025",
        "highway": "residential"
      },
      "geometry": {
        "type": "LineString",
        "coordinates": [
          [
            36.0018024,
            -0.2440121
          ],
          [
            36.0017949,
            -0.2445684
          ],
          [
            36.0017896,
            -0.245129
          ],
          [
            36.0018003,
            -0.2456762
          ],
          [
            36.0018072,
            -0.2462085
          ],
          [
            36.001801,
            -0.2462415
          ],
          [
            36.0017869,
            -0.2462582
          ],
          [
            36.0017547,
            -0.2462663
          ],
          [
            36.0017198,
            -0.2462663
          ],
          [
            36.0015153,
            -0.2462374
          ],
          [
            36.0014965,
            -0.246224
          ],
          [
            36.0014905,
            -0.2462093
          ],
          [
            36.0014892,
            -0.2460356
          ]
        ]
      },
      "id": "way/494549025"
    },
    {
      "type": "Feature",
      "properties": {
        "@id": "way/494549026",
        "highway": "residential"
      },
      "geometry": {
        "type": "LineString",
        "coordinates": [
          [
            36.0031043,
            -0.2440607
          ],
          [
            36.0031119,
            -0.245239
          ],
          [
            36.0031119,
            -0.2455407
          ],
          [
            36.0031159,
            -0.2458718
          ],
          [
            36.0031186,
            -0.2458981
          ],
          [
            36.0031387,
            -0.2459223
          ],
          [
            36.0031823,
            -0.2459333
          ],
          [
            36.0034641,
            -0.2459393
          ],
          [
            36.0035062,
            -0.2459592
          ],
          [
            36.0035303,
            -0.2460047
          ],
          [
            36.0035503,
            -0.2461136
          ]
        ]
      },
      "id": "way/494549026"
    },
    {
      "type": "Feature",
      "properties": {
        "@id": "way/494549027",
        "highway": "residential"
      },
      "geometry": {
        "type": "LineString",
        "coordinates": [
          [
            36.0041634,
            -0.2450428
          ],
          [
            36.0053462,
            -0.2450915
          ],
          [
            36.0065798,
            -0.2451463
          ]
        ]
      },
      "id": "way/494549027"
    },
    {
      "type": "Feature",
      "properties": {
        "@id": "way/494549028",
        "highway": "residential"
      },
      "geometry": {
        "type": "LineString",
        "coordinates": [
          [
            36.0025275,
            -0.2440404
          ],
          [
            36.0025191,
            -0.2442412
          ],
          [
            36.0025138,
            -0.2444075
          ],
          [
            36.002503,
            -0.2444611
          ],
          [
            36.0024722,
            -0.2444913
          ],
          [
            36.002432,
            -0.2445202
          ],
          [
            36.0023984,
            -0.2445671
          ],
          [
            36.0023862,
            -0.2446254
          ],
          [
            36.0023836,
            -0.2451464
          ],
          [
            36.002389,
            -0.2456695
          ],
          [
            36.0024038,
            -0.2463668
          ],
          [
            36.0024253,
            -0.2467115
          ],
          [
            36.0024458,
            -0.2470515
          ]
        ]
      },
      "id": "way/494549028"
    },
    {
      "type": "Feature",
      "properties": {
        "@id": "way/494549029",
        "highway": "path"
      },
      "geometry": {
        "type": "LineString",
        "coordinates": [
          [
            36.0005048,
            -0.2480311
          ],
          [
            35.9993836,
            -0.2473391
          ],
          [
            35.9993327,
            -0.2472158
          ],
          [
            35.9993783,
            -0.2470736
          ],
          [
            35.9997967,
            -0.2461563
          ],
          [
            35.9998034,
            -0.2460611
          ]
        ]
      },
      "id": "way/494549029"
    },
    {
      "type": "Feature",
      "properties": {
        "@id": "way/494549030",
        "highway": "residential"
      },
      "geometry": {
        "type": "LineString",
        "coordinates": [
          [
            35.9988432,
            -0.2454687
          ],
          [
            35.9976536,
            -0.2476288
          ],
          [
            35.9970622,
            -0.2487138
          ],
          [
            35.9965039,
            -0.2497924
          ],
          [
            35.9961663,
            -0.2504008
          ],
          [
            35.9958215,
            -0.2510287
          ],
          [
            35.9958002,
            -0.2510821
          ],
          [
            35.9958056,
            -0.2511344
          ],
          [
            35.9958726,
            -0.2511921
          ],
          [
            35.9959598,
            -0.2512377
          ],
          [
            35.9960014,
            -0.2512766
          ],
          [
            35.9960094,
            -0.2513235
          ],
          [
            35.9960014,
            -0.2513825
          ],
          [
            35.995988,
            -0.2514415
          ],
          [
            35.9959786,
            -0.2515461
          ],
          [
            35.9960014,
            -0.2516373
          ],
          [
            35.9960014,
            -0.2517084
          ],
          [
            35.9959826,
            -0.2517916
          ],
          [
            35.9957807,
            -0.2522029
          ]
        ]
      },
      "id": "way/494549030"
    },
    {
      "type": "Feature",
      "properties": {
        "@id": "way/494549031",
        "highway": "residential"
      },
      "geometry": {
        "type": "LineString",
        "coordinates": [
          [
            35.9951584,
            -0.2547016
          ],
          [
            35.9956634,
            -0.253763
          ],
          [
            35.9959289,
            -0.2532829
          ],
          [
            35.9961546,
            -0.2528194
          ],
          [
            35.9963035,
            -0.2524909
          ]
        ]
      },
      "id": "way/494549031"
    },
    {
      "type": "Feature",
      "properties": {
        "@id": "way/494549032",
        "highway": "residential"
      },
      "geometry": {
        "type": "LineString",
        "coordinates": [
          [
            35.9981149,
            -0.2500612
          ],
          [
            36.0001628,
            -0.2512135
          ],
          [
            36.0004895,
            -0.2513989
          ]
        ]
      },
      "id": "way/494549032"
    },
    {
      "type": "Feature",
      "properties": {
        "@id": "way/494549033",
        "highway": "residential"
      },
      "geometry": {
        "type": "LineString",
        "coordinates": [
          [
            35.9990187,
            -0.2491614
          ],
          [
            35.9995647,
            -0.249446
          ],
          [
            36.0001092,
            -0.2497732
          ],
          [
            36.0012072,
            -0.2504182
          ]
        ]
      },
      "id": "way/494549033"
    },
    {
      "type": "Feature",
      "properties": {
        "@id": "way/494549034",
        "highway": "residential"
      },
      "geometry": {
        "type": "LineString",
        "coordinates": [
          [
            36.0007781,
            -0.255316
          ],
          [
            36.001229,
            -0.255493
          ],
          [
            36.001626,
            -0.2556526
          ],
          [
            36.0020417,
            -0.2558148
          ],
          [
            36.0025446,
            -0.2560106
          ],
          [
            36.0031226,
            -0.2562386
          ]
        ]
      },
      "id": "way/494549034"
    },
    {
      "type": "Feature",
      "properties": {
        "@id": "way/494549035",
        "highway": "residential"
      },
      "geometry": {
        "type": "LineString",
        "coordinates": [
          [
            35.9998453,
            -0.256648
          ],
          [
            35.9998503,
            -0.2566124
          ],
          [
            35.9998651,
            -0.2565806
          ],
          [
            36.0000595,
            -0.2563016
          ],
          [
            36.0001937,
            -0.2561072
          ],
          [
            36.0004109,
            -0.2558095
          ],
          [
            36.0005289,
            -0.2556432
          ],
          [
            36.0007781,
            -0.255316
          ]
        ]
      },
      "id": "way/494549035"
    },
    {
      "type": "Feature",
      "properties": {
        "@id": "way/498326360",
        "highway": "residential"
      },
      "geometry": {
        "type": "LineString",
        "coordinates": [
          [
            36.0166305,
            -0.2580234
          ],
          [
            36.0172939,
            -0.2579228
          ],
          [
            36.0174443,
            -0.2579016
          ],
          [
            36.0175261,
            -0.2578882
          ],
          [
            36.0175549,
            -0.2578627
          ],
          [
            36.0175757,
            -0.2578265
          ],
          [
            36.0175756,
            -0.2577216
          ]
        ]
      },
      "id": "way/498326360"
    },
    {
      "type": "Feature",
      "properties": {
        "@id": "way/498326361",
        "highway": "residential"
      },
      "geometry": {
        "type": "LineString",
        "coordinates": [
          [
            36.0174014,
            -0.2566075
          ],
          [
            36.0175046,
            -0.2571398
          ],
          [
            36.0175756,
            -0.2577216
          ]
        ]
      },
      "id": "way/498326361"
    },
    {
      "type": "Feature",
      "properties": {
        "@id": "way/539236076",
        "highway": "residential",
        "source": "Bing"
      },
      "geometry": {
        "type": "LineString",
        "coordinates": [
          [
            35.9020328,
            -0.2404834
          ],
          [
            35.9050047,
            -0.241956
          ],
          [
            35.906826,
            -0.2428572
          ],
          [
            35.9095296,
            -0.2441929
          ],
          [
            35.9119034,
            -0.2453838
          ],
          [
            35.9152293,
            -0.2470253
          ]
        ]
      },
      "id": "way/539236076"
    },
    {
      "type": "Feature",
      "properties": {
        "@id": "way/539236077",
        "highway": "track",
        "source": "Bing"
      },
      "geometry": {
        "type": "LineString",
        "coordinates": [
          [
            35.9095296,
            -0.2441929
          ],
          [
            35.9104094,
            -0.2421759
          ],
          [
            35.911029,
            -0.2407705
          ],
          [
            35.9117854,
            -0.2390458
          ],
          [
            35.9125525,
            -0.2372917
          ]
        ]
      },
      "id": "way/539236077"
    },
    {
      "type": "Feature",
      "properties": {
        "@id": "way/539236078",
        "highway": "residential",
        "source": "Bing"
      },
      "geometry": {
        "type": "LineString",
        "coordinates": [
          [
            35.9187175,
            -0.2470159
          ],
          [
            35.9190568,
            -0.2461764
          ],
          [
            35.9192003,
            -0.2458559
          ]
        ]
      },
      "id": "way/539236078"
    },
    {
      "type": "Feature",
      "properties": {
        "@id": "way/539236080",
        "highway": "residential",
        "source": "Bing"
      },
      "geometry": {
        "type": "LineString",
        "coordinates": [
          [
            35.9032196,
            -0.2326706
          ],
          [
            35.9031165,
            -0.2329143
          ],
          [
            35.9028643,
            -0.2334669
          ],
          [
            35.902521,
            -0.2342474
          ],
          [
            35.9022421,
            -0.2348616
          ],
          [
            35.901837,
            -0.2357467
          ],
          [
            35.9017861,
            -0.2358661
          ],
          [
            35.9017489,
            -0.2359388
          ],
          [
            35.9017217,
            -0.2360069
          ],
          [
            35.9017056,
            -0.2360579
          ],
          [
            35.9016962,
            -0.2361048
          ],
          [
            35.901707,
            -0.2361464
          ],
          [
            35.9017646,
            -0.2361906
          ],
          [
            35.9020074,
            -0.2362952
          ],
          [
            35.902407,
            -0.2364964
          ],
          [
            35.9029381,
            -0.2367566
          ],
          [
            35.9032398,
            -0.236911
          ],
          [
            35.904707,
            -0.2376618
          ],
          [
            35.9058094,
            -0.2381956
          ],
          [
            35.9076628,
            -0.2391102
          ],
          [
            35.909712,
            -0.2401267
          ],
          [
            35.9105596,
            -0.2405264
          ],
          [
            35.911029,
            -0.2407705
          ],
          [
            35.9126839,
            -0.2415832
          ],
          [
            35.9144354,
            -0.2424871
          ],
          [
            35.9167126,
            -0.2435868
          ]
        ]
      },
      "id": "way/539236080"
    },
    {
      "type": "Feature",
      "properties": {
        "@id": "way/539236081",
        "highway": "track",
        "source": "Bing"
      },
      "geometry": {
        "type": "LineString",
        "coordinates": [
          [
            35.9217082,
            -0.2418259
          ],
          [
            35.9214829,
            -0.2421867
          ],
          [
            35.9201029,
            -0.2442144
          ],
          [
            35.9191319,
            -0.2455635
          ],
          [
            35.919091,
            -0.2456111
          ],
          [
            35.9190729,
            -0.2456614
          ],
          [
            35.9190743,
            -0.2457151
          ],
          [
            35.9190944,
            -0.245758
          ],
          [
            35.9192003,
            -0.2458559
          ],
          [
            35.9199609,
            -0.2463814
          ],
          [
            35.9212267,
            -0.247256
          ],
          [
            35.9218118,
            -0.2476612
          ],
          [
            35.923512,
            -0.2488385
          ],
          [
            35.9247089,
            -0.2496978
          ],
          [
            35.9249952,
            -0.2499033
          ],
          [
            35.9260549,
            -0.2506548
          ],
          [
            35.9268674,
            -0.251231
          ],
          [
            35.9273388,
            -0.2515572
          ],
          [
            35.928357,
            -0.2522618
          ],
          [
            35.9287396,
            -0.2525265
          ],
          [
            35.9289419,
            -0.2526692
          ],
          [
            35.9301156,
            -0.2534974
          ],
          [
            35.9306813,
            -0.2538879
          ],
          [
            35.9320468,
            -0.2548305
          ],
          [
            35.9325448,
            -0.2551829
          ],
          [
            35.9328024,
            -0.2553652
          ],
          [
            35.9336615,
            -0.2559731
          ],
          [
            35.9354639,
            -0.2572391
          ],
          [
            35.9362324,
            -0.2577594
          ],
          [
            35.9364561,
            -0.2579265
          ]
        ]
      },
      "id": "way/539236081"
    },
    {
      "type": "Feature",
      "properties": {
        "@id": "way/539236082",
        "highway": "residential",
        "source": "Bing"
      },
      "geometry": {
        "type": "LineString",
        "coordinates": [
          [
            35.9160098,
            -0.245239
          ],
          [
            35.9175226,
            -0.2462153
          ],
          [
            35.9182897,
            -0.2467276
          ],
          [
            35.9187175,
            -0.2470159
          ]
        ]
      },
      "id": "way/539236082"
    },
    {
      "type": "Feature",
      "properties": {
        "@id": "way/539236083",
        "highway": "track",
        "source": "Bing"
      },
      "geometry": {
        "type": "LineString",
        "coordinates": [
          [
            35.9137863,
            -0.2504424
          ],
          [
            35.9144622,
            -0.2489404
          ],
          [
            35.9145256,
            -0.2487906
          ],
          [
            35.9147143,
            -0.248345
          ],
          [
            35.9148753,
            -0.2479426
          ],
          [
            35.9152293,
            -0.2470253
          ],
          [
            35.9154627,
            -0.2464379
          ],
          [
            35.9160098,
            -0.245239
          ],
          [
            35.9164631,
            -0.2441795
          ],
          [
            35.9167126,
            -0.2435868
          ],
          [
            35.9170791,
            -0.2427199
          ],
          [
            35.917874,
            -0.2409609
          ],
          [
            35.9182549,
            -0.2401106
          ]
        ]
      },
      "id": "way/539236083"
    },
    {
      "type": "Feature",
      "properties": {
        "@id": "way/539236084",
        "highway": "residential",
        "source": "Bing"
      },
      "geometry": {
        "type": "LineString",
        "coordinates": [
          [
            35.9170791,
            -0.2427199
          ],
          [
            35.91873,
            -0.2435131
          ],
          [
            35.9201029,
            -0.2442144
          ]
        ]
      },
      "id": "way/539236084"
    },
    {
      "type": "Feature",
      "properties": {
        "@id": "way/539236085",
        "highway": "residential",
        "source": "Bing"
      },
      "geometry": {
        "type": "LineString",
        "coordinates": [
          [
            35.917949,
            -0.2487821
          ],
          [
            35.9181797,
            -0.2482684
          ],
          [
            35.9187175,
            -0.2470159
          ]
        ]
      },
      "id": "way/539236085"
    },
    {
      "type": "Feature",
      "properties": {
        "@id": "way/539236086",
        "highway": "residential",
        "source": "Bing"
      },
      "geometry": {
        "type": "LineString",
        "coordinates": [
          [
            35.9181797,
            -0.2482684
          ],
          [
            35.9158328,
            -0.246674
          ],
          [
            35.9154627,
            -0.2464379
          ]
        ]
      },
      "id": "way/539236086"
    },
    {
      "type": "Feature",
      "properties": {
        "@id": "way/562077926",
        "highway": "unclassified"
      },
      "geometry": {
        "type": "LineString",
        "coordinates": [
          [
            35.9137863,
            -0.2504424
          ],
          [
            35.912354,
            -0.2535752
          ],
          [
            35.9114313,
            -0.2556995
          ],
          [
            35.9112757,
            -0.2559784
          ],
          [
            35.9111148,
            -0.2561608
          ],
          [
            35.9108412,
            -0.2563593
          ],
          [
            35.9106575,
            -0.2564384
          ],
          [
            35.9104215,
            -0.2565068
          ],
          [
            35.9102766,
            -0.2565189
          ],
          [
            35.9100741,
            -0.2564961
          ],
          [
            35.9093043,
            -0.2561313
          ],
          [
            35.9077942,
            -0.2553642
          ],
          [
            35.9056512,
            -0.2543289
          ],
          [
            35.9049551,
            -0.2539816
          ],
          [
            35.9046896,
            -0.2538454
          ],
          [
            35.9045139,
            -0.2537603
          ],
          [
            35.9043878,
            -0.2536691
          ],
          [
            35.9043047,
            -0.2536061
          ],
          [
            35.904194,
            -0.2535122
          ],
          [
            35.9041142,
            -0.2534626
          ],
          [
            35.9040298,
            -0.2534263
          ],
          [
            35.9035845,
            -0.253244
          ],
          [
            35.9032197,
            -0.2530736
          ],
          [
            35.90315,
            -0.2530334
          ]
        ]
      },
      "id": "way/562077926"
    },
    {
      "type": "Feature",
      "properties": {
        "@id": "way/612603366",
        "highway": "unclassified",
        "surface": "unpaved"
      },
      "geometry": {
        "type": "LineString",
        "coordinates": [
          [
            35.9466246,
            -0.3053949
          ],
          [
            35.9463658,
            -0.3052125
          ],
          [
            35.9461726,
            -0.3050811
          ],
          [
            35.945997,
            -0.3049617
          ],
          [
            35.945828,
            -0.3048491
          ],
          [
            35.9455155,
            -0.3046399
          ],
          [
            35.9448852,
            -0.3041879
          ],
          [
            35.9443461,
            -0.3038137
          ],
          [
            35.9437251,
            -0.3033712
          ],
          [
            35.9432571,
            -0.3030399
          ],
          [
            35.9430438,
            -0.3028911
          ],
          [
            35.9428561,
            -0.3027637
          ],
          [
            35.9426227,
            -0.3026081
          ],
          [
            35.9426677,
            -0.3025693
          ],
          [
            35.9431939,
            -0.3018573
          ],
          [
            35.9436814,
            -0.3011636
          ],
          [
            35.9440899,
            -0.300563
          ],
          [
            35.9441999,
            -0.3004182
          ],
          [
            35.9445781,
            -0.2997462
          ],
          [
            35.945026,
            -0.2990676
          ],
          [
            35.9451896,
            -0.2988263
          ],
          [
            35.9453398,
            -0.2986117
          ],
          [
            35.9454847,
            -0.2984078
          ],
          [
            35.9456188,
            -0.2982161
          ],
          [
            35.9457002,
            -0.2980988
          ],
          [
            35.9457716,
            -0.2979961
          ],
          [
            35.9459312,
            -0.2977802
          ],
          [
            35.9460962,
            -0.2975522
          ],
          [
            35.9462008,
            -0.2974034
          ],
          [
            35.9462987,
            -0.2972612
          ],
          [
            35.946693,
            -0.2966872
          ],
          [
            35.9470752,
            -0.296124
          ],
          [
            35.9473837,
            -0.2956814
          ],
          [
            35.9476707,
            -0.295259
          ],
          [
            35.948759,
            -0.2936562
          ],
          [
            35.9529965,
            -0.2965975
          ],
          [
            35.9519146,
            -0.2981102
          ],
          [
            35.9478226,
            -0.3037452
          ],
          [
            35.9466246,
            -0.3053949
          ]
        ]
      },
      "id": "way/612603366"
    },
    {
      "type": "Feature",
      "properties": {
        "@id": "way/612603369",
        "highway": "unclassified",
        "surface": "unpaved"
      },
      "geometry": {
        "type": "LineString",
        "coordinates": [
          [
            35.9495977,
            -0.3076218
          ],
          [
            35.9528811,
            -0.3029141
          ],
          [
            35.9548634,
            -0.3002131
          ],
          [
            35.9559757,
            -0.2986773
          ],
          [
            35.95618,
            -0.2988392
          ]
        ]
      },
      "id": "way/612603369"
    },
    {
      "type": "Feature",
      "properties": {
        "@id": "way/612606723",
        "highway": "unclassified",
        "surface": "unpaved"
      },
      "geometry": {
        "type": "LineString",
        "coordinates": [
          [
            35.9559757,
            -0.2986773
          ],
          [
            35.95785,
            -0.2960158
          ],
          [
            35.960399,
            -0.2924217
          ],
          [
            35.9614204,
            -0.2909375
          ],
          [
            35.9619607,
            -0.2901839
          ],
          [
            35.964591,
            -0.2864316
          ],
          [
            35.9664629,
            -0.2837612
          ]
        ]
      },
      "id": "way/612606723"
    },
    {
      "type": "Feature",
      "properties": {
        "@id": "way/612606725",
        "highway": "unclassified",
        "surface": "unpaved"
      },
      "geometry": {
        "type": "LineString",
        "coordinates": [
          [
            35.948759,
            -0.2936562
          ],
          [
            35.9506923,
            -0.2908923
          ],
          [
            35.9523074,
            -0.2920566
          ],
          [
            35.9526774,
            -0.2923787
          ],
          [
            35.9545467,
            -0.2936422
          ],
          [
            35.9567414,
            -0.2951685
          ],
          [
            35.95785,
            -0.2960158
          ],
          [
            35.9655806,
            -0.3014155
          ],
          [
            35.9740244,
            -0.2890467
          ]
        ]
      },
      "id": "way/612606725"
    },
    {
      "type": "Feature",
      "properties": {
        "@id": "way/612606728",
        "highway": "residential",
        "noname": "yes",
        "surface": "unpaved"
      },
      "geometry": {
        "type": "LineString",
        "coordinates": [
          [
            35.9549851,
            -0.3077404
          ],
          [
            35.9550848,
            -0.3076011
          ],
          [
            35.9575252,
            -0.3041914
          ],
          [
            35.9594942,
            -0.3012438
          ]
        ]
      },
      "id": "way/612606728"
    },
    {
      "type": "Feature",
      "properties": {
        "@id": "way/612807785",
        "highway": "track"
      },
      "geometry": {
        "type": "LineString",
        "coordinates": [
          [
            35.9726485,
            -0.2738981
          ],
          [
            35.9725084,
            -0.2737848
          ],
          [
            35.9727508,
            -0.2735024
          ],
          [
            35.9729326,
            -0.2733805
          ],
          [
            35.9731308,
            -0.2734886
          ]
        ]
      },
      "id": "way/612807785"
    },
    {
      "type": "Feature",
      "properties": {
        "@id": "way/612809508",
        "highway": "residential",
        "noname": "yes"
      },
      "geometry": {
        "type": "LineString",
        "coordinates": [
          [
            35.9799073,
            -0.2610596
          ],
          [
            35.9785354,
            -0.2601562
          ],
          [
            35.9772959,
            -0.25934
          ],
          [
            35.9767435,
            -0.2589809
          ],
          [
            35.976389,
            -0.2587504
          ],
          [
            35.9762344,
            -0.2586499
          ],
          [
            35.9756651,
            -0.2582812
          ],
          [
            35.9743128,
            -0.2574054
          ],
          [
            35.9733321,
            -0.2567703
          ],
          [
            35.9719313,
            -0.2558515
          ],
          [
            35.9712661,
            -0.2554152
          ],
          [
            35.9704964,
            -0.2549104
          ],
          [
            35.9702361,
            -0.2547437
          ],
          [
            35.9694636,
            -0.254249
          ],
          [
            35.9688518,
            -0.2538572
          ],
          [
            35.9676125,
            -0.2530619
          ],
          [
            35.9666614,
            -0.2524713
          ]
        ]
      },
      "id": "way/612809508"
    },
    {
      "type": "Feature",
      "properties": {
        "@id": "way/613463490",
        "highway": "footway"
      },
      "geometry": {
        "type": "LineString",
        "coordinates": [
          [
            35.9735882,
            -0.2738186
          ],
          [
            35.9739287,
            -0.2737462
          ]
        ]
      },
      "id": "way/613463490"
    },
    {
      "type": "Feature",
      "properties": {
        "@id": "way/613463491",
        "highway": "footway"
      },
      "geometry": {
        "type": "LineString",
        "coordinates": [
          [
            35.9728347,
            -0.2740455
          ],
          [
            35.9729324,
            -0.2739471
          ],
          [
            35.9733368,
            -0.2738681
          ],
          [
            35.9734361,
            -0.2738541
          ]
        ]
      },
      "id": "way/613463491"
    },
    {
      "type": "Feature",
      "properties": {
        "@id": "way/613463492",
        "highway": "footway"
      },
      "geometry": {
        "type": "LineString",
        "coordinates": [
          [
            35.9735086,
            -0.2737798
          ],
          [
            35.9734815,
            -0.2735562
          ]
        ]
      },
      "id": "way/613463492"
    },
    {
      "type": "Feature",
      "properties": {
        "@id": "way/613463493",
        "highway": "footway"
      },
      "geometry": {
        "type": "LineString",
        "coordinates": [
          [
            35.9726597,
            -0.2738835
          ],
          [
            35.9728347,
            -0.2740455
          ],
          [
            35.9730357,
            -0.2742162
          ],
          [
            35.9732495,
            -0.2743773
          ]
        ]
      },
      "id": "way/613463493"
    },
    {
      "type": "Feature",
      "properties": {
        "@id": "way/613463497",
        "highway": "footway"
      },
      "geometry": {
        "type": "LineString",
        "coordinates": [
          [
            35.9734346,
            -0.2738726
          ],
          [
            35.9734432,
            -0.2739005
          ],
          [
            35.9734608,
            -0.2739238
          ],
          [
            35.9734964,
            -0.2739436
          ],
          [
            35.9735255,
            -0.2739461
          ],
          [
            35.9735537,
            -0.2739385
          ],
          [
            35.9735776,
            -0.2739218
          ],
          [
            35.9735975,
            -0.2738902
          ],
          [
            35.9736023,
            -0.2738614
          ],
          [
            35.9735969,
            -0.2738327
          ],
          [
            35.9735882,
            -0.2738186
          ],
          [
            35.97358,
            -0.2738053
          ],
          [
            35.9735568,
            -0.2737876
          ],
          [
            35.9735289,
            -0.2737789
          ],
          [
            35.9735086,
            -0.2737798
          ],
          [
            35.9734997,
            -0.2737802
          ],
          [
            35.9734712,
            -0.2737925
          ],
          [
            35.9734501,
            -0.2738128
          ],
          [
            35.9734373,
            -0.273839
          ],
          [
            35.9734361,
            -0.2738541
          ],
          [
            35.9734346,
            -0.2738726
          ]
        ]
      },
      "id": "way/613463497"
    },
    {
      "type": "Feature",
      "properties": {
        "@id": "way/613463498",
        "highway": "footway"
      },
      "geometry": {
        "type": "LineString",
        "coordinates": [
          [
            35.9735255,
            -0.2739461
          ],
          [
            35.9736047,
            -0.274485
          ]
        ]
      },
      "id": "way/613463498"
    },
    {
      "type": "Feature",
      "properties": {
        "@id": "way/633180417",
        "highway": "unclassified"
      },
      "geometry": {
        "type": "LineString",
        "coordinates": [
          [
            35.9514136,
            -0.2574377
          ],
          [
            35.9514858,
            -0.2570528
          ],
          [
            35.9515027,
            -0.2569095
          ],
          [
            35.9515693,
            -0.2563435
          ],
          [
            35.9516247,
            -0.2559853
          ],
          [
            35.9516982,
            -0.255509
          ],
          [
            35.9518234,
            -0.25461
          ],
          [
            35.9519675,
            -0.2536807
          ],
          [
            35.9521231,
            -0.2526413
          ],
          [
            35.9522202,
            -0.2519121
          ],
          [
            35.9522444,
            -0.2516779
          ],
          [
            35.9524755,
            -0.2504174
          ],
          [
            35.9525372,
            -0.2500306
          ],
          [
            35.9525195,
            -0.2498686
          ],
          [
            35.9525312,
            -0.2497931
          ],
          [
            35.9527054,
            -0.24867
          ],
          [
            35.9528647,
            -0.2475851
          ],
          [
            35.9529036,
            -0.2473129
          ],
          [
            35.9529465,
            -0.2470441
          ]
        ]
      },
      "id": "way/633180417"
    },
    {
      "type": "Feature",
      "properties": {
        "@id": "way/633182095",
        "highway": "service",
        "name": "CDN fourth Avenue"
      },
      "geometry": {
        "type": "LineString",
        "coordinates": [
          [
            35.9791192,
            -0.2541858
          ],
          [
            35.9783734,
            -0.2539856
          ],
          [
            35.9776527,
            -0.2537654
          ],
          [
            35.9767273,
            -0.2535124
          ],
          [
            35.9761561,
            -0.2533249
          ],
          [
            35.9752702,
            -0.2530346
          ],
          [
            35.975134,
            -0.2529964
          ],
          [
            35.9745294,
            -0.2528269
          ],
          [
            35.9739739,
            -0.2526517
          ],
          [
            35.9732348,
            -0.2524091
          ],
          [
            35.9731355,
            -0.2523765
          ],
          [
            35.9723271,
            -0.2521462
          ],
          [
            35.9715826,
            -0.2518892
          ],
          [
            35.9714137,
            -0.2518309
          ],
          [
            35.9706554,
            -0.2516332
          ],
          [
            35.9698421,
            -0.2513554
          ],
          [
            35.9691814,
            -0.2511552
          ],
          [
            35.9683295,
            -0.2508949
          ],
          [
            35.9679191,
            -0.2507848
          ],
          [
            35.9672133,
            -0.2505621
          ],
          [
            35.9668348,
            -0.2504543
          ],
          [
            35.9667829,
            -0.2504395
          ],
          [
            35.966425,
            -0.2503494
          ],
          [
            35.9660446,
            -0.2502017
          ],
          [
            35.9657017,
            -0.2501088
          ],
          [
            35.965412,
            -0.2500465
          ],
          [
            35.964976,
            -0.2500458
          ],
          [
            35.9647001,
            -0.2500381
          ],
          [
            35.9645166,
            -0.2499462
          ],
          [
            35.9642787,
            -0.2497999
          ],
          [
            35.9640592,
            -0.2496413
          ],
          [
            35.9639027,
            -0.249558
          ],
          [
            35.9636283,
            -0.2494502
          ],
          [
            35.9632299,
            -0.2493283
          ],
          [
            35.9627948,
            -0.2492022
          ],
          [
            35.962368,
            -0.2490742
          ],
          [
            35.961998,
            -0.2489624
          ],
          [
            35.9614654,
            -0.2487957
          ],
          [
            35.9611788,
            -0.2487286
          ],
          [
            35.960878,
            -0.2486351
          ],
          [
            35.9603983,
            -0.2484684
          ],
          [
            35.9600039,
            -0.2483546
          ],
          [
            35.9595956,
            -0.2482394
          ],
          [
            35.9591646,
            -0.2481134
          ],
          [
            35.9587073,
            -0.2480056
          ],
          [
            35.9583115,
            -0.247942
          ],
          [
            35.9582255,
            -0.247908
          ],
          [
            35.9577011,
            -0.247841
          ],
          [
            35.9571522,
            -0.2477861
          ],
          [
            35.9566684,
            -0.2477271
          ],
          [
            35.9558045,
            -0.2476214
          ],
          [
            35.9551053,
            -0.2475442
          ],
          [
            35.9546268,
            -0.2474884
          ],
          [
            35.9543552,
            -0.2474568
          ],
          [
            35.9536112,
            -0.2473856
          ],
          [
            35.95356,
            -0.2473788
          ],
          [
            35.9531091,
            -0.2473186
          ],
          [
            35.9529036,
            -0.2473129
          ],
          [
            35.9521362,
            -0.2472189
          ],
          [
            35.9514705,
            -0.2471589
          ],
          [
            35.9508348,
            -0.2470838
          ],
          [
            35.9503343,
            -0.2470387
          ],
          [
            35.9498138,
            -0.2469762
          ],
          [
            35.949068,
            -0.2468836
          ],
          [
            35.949006,
            -0.2468796
          ],
          [
            35.9484398,
            -0.2468435
          ],
          [
            35.9480615,
            -0.2467963
          ],
          [
            35.9478392,
            -0.2467685
          ],
          [
            35.9471485,
            -0.2467084
          ],
          [
            35.9463652,
            -0.2466083
          ],
          [
            35.9456444,
            -0.2465382
          ],
          [
            35.9447685,
            -0.2464406
          ],
          [
            35.9441404,
            -0.2463806
          ],
          [
            35.9435498,
            -0.246313
          ],
          [
            35.9432645,
            -0.246328
          ],
          [
            35.9431043,
            -0.2463931
          ],
          [
            35.9427815,
            -0.2465683
          ],
          [
            35.9424762,
            -0.2467735
          ],
          [
            35.9422159,
            -0.2468811
          ],
          [
            35.9419631,
            -0.2468786
          ],
          [
            35.941854,
            -0.2468128
          ],
          [
            35.9417053,
            -0.2466716
          ],
          [
            35.941455,
            -0.2463113
          ],
          [
            35.9413374,
            -0.246114
          ],
          [
            35.9413184,
            -0.2460382
          ],
          [
            35.9415016,
            -0.2458304
          ]
        ]
      },
      "id": "way/633182095"
    },
    {
      "type": "Feature",
      "properties": {
        "@id": "way/642939489",
        "highway": "unclassified",
        "surface": "unpaved"
      },
      "geometry": {
        "type": "LineString",
        "coordinates": [
          [
            35.9548634,
            -0.3002131
          ],
          [
            35.9519146,
            -0.2981102
          ]
        ]
      },
      "id": "way/642939489"
    },
    {
      "type": "Feature",
      "properties": {
        "@id": "way/642939491",
        "highway": "unclassified",
        "surface": "unpaved"
      },
      "geometry": {
        "type": "LineString",
        "coordinates": [
          [
            35.9582867,
            -0.3116484
          ],
          [
            35.959105,
            -0.3105355
          ],
          [
            35.9608481,
            -0.3080134
          ],
          [
            35.9613768,
            -0.3072486
          ],
          [
            35.9635049,
            -0.3041899
          ],
          [
            35.9636122,
            -0.3041263
          ],
          [
            35.9637108,
            -0.3040679
          ],
          [
            35.9655806,
            -0.3014155
          ]
        ]
      },
      "id": "way/642939491"
    },
    {
      "type": "Feature",
      "properties": {
        "@id": "way/642939492",
        "highway": "unclassified",
        "surface": "unpaved"
      },
      "geometry": {
        "type": "LineString",
        "coordinates": [
          [
            35.9594942,
            -0.3012438
          ],
          [
            35.9636122,
            -0.3041263
          ],
          [
            35.9668224,
            -0.3063267
          ],
          [
            35.9688878,
            -0.307811
          ],
          [
            35.9724006,
            -0.3102779
          ],
          [
            35.97304,
            -0.310725
          ],
          [
            35.9742512,
            -0.311572
          ],
          [
            35.9751439,
            -0.3123538
          ],
          [
            35.9764539,
            -0.3133046
          ],
          [
            35.974013,
            -0.3170571
          ],
          [
            35.9738233,
            -0.3177056
          ],
          [
            35.973395,
            -0.3184093
          ],
          [
            35.9732849,
            -0.3186418
          ],
          [
            35.9723709,
            -0.3200438
          ],
          [
            35.9710744,
            -0.3208673
          ]
        ]
      },
      "id": "way/642939492"
    },
    {
      "type": "Feature",
      "properties": {
        "@id": "way/646278845",
        "highway": "residential",
        "layer": "-1"
      },
      "geometry": {
        "type": "LineString",
        "coordinates": [
          [
            35.9856966,
            -0.2589688
          ],
          [
            35.9845936,
            -0.2607165
          ]
        ]
      },
      "id": "way/646278845"
    },
    {
      "type": "Feature",
      "properties": {
        "@id": "way/646278847",
        "highway": "residential"
      },
      "geometry": {
        "type": "LineString",
        "coordinates": [
          [
            35.9826259,
            -0.2552966
          ],
          [
            35.9865678,
            -0.2564841
          ],
          [
            35.9868363,
            -0.2565646
          ],
          [
            35.9873285,
            -0.2567284
          ],
          [
            35.989618,
            -0.2574181
          ],
          [
            35.9902628,
            -0.2576236
          ],
          [
            35.9913272,
            -0.257963
          ],
          [
            35.9918788,
            -0.2581363
          ],
          [
            35.9925225,
            -0.2583361
          ]
        ]
      },
      "id": "way/646278847"
    },
    {
      "type": "Feature",
      "properties": {
        "@id": "way/646278848",
        "highway": "residential"
      },
      "geometry": {
        "type": "LineString",
        "coordinates": [
          [
            35.9869251,
            -0.2563245
          ],
          [
            35.9868363,
            -0.2565646
          ]
        ]
      },
      "id": "way/646278848"
    },
    {
      "type": "Feature",
      "properties": {
        "@id": "way/646278850",
        "highway": "residential",
        "name": "1st Avenue"
      },
      "geometry": {
        "type": "LineString",
        "coordinates": [
          [
            35.9865678,
            -0.2564841
          ],
          [
            35.9863368,
            -0.2569738
          ],
          [
            35.9855501,
            -0.2583435
          ]
        ]
      },
      "id": "way/646278850"
    },
    {
      "type": "Feature",
      "properties": {
        "@id": "way/646278851",
        "highway": "residential"
      },
      "geometry": {
        "type": "LineString",
        "coordinates": [
          [
            35.9838048,
            -0.2602946
          ],
          [
            35.9845936,
            -0.2607165
          ]
        ]
      },
      "id": "way/646278851"
    },
    {
      "type": "Feature",
      "properties": {
        "@id": "way/646278853",
        "highway": "residential"
      },
      "geometry": {
        "type": "LineString",
        "coordinates": [
          [
            35.984948,
            -0.2585104
          ],
          [
            35.9850365,
            -0.2585158
          ],
          [
            35.9856966,
            -0.2589688
          ]
        ]
      },
      "id": "way/646278853"
    },
    {
      "type": "Feature",
      "properties": {
        "@id": "way/672097221",
        "highway": "residential"
      },
      "geometry": {
        "type": "LineString",
        "coordinates": [
          [
            35.9887996,
            -0.2876362
          ],
          [
            35.9900552,
            -0.2884356
          ]
        ]
      },
      "id": "way/672097221"
    },
    {
      "type": "Feature",
      "properties": {
        "@id": "way/672097222",
        "highway": "residential"
      },
      "geometry": {
        "type": "LineString",
        "coordinates": [
          [
            35.9826708,
            -0.3010793
          ],
          [
            35.9832791,
            -0.3002167
          ],
          [
            35.9842741,
            -0.2986846
          ],
          [
            35.9843981,
            -0.2984936
          ],
          [
            35.9849193,
            -0.297668
          ],
          [
            35.9852544,
            -0.2971413
          ],
          [
            35.9853342,
            -0.2970158
          ],
          [
            35.9859439,
            -0.2960719
          ],
          [
            35.9871206,
            -0.2942478
          ],
          [
            35.9874263,
            -0.2937972
          ],
          [
            35.9877509,
            -0.293309
          ],
          [
            35.9882873,
            -0.2925258
          ],
          [
            35.9882974,
            -0.292499
          ],
          [
            35.9883007,
            -0.2924681
          ],
          [
            35.9882833,
            -0.2924185
          ],
          [
            35.9882444,
            -0.2923917
          ]
        ]
      },
      "id": "way/672097222"
    },
    {
      "type": "Feature",
      "properties": {
        "@id": "way/672097223",
        "highway": "residential"
      },
      "geometry": {
        "type": "LineString",
        "coordinates": [
          [
            35.9861763,
            -0.2911651
          ],
          [
            35.9882444,
            -0.2923917
          ]
        ]
      },
      "id": "way/672097223"
    },
    {
      "type": "Feature",
      "properties": {
        "@id": "way/672097224",
        "highway": "residential"
      },
      "geometry": {
        "type": "LineString",
        "coordinates": [
          [
            35.9849748,
            -0.2929737
          ],
          [
            35.9862623,
            -0.2939527
          ]
        ]
      },
      "id": "way/672097224"
    },
    {
      "type": "Feature",
      "properties": {
        "@id": "way/672097225",
        "highway": "residential"
      },
      "geometry": {
        "type": "LineString",
        "coordinates": [
          [
            35.9797283,
            -0.2919588
          ],
          [
            35.9802608,
            -0.2923381
          ],
          [
            35.9809408,
            -0.2927712
          ],
          [
            35.9815939,
            -0.293199
          ],
          [
            35.9821974,
            -0.2936054
          ],
          [
            35.982652,
            -0.2939192
          ],
          [
            35.9834285,
            -0.2944342
          ],
          [
            35.9838436,
            -0.2946983
          ],
          [
            35.9852618,
            -0.2956425
          ],
          [
            35.9859439,
            -0.2960719
          ],
          [
            35.986442,
            -0.2963855
          ],
          [
            35.9884778,
            -0.2977909
          ]
        ]
      },
      "id": "way/672097225"
    },
    {
      "type": "Feature",
      "properties": {
        "@id": "way/672097226",
        "highway": "residential"
      },
      "geometry": {
        "type": "LineString",
        "coordinates": [
          [
            35.9818931,
            -0.2886494
          ],
          [
            35.9834191,
            -0.2896961
          ],
          [
            35.9834526,
            -0.2897203
          ],
          [
            35.9834577,
            -0.2897276
          ],
          [
            35.9834594,
            -0.289739
          ],
          [
            35.9834486,
            -0.2897645
          ],
          [
            35.9834084,
            -0.2898208
          ],
          [
            35.9833775,
            -0.2898637
          ]
        ]
      },
      "id": "way/672097226"
    },
    {
      "type": "Feature",
      "properties": {
        "@id": "way/672097227",
        "highway": "residential"
      },
      "geometry": {
        "type": "LineString",
        "coordinates": [
          [
            35.9804901,
            -0.2970077
          ],
          [
            35.9809122,
            -0.2973329
          ]
        ]
      },
      "id": "way/672097227"
    },
    {
      "type": "Feature",
      "properties": {
        "@id": "way/672097228",
        "highway": "residential"
      },
      "geometry": {
        "type": "LineString",
        "coordinates": [
          [
            35.980312,
            -0.2982761
          ],
          [
            35.980749,
            -0.2975683
          ],
          [
            35.9809122,
            -0.2973329
          ],
          [
            35.9810682,
            -0.2971163
          ],
          [
            35.9812559,
            -0.2968133
          ]
        ]
      },
      "id": "way/672097228"
    },
    {
      "type": "Feature",
      "properties": {
        "@id": "way/672097229",
        "highway": "residential"
      },
      "geometry": {
        "type": "LineString",
        "coordinates": [
          [
            35.9798511,
            -0.2979799
          ],
          [
            35.9800551,
            -0.297665
          ],
          [
            35.9804901,
            -0.2970077
          ],
          [
            35.9805446,
            -0.2969269
          ],
          [
            35.9811969,
            -0.295959
          ]
        ]
      },
      "id": "way/672097229"
    },
    {
      "type": "Feature",
      "properties": {
        "@id": "way/672097230",
        "highway": "residential"
      },
      "geometry": {
        "type": "LineString",
        "coordinates": [
          [
            35.9811392,
            -0.2988146
          ],
          [
            35.980312,
            -0.2982761
          ],
          [
            35.9800557,
            -0.2981136
          ],
          [
            35.9798511,
            -0.2979799
          ],
          [
            35.9793254,
            -0.2976363
          ],
          [
            35.97909,
            -0.2974825
          ],
          [
            35.9770376,
            -0.2960918
          ]
        ]
      },
      "id": "way/672097230"
    },
    {
      "type": "Feature",
      "properties": {
        "@id": "way/672123180",
        "highway": "track"
      },
      "geometry": {
        "type": "LineString",
        "coordinates": [
          [
            36.0151778,
            -0.2410964
          ],
          [
            36.0151577,
            -0.2409703
          ],
          [
            36.0151698,
            -0.2407758
          ],
          [
            36.0155413,
            -0.2381741
          ],
          [
            36.0155439,
            -0.2380159
          ],
          [
            36.0158122,
            -0.2363556
          ],
          [
            36.0158443,
            -0.2363073
          ],
          [
            36.0159034,
            -0.2362778
          ],
          [
            36.0159677,
            -0.2362711
          ],
          [
            36.016928,
            -0.2365179
          ],
          [
            36.016999,
            -0.2365487
          ],
          [
            36.0170487,
            -0.2365876
          ],
          [
            36.0170795,
            -0.2366439
          ],
          [
            36.0171519,
            -0.2368263
          ],
          [
            36.0171828,
            -0.236888
          ],
          [
            36.017231,
            -0.2369336
          ],
          [
            36.0172887,
            -0.236947
          ],
          [
            36.0180464,
            -0.2369323
          ],
          [
            36.0181108,
            -0.2369457
          ],
          [
            36.0181631,
            -0.2369711
          ],
          [
            36.0182141,
            -0.2370275
          ],
          [
            36.018308,
            -0.2371978
          ]
        ]
      },
      "id": "way/672123180"
    },
    {
      "type": "Feature",
      "properties": {
        "@id": "way/672123181",
        "highway": "residential"
      },
      "geometry": {
        "type": "LineString",
        "coordinates": [
          [
            36.0176785,
            -0.2495781
          ],
          [
            36.0180853,
            -0.2493119
          ],
          [
            36.0185038,
            -0.249041
          ],
          [
            36.0193486,
            -0.2484965
          ],
          [
            36.0206576,
            -0.2476422
          ],
          [
            36.0221261,
            -0.2467021
          ],
          [
            36.025798,
            -0.244209
          ],
          [
            36.0259643,
            -0.2442493
          ],
          [
            36.0271257,
            -0.2447186
          ],
          [
            36.0290328,
            -0.2456574
          ],
          [
            36.0297972,
            -0.2460866
          ],
          [
            36.0321897,
            -0.2478729
          ],
          [
            36.0326225,
            -0.2481739
          ],
          [
            36.0328589,
            -0.2483382
          ],
          [
            36.0329951,
            -0.2484354
          ],
          [
            36.0330024,
            -0.2484657
          ]
        ]
      },
      "id": "way/672123181"
    },
    {
      "type": "Feature",
      "properties": {
        "@id": "way/672127849",
        "highway": "unclassified",
        "noname": "yes"
      },
      "geometry": {
        "type": "LineString",
        "coordinates": [
          [
            35.9876632,
            -0.3047656
          ],
          [
            35.9881318,
            -0.3044937
          ],
          [
            35.988577,
            -0.3042228
          ],
          [
            35.988801,
            -0.3041115
          ],
          [
            35.9890893,
            -0.3040136
          ],
          [
            35.9892958,
            -0.3039653
          ],
          [
            35.9895077,
            -0.303921
          ],
          [
            35.9902078,
            -0.3037427
          ],
          [
            35.990468,
            -0.303681
          ],
          [
            35.9905551,
            -0.3036448
          ],
          [
            35.9906369,
            -0.3035951
          ],
          [
            35.9908193,
            -0.3034342
          ],
          [
            35.9909749,
            -0.3032599
          ],
          [
            35.9911653,
            -0.3029715
          ],
          [
            35.9913343,
            -0.3027784
          ],
          [
            35.9915073,
            -0.3026162
          ],
          [
            35.9920686,
            -0.3020683
          ],
          [
            35.9922778,
            -0.3018631
          ],
          [
            35.9925091,
            -0.3016211
          ],
          [
            35.9926144,
            -0.3014849
          ],
          [
            35.9927157,
            -0.3013421
          ],
          [
            35.9928122,
            -0.3011168
          ],
          [
            35.9928712,
            -0.3008003
          ],
          [
            35.9928954,
            -0.3004972
          ],
          [
            35.9929302,
            -0.3002585
          ],
          [
            35.9929383,
            -0.2999903
          ],
          [
            35.9929141,
            -0.299891
          ],
          [
            35.9928699,
            -0.2996591
          ],
          [
            35.9928591,
            -0.2995652
          ],
          [
            35.9928592,
            -0.2994378
          ],
          [
            35.9928739,
            -0.2993358
          ],
          [
            35.9929302,
            -0.2990515
          ],
          [
            35.9929986,
            -0.2987967
          ],
          [
            35.9930764,
            -0.2985822
          ],
          [
            35.9932642,
            -0.2981195
          ],
          [
            35.9933446,
            -0.2979411
          ],
          [
            35.993421,
            -0.2977721
          ],
          [
            35.993515,
            -0.2974798
          ],
          [
            35.9935498,
            -0.2973054
          ],
          [
            35.9935606,
            -0.2971834
          ],
          [
            35.9937429,
            -0.2967529
          ],
          [
            35.9938223,
            -0.296506
          ],
          [
            35.9940742,
            -0.2959174
          ],
          [
            35.9940965,
            -0.2958395
          ],
          [
            35.9942619,
            -0.2954252
          ],
          [
            35.9944175,
            -0.2950632
          ],
          [
            35.9945449,
            -0.2948258
          ],
          [
            35.9946442,
            -0.2946018
          ],
          [
            35.9948507,
            -0.294131
          ],
          [
            35.9950224,
            -0.2936845
          ],
          [
            35.9950666,
            -0.2935517
          ],
          [
            35.9951068,
            -0.2934417
          ],
          [
            35.9952637,
            -0.2930984
          ],
          [
            35.9955481,
            -0.2926345
          ],
          [
            35.9957077,
            -0.2924011
          ],
          [
            35.9958767,
            -0.2921825
          ],
          [
            35.996114,
            -0.2919438
          ],
          [
            35.9963702,
            -0.2916916
          ],
          [
            35.9966303,
            -0.2914838
          ],
          [
            35.9968275,
            -0.2913054
          ],
          [
            35.9971305,
            -0.2910251
          ],
          [
            35.9975088,
            -0.2907234
          ],
          [
            35.9978856,
            -0.290411
          ],
          [
            35.9981995,
            -0.2901923
          ],
          [
            35.9984263,
            -0.2900332
          ],
          [
            35.9986058,
            -0.2898865
          ],
          [
            35.9989129,
            -0.2896016
          ],
          [
            35.9995714,
            -0.2889612
          ],
          [
            35.9999362,
            -0.2885508
          ],
          [
            36.0003787,
            -0.2880037
          ],
          [
            36.0009379,
            -0.2871648
          ],
          [
            36.001182,
            -0.2867457
          ],
          [
            36.0013631,
            -0.2863621
          ],
          [
            36.0016354,
            -0.285748
          ],
          [
            36.0017829,
            -0.285355
          ],
          [
            36.0019826,
            -0.2848508
          ],
          [
            36.0020967,
            -0.2845423
          ],
          [
            36.0022643,
            -0.2840448
          ],
          [
            36.0024561,
            -0.2834881
          ],
          [
            36.0028296,
            -0.2824871
          ],
          [
            36.0030368,
            -0.281891
          ],
          [
            36.0033117,
            -0.2811715
          ],
          [
            36.0035866,
            -0.2804091
          ],
          [
            36.0036926,
            -0.2801328
          ],
          [
            36.0037717,
            -0.279945
          ],
          [
            36.0038079,
            -0.2798505
          ],
          [
            36.0038468,
            -0.2797519
          ],
          [
            36.0039179,
            -0.2795414
          ],
          [
            36.0040386,
            -0.2792035
          ],
          [
            36.0041418,
            -0.2789151
          ],
          [
            36.0041995,
            -0.2787568
          ]
        ]
      },
      "id": "way/672127849"
    },
    {
      "type": "Feature",
      "properties": {
        "@id": "way/672127850",
        "highway": "residential"
      },
      "geometry": {
        "type": "LineString",
        "coordinates": [
          [
            35.9874263,
            -0.2937972
          ],
          [
            35.9886923,
            -0.2945401
          ]
        ]
      },
      "id": "way/672127850"
    },
    {
      "type": "Feature",
      "properties": {
        "@id": "way/672127851",
        "highway": "residential"
      },
      "geometry": {
        "type": "LineString",
        "coordinates": [
          [
            35.9852544,
            -0.2971413
          ],
          [
            35.9862703,
            -0.2978499
          ]
        ]
      },
      "id": "way/672127851"
    },
    {
      "type": "Feature",
      "properties": {
        "@id": "way/672127852",
        "highway": "residential"
      },
      "geometry": {
        "type": "LineString",
        "coordinates": [
          [
            35.9849193,
            -0.297668
          ],
          [
            35.9862757,
            -0.298499
          ]
        ]
      },
      "id": "way/672127852"
    },
    {
      "type": "Feature",
      "properties": {
        "@id": "way/672127853",
        "highway": "residential"
      },
      "geometry": {
        "type": "LineString",
        "coordinates": [
          [
            35.9842741,
            -0.2986846
          ],
          [
            35.9867746,
            -0.3002773
          ]
        ]
      },
      "id": "way/672127853"
    },
    {
      "type": "Feature",
      "properties": {
        "@id": "way/672127854",
        "highway": "residential",
        "noname": "yes"
      },
      "geometry": {
        "type": "LineString",
        "coordinates": [
          [
            35.9920443,
            -0.282265
          ],
          [
            35.9899597,
            -0.2809106
          ]
        ]
      },
      "id": "way/672127854"
    },
    {
      "type": "Feature",
      "properties": {
        "@id": "way/672127855",
        "highway": "residential",
        "noname": "yes"
      },
      "geometry": {
        "type": "LineString",
        "coordinates": [
          [
            35.9864586,
            -0.2816464
          ],
          [
            35.9885425,
            -0.2829553
          ],
          [
            35.9906612,
            -0.2843892
          ],
          [
            35.9919807,
            -0.2852572
          ],
          [
            35.9930016,
            -0.285915
          ],
          [
            35.9932253,
            -0.2860591
          ],
          [
            35.9934858,
            -0.2862463
          ],
          [
            35.9938663,
            -0.2865017
          ],
          [
            35.9940394,
            -0.2866218
          ],
          [
            35.9946985,
            -0.2870794
          ],
          [
            35.9947152,
            -0.2871172
          ],
          [
            35.9956178,
            -0.2876577
          ],
          [
            35.996114,
            -0.288001
          ],
          [
            35.9967055,
            -0.2883657
          ],
          [
            35.9968948,
            -0.2881043
          ],
          [
            35.9969965,
            -0.2880024
          ],
          [
            35.9972808,
            -0.2875866
          ],
          [
            35.9976487,
            -0.2870948
          ],
          [
            35.9977394,
            -0.2870247
          ],
          [
            35.9980103,
            -0.2866278
          ],
          [
            35.9984918,
            -0.2860041
          ],
          [
            35.9987426,
            -0.2856421
          ],
          [
            35.9990054,
            -0.2852934
          ],
          [
            35.9993944,
            -0.2847878
          ],
          [
            35.9996545,
            -0.2843975
          ],
          [
            35.999963,
            -0.2837981
          ],
          [
            36.0001898,
            -0.2832827
          ],
          [
            36.00025,
            -0.2831369
          ],
          [
            36.0005544,
            -0.2825428
          ],
          [
            36.0006899,
            -0.2823202
          ],
          [
            36.0005746,
            -0.2822491
          ]
        ]
      },
      "id": "way/672127855"
    },
    {
      "type": "Feature",
      "properties": {
        "@id": "way/672127856",
        "highway": "residential"
      },
      "geometry": {
        "type": "LineString",
        "coordinates": [
          [
            35.9854631,
            -0.2831554
          ],
          [
            35.9868014,
            -0.2838141
          ]
        ]
      },
      "id": "way/672127856"
    },
    {
      "type": "Feature",
      "properties": {
        "@id": "way/672127857",
        "highway": "residential"
      },
      "geometry": {
        "type": "LineString",
        "coordinates": [
          [
            35.9837575,
            -0.285707
          ],
          [
            35.9859431,
            -0.2871668
          ],
          [
            35.9879266,
            -0.2885108
          ]
        ]
      },
      "id": "way/672127857"
    },
    {
      "type": "Feature",
      "properties": {
        "@id": "way/672265855",
        "highway": "residential",
        "noname": "yes"
      },
      "geometry": {
        "type": "LineString",
        "coordinates": [
          [
            35.9957006,
            -0.2846321
          ],
          [
            35.9962682,
            -0.2838181
          ],
          [
            35.996684,
            -0.2832093
          ],
          [
            35.997002,
            -0.2827709
          ]
        ]
      },
      "id": "way/672265855"
    },
    {
      "type": "Feature",
      "properties": {
        "@id": "way/672265856",
        "highway": "residential",
        "noname": "yes"
      },
      "geometry": {
        "type": "LineString",
        "coordinates": [
          [
            35.993374,
            -0.2802259
          ],
          [
            35.9948319,
            -0.2812204
          ],
          [
            35.995473,
            -0.2816818
          ],
          [
            35.9960523,
            -0.282113
          ],
          [
            35.9965658,
            -0.2824547
          ],
          [
            35.9966164,
            -0.2824897
          ],
          [
            35.9967551,
            -0.2825857
          ],
          [
            35.997002,
            -0.2827709
          ],
          [
            35.9970662,
            -0.282819
          ],
          [
            35.9974256,
            -0.2830537
          ],
          [
            35.9974394,
            -0.2830621
          ],
          [
            35.9974487,
            -0.2830721
          ],
          [
            35.9974464,
            -0.2830876
          ],
          [
            35.9974367,
            -0.2831023
          ],
          [
            35.996924,
            -0.2838248
          ],
          [
            35.9965539,
            -0.2843425
          ],
          [
            35.9962334,
            -0.2847985
          ],
          [
            35.9961677,
            -0.2848897
          ],
          [
            35.9961462,
            -0.2849151
          ],
          [
            35.9961274,
            -0.2849192
          ],
          [
            35.9960986,
            -0.2849091
          ],
          [
            35.9960604,
            -0.284891
          ],
          [
            35.9958076,
            -0.2847448
          ],
          [
            35.9957191,
            -0.2846898
          ],
          [
            35.9956956,
            -0.2846764
          ],
          [
            35.9956875,
            -0.284655
          ],
          [
            35.9957006,
            -0.2846321
          ]
        ]
      },
      "id": "way/672265856"
    },
    {
      "type": "Feature",
      "properties": {
        "@id": "way/672265857",
        "highway": "residential",
        "noname": "yes"
      },
      "geometry": {
        "type": "LineString",
        "coordinates": [
          [
            35.9968948,
            -0.2881043
          ],
          [
            35.9959906,
            -0.2874659
          ],
          [
            35.9953187,
            -0.2870072
          ],
          [
            35.9950237,
            -0.2868088
          ],
          [
            35.9949794,
            -0.286786
          ],
          [
            35.9949459,
            -0.2867806
          ],
          [
            35.9949204,
            -0.2867819
          ],
          [
            35.994899,
            -0.2867974
          ],
          [
            35.9948862,
            -0.2868141
          ],
          [
            35.9946985,
            -0.2870794
          ]
        ]
      },
      "id": "way/672265857"
    },
    {
      "type": "Feature",
      "properties": {
        "@id": "way/672265858",
        "highway": "residential",
        "noname": "yes"
      },
      "geometry": {
        "type": "LineString",
        "coordinates": [
          [
            35.9972808,
            -0.2875866
          ],
          [
            35.9959605,
            -0.2867122
          ],
          [
            35.9953362,
            -0.2862683
          ]
        ]
      },
      "id": "way/672265858"
    },
    {
      "type": "Feature",
      "properties": {
        "@id": "way/672265859",
        "highway": "residential",
        "noname": "yes"
      },
      "geometry": {
        "type": "LineString",
        "coordinates": [
          [
            35.9956943,
            -0.2856681
          ],
          [
            35.9956782,
            -0.2857137
          ],
          [
            35.9956809,
            -0.2857593
          ],
          [
            35.9957171,
            -0.2857969
          ],
          [
            35.995937,
            -0.2859431
          ],
          [
            35.9965459,
            -0.2863454
          ],
          [
            35.9972473,
            -0.2868389
          ],
          [
            35.9976487,
            -0.2870948
          ]
        ]
      },
      "id": "way/672265859"
    },
    {
      "type": "Feature",
      "properties": {
        "@id": "way/672265860",
        "highway": "residential",
        "noname": "yes"
      },
      "geometry": {
        "type": "LineString",
        "coordinates": [
          [
            35.9980103,
            -0.2866278
          ],
          [
            35.9971976,
            -0.2860323
          ],
          [
            35.996983,
            -0.2858633
          ],
          [
            35.9968597,
            -0.2857573
          ],
          [
            35.9966424,
            -0.2856273
          ],
          [
            35.9961663,
            -0.2853255
          ],
          [
            35.9961073,
            -0.2852933
          ],
          [
            35.996059,
            -0.2852866
          ],
          [
            35.9960121,
            -0.2852933
          ],
          [
            35.9959558,
            -0.2853376
          ],
          [
            35.9958686,
            -0.2854502
          ],
          [
            35.9956943,
            -0.2856681
          ]
        ]
      },
      "id": "way/672265860"
    },
    {
      "type": "Feature",
      "properties": {
        "@id": "way/672265861",
        "highway": "residential",
        "noname": "yes"
      },
      "geometry": {
        "type": "LineString",
        "coordinates": [
          [
            36.0001898,
            -0.2832827
          ],
          [
            35.9998061,
            -0.2832146
          ],
          [
            35.9997699,
            -0.2832187
          ],
          [
            35.9997337,
            -0.2832334
          ],
          [
            35.9997095,
            -0.2832803
          ],
          [
            35.9995969,
            -0.2836451
          ]
        ]
      },
      "id": "way/672265861"
    },
    {
      "type": "Feature",
      "properties": {
        "@id": "way/672265862",
        "highway": "residential",
        "noname": "yes"
      },
      "geometry": {
        "type": "LineString",
        "coordinates": [
          [
            35.9947152,
            -0.2871172
          ],
          [
            35.9946839,
            -0.2871752
          ],
          [
            35.9945087,
            -0.287549
          ],
          [
            35.9944578,
            -0.2876537
          ],
          [
            35.9944605,
            -0.2877354
          ],
          [
            35.9944859,
            -0.2878038
          ],
          [
            35.9945516,
            -0.287887
          ],
          [
            35.9945435,
            -0.2879406
          ],
          [
            35.9945194,
            -0.2880184
          ],
          [
            35.9940916,
            -0.2889572
          ]
        ]
      },
      "id": "way/672265862"
    },
    {
      "type": "Feature",
      "properties": {
        "@id": "way/672265863",
        "highway": "residential",
        "noname": "yes"
      },
      "geometry": {
        "type": "LineString",
        "coordinates": [
          [
            35.9934751,
            -0.288777
          ],
          [
            35.9937984,
            -0.2882002
          ],
          [
            35.9940704,
            -0.2876429
          ],
          [
            35.994277,
            -0.2872198
          ]
        ]
      },
      "id": "way/672265863"
    },
    {
      "type": "Feature",
      "properties": {
        "@id": "way/672265864",
        "highway": "residential",
        "noname": "yes"
      },
      "geometry": {
        "type": "LineString",
        "coordinates": [
          [
            35.9919473,
            -0.2877509
          ],
          [
            35.9934751,
            -0.288777
          ],
          [
            35.9937724,
            -0.2889236
          ]
        ]
      },
      "id": "way/672265864"
    },
    {
      "type": "Feature",
      "properties": {
        "@id": "way/672265865",
        "highway": "residential",
        "noname": "yes"
      },
      "geometry": {
        "type": "LineString",
        "coordinates": [
          [
            35.9917393,
            -0.2878266
          ],
          [
            35.9919473,
            -0.2877509
          ],
          [
            35.9924689,
            -0.2875611
          ],
          [
            35.9927157,
            -0.2874967
          ],
          [
            35.9929973,
            -0.2874538
          ],
          [
            35.9936115,
            -0.2873224
          ],
          [
            35.9941694,
            -0.2872339
          ],
          [
            35.994277,
            -0.2872198
          ],
          [
            35.9946839,
            -0.2871752
          ]
        ]
      },
      "id": "way/672265865"
    },
    {
      "type": "Feature",
      "properties": {
        "@id": "way/672265867",
        "highway": "residential",
        "noname": "yes"
      },
      "geometry": {
        "type": "LineString",
        "coordinates": [
          [
            35.9893165,
            -0.2864496
          ],
          [
            35.9897424,
            -0.2867216
          ],
          [
            35.9905109,
            -0.287254
          ],
          [
            35.9907061,
            -0.2873811
          ],
          [
            35.9911412,
            -0.2876644
          ],
          [
            35.9914269,
            -0.2878696
          ],
          [
            35.9914698,
            -0.2879017
          ],
          [
            35.9915221,
            -0.2879125
          ],
          [
            35.9916468,
            -0.287887
          ],
          [
            35.9917393,
            -0.2878266
          ],
          [
            35.9919378,
            -0.2875531
          ],
          [
            35.9922999,
            -0.2869683
          ],
          [
            35.9927908,
            -0.2861986
          ],
          [
            35.9930016,
            -0.285915
          ]
        ]
      },
      "id": "way/672265867"
    },
    {
      "type": "Feature",
      "properties": {
        "@id": "way/672265868",
        "highway": "residential"
      },
      "geometry": {
        "type": "LineString",
        "coordinates": [
          [
            35.9963702,
            -0.2916916
          ],
          [
            35.9955052,
            -0.2908655
          ]
        ]
      },
      "id": "way/672265868"
    },
    {
      "type": "Feature",
      "properties": {
        "@id": "way/672265869",
        "highway": "residential",
        "noname": "yes"
      },
      "geometry": {
        "type": "LineString",
        "coordinates": [
          [
            35.9936249,
            -0.2924883
          ],
          [
            35.994266,
            -0.2916407
          ],
          [
            35.9946147,
            -0.2911686
          ],
          [
            35.995135,
            -0.2904471
          ],
          [
            35.9953576,
            -0.2901172
          ],
          [
            35.9957626,
            -0.289511
          ],
          [
            35.9961408,
            -0.2890283
          ],
          [
            35.9965552,
            -0.2885495
          ],
          [
            35.9966303,
            -0.2884556
          ],
          [
            35.9966719,
            -0.2884006
          ],
          [
            35.9967055,
            -0.2883657
          ],
          [
            35.9967644,
            -0.2884087
          ],
          [
            35.9968114,
            -0.2884435
          ],
          [
            35.9973103,
            -0.288921
          ],
          [
            35.9977797,
            -0.2893823
          ],
          [
            35.9984263,
            -0.2900332
          ]
        ]
      },
      "id": "way/672265869"
    },
    {
      "type": "Feature",
      "properties": {
        "@id": "way/672265870",
        "highway": "residential",
        "noname": "yes"
      },
      "geometry": {
        "type": "LineString",
        "coordinates": [
          [
            35.9945449,
            -0.2948258
          ],
          [
            35.994502,
            -0.2947252
          ],
          [
            35.994494,
            -0.2946635
          ],
          [
            35.9944899,
            -0.294571
          ],
          [
            35.9944913,
            -0.2944597
          ],
          [
            35.9945181,
            -0.2943524
          ],
          [
            35.994561,
            -0.2941807
          ],
          [
            35.9946012,
            -0.2940131
          ],
          [
            35.9946281,
            -0.293883
          ],
          [
            35.9946361,
            -0.2938079
          ],
          [
            35.9946267,
            -0.2937677
          ],
          [
            35.9946012,
            -0.2937154
          ],
          [
            35.9945422,
            -0.2936403
          ],
          [
            35.9944135,
            -0.293482
          ],
          [
            35.9943223,
            -0.2933573
          ],
          [
            35.9942432,
            -0.293246
          ],
          [
            35.9941681,
            -0.2931105
          ],
          [
            35.9940661,
            -0.2929255
          ],
          [
            35.9940299,
            -0.2928886
          ],
          [
            35.9939542,
            -0.2928155
          ],
          [
            35.993759,
            -0.292617
          ],
          [
            35.9936249,
            -0.2924883
          ],
          [
            35.9934184,
            -0.2923434
          ],
          [
            35.9932762,
            -0.292279
          ],
          [
            35.9930617,
            -0.2922281
          ],
          [
            35.9928203,
            -0.2921744
          ],
          [
            35.9926593,
            -0.2921557
          ],
          [
            35.9924863,
            -0.2921476
          ],
          [
            35.9922704,
            -0.2921758
          ],
          [
            35.9920236,
            -0.2921866
          ],
          [
            35.9918439,
            -0.2921744
          ],
          [
            35.9913624,
            -0.292086
          ]
        ]
      },
      "id": "way/672265870"
    },
    {
      "type": "Feature",
      "properties": {
        "@id": "way/672265871",
        "highway": "residential",
        "noname": "yes"
      },
      "geometry": {
        "type": "LineString",
        "coordinates": [
          [
            35.9904197,
            -0.2937516
          ],
          [
            35.9904472,
            -0.2937422
          ],
          [
            35.9904686,
            -0.2937415
          ],
          [
            35.9904921,
            -0.2937449
          ],
          [
            35.9905525,
            -0.293777
          ],
          [
            35.9917393,
            -0.2944892
          ],
          [
            35.9922114,
            -0.2947654
          ],
          [
            35.9928283,
            -0.2951141
          ],
          [
            35.9933835,
            -0.2954333
          ],
          [
            35.9940965,
            -0.2958395
          ]
        ]
      },
      "id": "way/672265871"
    },
    {
      "type": "Feature",
      "properties": {
        "@id": "way/672265872",
        "highway": "residential",
        "noname": "yes"
      },
      "geometry": {
        "type": "LineString",
        "coordinates": [
          [
            35.9938223,
            -0.296506
          ],
          [
            35.9925574,
            -0.2957954
          ],
          [
            35.9918895,
            -0.2954078
          ],
          [
            35.9912163,
            -0.2949988
          ],
          [
            35.9904532,
            -0.2945576
          ],
          [
            35.9901059,
            -0.2943671
          ],
          [
            35.9900737,
            -0.294343
          ],
          [
            35.9900703,
            -0.2943289
          ],
          [
            35.9900737,
            -0.2943162
          ],
          [
            35.9900898,
            -0.294284
          ],
          [
            35.9903942,
            -0.2937891
          ],
          [
            35.9904197,
            -0.2937516
          ]
        ]
      },
      "id": "way/672265872"
    },
    {
      "type": "Feature",
      "properties": {
        "@id": "way/672265873",
        "highway": "residential",
        "noname": "yes"
      },
      "geometry": {
        "type": "LineString",
        "coordinates": [
          [
            35.9935606,
            -0.2971834
          ],
          [
            35.9923911,
            -0.2964954
          ],
          [
            35.9920853,
            -0.2963077
          ],
          [
            35.9917299,
            -0.2961172
          ],
          [
            35.9902105,
            -0.2952348
          ]
        ]
      },
      "id": "way/672265873"
    },
    {
      "type": "Feature",
      "properties": {
        "@id": "way/672265874",
        "highway": "residential",
        "noname": "yes",
        "source": "maxar"
      },
      "geometry": {
        "type": "LineString",
        "coordinates": [
          [
            35.9928592,
            -0.2994378
          ],
          [
            35.9920853,
            -0.2991025
          ],
          [
            35.9917943,
            -0.2989536
          ],
          [
            35.9915704,
            -0.2988249
          ],
          [
            35.9914953,
            -0.2987632
          ],
          [
            35.9914711,
            -0.2987002
          ],
          [
            35.9914671,
            -0.298621
          ],
          [
            35.9914859,
            -0.2984615
          ],
          [
            35.9915341,
            -0.2981825
          ],
          [
            35.9915476,
            -0.2980269
          ],
          [
            35.9915543,
            -0.2977762
          ],
          [
            35.9915382,
            -0.2977198
          ],
          [
            35.9915006,
            -0.2976541
          ],
          [
            35.9913424,
            -0.2973698
          ],
          [
            35.9912627,
            -0.2972903
          ]
        ]
      },
      "id": "way/672265874"
    },
    {
      "type": "Feature",
      "properties": {
        "@id": "way/672270863",
        "highway": "residential"
      },
      "geometry": {
        "type": "LineString",
        "coordinates": [
          [
            35.9853892,
            -0.241771
          ],
          [
            35.9861361,
            -0.2422216
          ]
        ]
      },
      "id": "way/672270863"
    },
    {
      "type": "Feature",
      "properties": {
        "@id": "way/672270864",
        "highway": "residential"
      },
      "geometry": {
        "type": "LineString",
        "coordinates": [
          [
            35.9813565,
            -0.2493266
          ],
          [
            35.9804177,
            -0.248817
          ]
        ]
      },
      "id": "way/672270864"
    },
    {
      "type": "Feature",
      "properties": {
        "@id": "way/672270865",
        "highway": "residential"
      },
      "geometry": {
        "type": "LineString",
        "coordinates": [
          [
            35.9862245,
            -0.2455004
          ],
          [
            35.9861778,
            -0.245538
          ],
          [
            35.9861379,
            -0.2456167
          ],
          [
            35.9858989,
            -0.2460942
          ],
          [
            35.9858063,
            -0.2463453
          ],
          [
            35.98566,
            -0.2466724
          ]
        ]
      },
      "id": "way/672270865"
    },
    {
      "type": "Feature",
      "properties": {
        "@id": "way/672270866",
        "highway": "residential"
      },
      "geometry": {
        "type": "LineString",
        "coordinates": [
          [
            35.9862245,
            -0.2455004
          ],
          [
            35.9862851,
            -0.2455099
          ],
          [
            35.9863763,
            -0.2455743
          ],
          [
            35.9865399,
            -0.2457017
          ],
          [
            35.9865995,
            -0.2457701
          ],
          [
            35.9866264,
            -0.2458425
          ],
          [
            35.9866887,
            -0.2461885
          ],
          [
            35.9868797,
            -0.2473466
          ]
        ]
      },
      "id": "way/672270866"
    },
    {
      "type": "Feature",
      "properties": {
        "@id": "way/672270867",
        "highway": "residential"
      },
      "geometry": {
        "type": "LineString",
        "coordinates": [
          [
            35.984968,
            -0.2462648
          ],
          [
            35.9853369,
            -0.2455823
          ],
          [
            35.9854817,
            -0.2453409
          ],
          [
            35.9855153,
            -0.245302
          ],
          [
            35.9855475,
            -0.245294
          ],
          [
            35.9855863,
            -0.2453
          ],
          [
            35.9858547,
            -0.2454697
          ],
          [
            35.9861379,
            -0.2456167
          ]
        ]
      },
      "id": "way/672270867"
    },
    {
      "type": "Feature",
      "properties": {
        "@id": "way/672270868",
        "highway": "residential"
      },
      "geometry": {
        "type": "LineString",
        "coordinates": [
          [
            35.9815373,
            -0.2489798
          ],
          [
            35.9812157,
            -0.248821
          ],
          [
            35.9809676,
            -0.2487017
          ],
          [
            35.9808818,
            -0.2486708
          ],
          [
            35.9807738,
            -0.2486127
          ],
          [
            35.9807295,
            -0.2485669
          ],
          [
            35.980647,
            -0.2484958
          ],
          [
            35.9801629,
            -0.2482243
          ],
          [
            35.9800489,
            -0.2481693
          ],
          [
            35.9799403,
            -0.2481317
          ],
          [
            35.9798444,
            -0.2481183
          ],
          [
            35.9797566,
            -0.2481042
          ],
          [
            35.9796801,
            -0.2480714
          ],
          [
            35.9792866,
            -0.2478502
          ]
        ]
      },
      "id": "way/672270868"
    },
    {
      "type": "Feature",
      "properties": {
        "@id": "way/672270869",
        "highway": "residential"
      },
      "geometry": {
        "type": "LineString",
        "coordinates": [
          [
            35.9797837,
            -0.2469278
          ],
          [
            35.9805491,
            -0.2473479
          ],
          [
            35.9806127,
            -0.2473844
          ],
          [
            35.981036,
            -0.2476087
          ],
          [
            35.9811473,
            -0.2476637
          ],
          [
            35.9812988,
            -0.2477287
          ],
          [
            35.9813149,
            -0.2477462
          ],
          [
            35.9813243,
            -0.247777
          ],
          [
            35.9813283,
            -0.2478246
          ],
          [
            35.9813552,
            -0.2478648
          ],
          [
            35.9814034,
            -0.2478937
          ],
          [
            35.9814578,
            -0.2479178
          ],
          [
            35.9814879,
            -0.2479171
          ],
          [
            35.9815178,
            -0.2478943
          ],
          [
            35.9815506,
            -0.2478434
          ],
          [
            35.9815731,
            -0.2478092
          ],
          [
            35.981589,
            -0.247799
          ],
          [
            35.9816066,
            -0.2478025
          ],
          [
            35.9816468,
            -0.247828
          ],
          [
            35.9820229,
            -0.2480419
          ]
        ]
      },
      "id": "way/672270869"
    },
    {
      "type": "Feature",
      "properties": {
        "@id": "way/672270870",
        "highway": "residential"
      },
      "geometry": {
        "type": "LineString",
        "coordinates": [
          [
            35.9834594,
            -0.2454053
          ],
          [
            35.984968,
            -0.2462648
          ],
          [
            35.98566,
            -0.2466724
          ],
          [
            35.9868797,
            -0.2473466
          ],
          [
            35.9877415,
            -0.2478218
          ]
        ]
      },
      "id": "way/672270870"
    },
    {
      "type": "Feature",
      "properties": {
        "@id": "way/672270871",
        "highway": "residential"
      },
      "geometry": {
        "type": "LineString",
        "coordinates": [
          [
            35.981906,
            -0.2418123
          ],
          [
            35.9817186,
            -0.2421679
          ],
          [
            35.9814557,
            -0.2427016
          ],
          [
            35.9811634,
            -0.2432166
          ],
          [
            35.981091,
            -0.2432434
          ],
          [
            35.9810024,
            -0.2432166
          ],
          [
            35.9808013,
            -0.2431308
          ]
        ]
      },
      "id": "way/672270871"
    },
    {
      "type": "Feature",
      "properties": {
        "@id": "way/672270872",
        "highway": "residential"
      },
      "geometry": {
        "type": "LineString",
        "coordinates": [
          [
            35.9824187,
            -0.2420821
          ],
          [
            35.9828076,
            -0.2416127
          ],
          [
            35.9832072,
            -0.2410843
          ],
          [
            35.9834325,
            -0.2407919
          ],
          [
            35.9836632,
            -0.2405317
          ]
        ]
      },
      "id": "way/672270872"
    },
    {
      "type": "Feature",
      "properties": {
        "@id": "way/672272089",
        "highway": "residential",
        "noname": "yes"
      },
      "geometry": {
        "type": "LineString",
        "coordinates": [
          [
            35.9960523,
            -0.282113
          ],
          [
            35.9955052,
            -0.2829665
          ]
        ]
      },
      "id": "way/672272089"
    },
    {
      "type": "Feature",
      "properties": {
        "@id": "way/672272090",
        "highway": "residential"
      },
      "geometry": {
        "type": "LineString",
        "coordinates": [
          [
            35.9847494,
            -0.2842109
          ],
          [
            35.9840119,
            -0.2835673
          ],
          [
            35.9827432,
            -0.2825347
          ],
          [
            35.9819868,
            -0.2818883
          ],
          [
            35.9811044,
            -0.2811561
          ],
          [
            35.9802487,
            -0.2804694
          ],
          [
            35.979597,
            -0.2799732
          ],
          [
            35.9795608,
            -0.2799512
          ],
          [
            35.979377,
            -0.2798391
          ],
          [
            35.9769899,
            -0.2783049
          ],
          [
            35.9763837,
            -0.2778972
          ]
        ]
      },
      "id": "way/672272090"
    },
    {
      "type": "Feature",
      "properties": {
        "@id": "way/672272092",
        "highway": "residential"
      },
      "geometry": {
        "type": "LineString",
        "coordinates": [
          [
            35.9840414,
            -0.2943577
          ],
          [
            35.9833145,
            -0.2938428
          ],
          [
            35.9832609,
            -0.2938052
          ],
          [
            35.9832287,
            -0.2937489
          ],
          [
            35.9831429,
            -0.2935665
          ],
          [
            35.9830785,
            -0.2933707
          ]
        ]
      },
      "id": "way/672272092"
    },
    {
      "type": "Feature",
      "properties": {
        "@id": "way/672272094",
        "highway": "residential"
      },
      "geometry": {
        "type": "LineString",
        "coordinates": [
          [
            35.9808107,
            -0.2902741
          ],
          [
            35.9814075,
            -0.2907167
          ],
          [
            35.9820324,
            -0.2911686
          ]
        ]
      },
      "id": "way/672272094"
    },
    {
      "type": "Feature",
      "properties": {
        "@id": "way/672272096",
        "highway": "residential"
      },
      "geometry": {
        "type": "LineString",
        "coordinates": [
          [
            35.9793254,
            -0.2976363
          ],
          [
            35.9800476,
            -0.2965491
          ],
          [
            35.9806377,
            -0.2956371
          ]
        ]
      },
      "id": "way/672272096"
    },
    {
      "type": "Feature",
      "properties": {
        "@id": "way/672272098",
        "highway": "unclassified"
      },
      "geometry": {
        "type": "LineString",
        "coordinates": [
          [
            35.9811392,
            -0.2988146
          ],
          [
            35.980515,
            -0.2997673
          ],
          [
            35.98023,
            -0.3002022
          ],
          [
            35.9797311,
            -0.3009747
          ],
          [
            35.9791356,
            -0.3018678
          ],
          [
            35.9785375,
            -0.3027637
          ],
          [
            35.977926,
            -0.3037266
          ],
          [
            35.9773949,
            -0.3045393
          ],
          [
            35.9768826,
            -0.3053144
          ],
          [
            35.9763193,
            -0.3061915
          ],
          [
            35.9757856,
            -0.3069988
          ],
          [
            35.9757386,
            -0.3070699
          ],
          [
            35.9757359,
            -0.3071007
          ],
          [
            35.9757587,
            -0.3071262
          ],
          [
            35.9758258,
            -0.3071678
          ],
          [
            35.9768182,
            -0.3078316
          ],
          [
            35.9774016,
            -0.3082313
          ],
          [
            35.977993,
            -0.3086309
          ],
          [
            35.9784141,
            -0.3089058
          ],
          [
            35.9788245,
            -0.3091982
          ],
          [
            35.9794065,
            -0.3095804
          ],
          [
            35.9797924,
            -0.3098501
          ],
          [
            35.979892,
            -0.3099197
          ],
          [
            35.9803869,
            -0.3102496
          ],
          [
            35.9814209,
            -0.3109496
          ],
          [
            35.9820525,
            -0.3113707
          ],
          [
            35.9826681,
            -0.3117825
          ],
          [
            35.9828156,
            -0.3118884
          ],
          [
            35.9828532,
            -0.3119166
          ],
          [
            35.9828813,
            -0.3119273
          ],
          [
            35.9829149,
            -0.3119058
          ],
          [
            35.9829551,
            -0.3118428
          ],
          [
            35.9832139,
            -0.3114405
          ],
          [
            35.9832823,
            -0.3113935
          ],
          [
            35.9833467,
            -0.311364
          ],
          [
            35.9834695,
            -0.3114016
          ],
          [
            35.9840119,
            -0.3114941
          ]
        ]
      },
      "id": "way/672272098"
    },
    {
      "type": "Feature",
      "properties": {
        "@id": "way/672272100",
        "highway": "residential"
      },
      "geometry": {
        "type": "LineString",
        "coordinates": [
          [
            35.9840588,
            -0.3007399
          ],
          [
            35.9843405,
            -0.3004369
          ],
          [
            35.9845108,
            -0.3002652
          ],
          [
            35.9846975,
            -0.3000915
          ],
          [
            35.9847019,
            -0.3000815
          ],
          [
            35.9847049,
            -0.3000684
          ],
          [
            35.9846999,
            -0.3000594
          ],
          [
            35.9846878,
            -0.3000413
          ],
          [
            35.9845711,
            -0.2998388
          ]
        ]
      },
      "id": "way/672272100"
    },
    {
      "type": "Feature",
      "properties": {
        "@id": "way/672290745",
        "highway": "residential"
      },
      "geometry": {
        "type": "LineString",
        "coordinates": [
          [
            35.9907061,
            -0.2873811
          ],
          [
            35.9903795,
            -0.2879312
          ],
          [
            35.9900552,
            -0.2884356
          ],
          [
            35.9898725,
            -0.2887198
          ],
          [
            35.989784,
            -0.2888325
          ],
          [
            35.9897344,
            -0.2888673
          ],
          [
            35.9896834,
            -0.2888888
          ],
          [
            35.9896351,
            -0.288862
          ],
          [
            35.9892905,
            -0.288634
          ]
        ]
      },
      "id": "way/672290745"
    },
    {
      "type": "Feature",
      "properties": {
        "@id": "way/672290746",
        "highway": "residential",
        "noname": "yes"
      },
      "geometry": {
        "type": "LineString",
        "coordinates": [
          [
            35.9940704,
            -0.2876429
          ],
          [
            35.9936115,
            -0.2873224
          ],
          [
            35.9940394,
            -0.2866218
          ]
        ]
      },
      "id": "way/672290746"
    },
    {
      "type": "Feature",
      "properties": {
        "@id": "way/672290747",
        "highway": "residential",
        "noname": "yes"
      },
      "geometry": {
        "type": "LineString",
        "coordinates": [
          [
            35.9937984,
            -0.2882002
          ],
          [
            35.9927157,
            -0.2874967
          ],
          [
            35.9934858,
            -0.2862463
          ]
        ]
      },
      "id": "way/672290747"
    },
    {
      "type": "Feature",
      "properties": {
        "@id": "way/672290748",
        "highway": "residential"
      },
      "geometry": {
        "type": "LineString",
        "coordinates": [
          [
            35.9800476,
            -0.2965491
          ],
          [
            35.9805446,
            -0.2969269
          ]
        ]
      },
      "id": "way/672290748"
    },
    {
      "type": "Feature",
      "properties": {
        "@id": "way/672290749",
        "highway": "residential",
        "noname": "yes"
      },
      "geometry": {
        "type": "LineString",
        "coordinates": [
          [
            35.9984475,
            -0.2820546
          ],
          [
            35.9989835,
            -0.2811065
          ],
          [
            35.9993125,
            -0.281321
          ],
          [
            36.0003358,
            -0.2820412
          ],
          [
            36.0005746,
            -0.2822491
          ]
        ]
      },
      "id": "way/672290749"
    },
    {
      "type": "Feature",
      "properties": {
        "@id": "way/672291938",
        "highway": "residential",
        "noname": "yes",
        "surface": "unpaved"
      },
      "geometry": {
        "type": "LineString",
        "coordinates": [
          [
            36.0041995,
            -0.2787568
          ],
          [
            36.0040815,
            -0.2786695
          ],
          [
            36.0040202,
            -0.2786242
          ],
          [
            36.0039562,
            -0.2785829
          ],
          [
            36.0037203,
            -0.2784307
          ],
          [
            36.0034935,
            -0.2782718
          ],
          [
            36.0031722,
            -0.2780421
          ],
          [
            36.0025097,
            -0.2775941
          ],
          [
            36.0018848,
            -0.2771744
          ],
          [
            36.0016515,
            -0.2770096
          ],
          [
            36.0016326,
            -0.2769962
          ],
          [
            36.001469,
            -0.2768807
          ],
          [
            36.0014352,
            -0.2768578
          ],
          [
            36.0012133,
            -0.2767037
          ]
        ]
      },
      "id": "way/672291938"
    },
    {
      "type": "Feature",
      "properties": {
        "@id": "way/672297652",
        "highway": "unclassified"
      },
      "geometry": {
        "type": "LineString",
        "coordinates": [
          [
            35.966633,
            -0.2838896
          ],
          [
            35.9664629,
            -0.2837612
          ]
        ]
      },
      "id": "way/672297652"
    },
    {
      "type": "Feature",
      "properties": {
        "@id": "way/672297653",
        "highway": "residential"
      },
      "geometry": {
        "type": "LineString",
        "coordinates": [
          [
            35.9787547,
            -0.2934053
          ],
          [
            35.9740244,
            -0.2890467
          ]
        ]
      },
      "id": "way/672297653"
    },
    {
      "type": "Feature",
      "properties": {
        "@id": "way/672297654",
        "highway": "residential"
      },
      "geometry": {
        "type": "LineString",
        "coordinates": [
          [
            35.9824562,
            -0.2968039
          ],
          [
            35.9836739,
            -0.2975871
          ]
        ]
      },
      "id": "way/672297654"
    },
    {
      "type": "Feature",
      "properties": {
        "@id": "way/672297655",
        "highway": "residential"
      },
      "geometry": {
        "type": "LineString",
        "coordinates": [
          [
            35.9885425,
            -0.2829553
          ],
          [
            35.9891188,
            -0.282119
          ]
        ]
      },
      "id": "way/672297655"
    },
    {
      "type": "Feature",
      "properties": {
        "@id": "way/672297656",
        "highway": "residential",
        "noname": "yes"
      },
      "geometry": {
        "type": "LineString",
        "coordinates": [
          [
            35.9913668,
            -0.2832965
          ],
          [
            35.9907711,
            -0.2828807
          ],
          [
            35.9907523,
            -0.2828807
          ],
          [
            35.9907281,
            -0.2828995
          ],
          [
            35.9906799,
            -0.2829504
          ],
          [
            35.9906128,
            -0.2830497
          ]
        ]
      },
      "id": "way/672297656"
    },
    {
      "type": "Feature",
      "properties": {
        "@id": "way/672300534",
        "highway": "path"
      },
      "geometry": {
        "type": "LineString",
        "coordinates": [
          [
            35.9941896,
            -0.2513552
          ],
          [
            35.9957807,
            -0.2522029
          ]
        ]
      },
      "id": "way/672300534"
    },
    {
      "type": "Feature",
      "properties": {
        "@id": "way/672300535",
        "highway": "residential"
      },
      "geometry": {
        "type": "LineString",
        "coordinates": [
          [
            35.9999953,
            -0.2520519
          ],
          [
            35.9993917,
            -0.2516977
          ],
          [
            35.9984207,
            -0.2511907
          ]
        ]
      },
      "id": "way/672300535"
    },
    {
      "type": "Feature",
      "properties": {
        "@id": "way/672300536",
        "highway": "residential"
      },
      "geometry": {
        "type": "LineString",
        "coordinates": [
          [
            35.9998034,
            -0.2460611
          ],
          [
            35.9997591,
            -0.2459739
          ],
          [
            35.9988432,
            -0.2454687
          ]
        ]
      },
      "id": "way/672300536"
    },
    {
      "type": "Feature",
      "properties": {
        "@id": "way/672300537",
        "highway": "residential"
      },
      "geometry": {
        "type": "LineString",
        "coordinates": [
          [
            36.0021368,
            -0.2491032
          ],
          [
            36.0017306,
            -0.2488345
          ],
          [
            36.0013068,
            -0.2485609
          ],
          [
            36.0005048,
            -0.2480311
          ]
        ]
      },
      "id": "way/672300537"
    },
    {
      "type": "Feature",
      "properties": {
        "@id": "way/672300538",
        "highway": "residential"
      },
      "geometry": {
        "type": "LineString",
        "coordinates": [
          [
            35.9988432,
            -0.2454687
          ],
          [
            35.9977047,
            -0.2448811
          ]
        ]
      },
      "id": "way/672300538"
    },
    {
      "type": "Feature",
      "properties": {
        "@id": "way/672300539",
        "highway": "residential"
      },
      "geometry": {
        "type": "LineString",
        "coordinates": [
          [
            35.9972298,
            -0.2457473
          ],
          [
            35.9955159,
            -0.2449252
          ]
        ]
      },
      "id": "way/672300539"
    },
    {
      "type": "Feature",
      "properties": {
        "@id": "way/672300540",
        "highway": "path"
      },
      "geometry": {
        "type": "LineString",
        "coordinates": [
          [
            35.9912565,
            -0.2516373
          ],
          [
            35.9932169,
            -0.2479647
          ],
          [
            35.9943874,
            -0.245788
          ]
        ]
      },
      "id": "way/672300540"
    },
    {
      "type": "Feature",
      "properties": {
        "@id": "way/672300541",
        "highway": "residential"
      },
      "geometry": {
        "type": "LineString",
        "coordinates": [
          [
            35.9943874,
            -0.2551452
          ],
          [
            35.9952477,
            -0.2553669
          ]
        ]
      },
      "id": "way/672300541"
    },
    {
      "type": "Feature",
      "properties": {
        "@id": "way/672300542",
        "highway": "residential"
      },
      "geometry": {
        "type": "LineString",
        "coordinates": [
          [
            35.9941445,
            -0.2560534
          ],
          [
            35.9948963,
            -0.2562292
          ],
          [
            35.9949768,
            -0.2562527
          ],
          [
            35.9950237,
            -0.2562829
          ]
        ]
      },
      "id": "way/672300542"
    },
    {
      "type": "Feature",
      "properties": {
        "@id": "way/672300543",
        "highway": "residential"
      },
      "geometry": {
        "type": "LineString",
        "coordinates": [
          [
            35.9939346,
            -0.2568866
          ],
          [
            35.9947327,
            -0.2571076
          ]
        ]
      },
      "id": "way/672300543"
    },
    {
      "type": "Feature",
      "properties": {
        "@id": "way/672300544",
        "highway": "residential"
      },
      "geometry": {
        "type": "LineString",
        "coordinates": [
          [
            35.992611,
            -0.256354
          ],
          [
            35.9939656,
            -0.256767
          ]
        ]
      },
      "id": "way/672300544"
    },
    {
      "type": "Feature",
      "properties": {
        "@id": "way/672300545",
        "highway": "residential"
      },
      "geometry": {
        "type": "LineString",
        "coordinates": [
          [
            35.9928712,
            -0.2554715
          ],
          [
            35.9941855,
            -0.2558899
          ]
        ]
      },
      "id": "way/672300545"
    },
    {
      "type": "Feature",
      "properties": {
        "@id": "way/672300546",
        "highway": "residential"
      },
      "geometry": {
        "type": "LineString",
        "coordinates": [
          [
            35.9923666,
            -0.2572348
          ],
          [
            35.9937334,
            -0.2576645
          ]
        ]
      },
      "id": "way/672300546"
    },
    {
      "type": "Feature",
      "properties": {
        "@id": "way/672300547",
        "highway": "residential"
      },
      "geometry": {
        "type": "LineString",
        "coordinates": [
          [
            35.9946058,
            -0.2543937
          ],
          [
            35.9944269,
            -0.2549994
          ],
          [
            35.9943874,
            -0.2551452
          ],
          [
            35.9941855,
            -0.2558899
          ],
          [
            35.9941445,
            -0.2560534
          ]
        ]
      },
      "id": "way/672300547"
    },
    {
      "type": "Feature",
      "properties": {
        "@id": "way/672300548",
        "highway": "residential"
      },
      "geometry": {
        "type": "LineString",
        "coordinates": [
          [
            35.9931368,
            -0.2545569
          ],
          [
            35.9944269,
            -0.2549994
          ]
        ]
      },
      "id": "way/672300548"
    },
    {
      "type": "Feature",
      "properties": {
        "@id": "way/672300549",
        "highway": "residential"
      },
      "geometry": {
        "type": "LineString",
        "coordinates": [
          [
            35.9922691,
            -0.2546463
          ],
          [
            35.9930386,
            -0.2548951
          ]
        ]
      },
      "id": "way/672300549"
    },
    {
      "type": "Feature",
      "properties": {
        "@id": "way/672300550",
        "highway": "residential"
      },
      "geometry": {
        "type": "LineString",
        "coordinates": [
          [
            35.9920497,
            -0.2554398
          ],
          [
            35.9928156,
            -0.2556855
          ]
        ]
      },
      "id": "way/672300550"
    },
    {
      "type": "Feature",
      "properties": {
        "@id": "way/672300551",
        "highway": "residential"
      },
      "geometry": {
        "type": "LineString",
        "coordinates": [
          [
            35.9918278,
            -0.256242
          ],
          [
            35.9925755,
            -0.2564821
          ]
        ]
      },
      "id": "way/672300551"
    },
    {
      "type": "Feature",
      "properties": {
        "@id": "way/672300552",
        "highway": "residential"
      },
      "geometry": {
        "type": "LineString",
        "coordinates": [
          [
            35.9928712,
            -0.2554715
          ],
          [
            35.9928156,
            -0.2556855
          ],
          [
            35.992611,
            -0.256354
          ],
          [
            35.9925755,
            -0.2564821
          ],
          [
            35.9923666,
            -0.2572348
          ],
          [
            35.9922329,
            -0.2577165
          ]
        ]
      },
      "id": "way/672300552"
    },
    {
      "type": "Feature",
      "properties": {
        "@id": "way/672300553",
        "highway": "residential"
      },
      "geometry": {
        "type": "LineString",
        "coordinates": [
          [
            35.9858438,
            -0.2513169
          ],
          [
            35.9865573,
            -0.2516145
          ],
          [
            35.9867585,
            -0.2517245
          ],
          [
            35.9867947,
            -0.2517285
          ],
          [
            35.9868497,
            -0.251746
          ],
          [
            35.9870106,
            -0.2518425
          ],
          [
            35.9870891,
            -0.2518566
          ],
          [
            35.9872466,
            -0.2518962
          ],
          [
            35.9874478,
            -0.2518881
          ],
          [
            35.9876624,
            -0.2517996
          ]
        ]
      },
      "id": "way/672300553"
    },
    {
      "type": "Feature",
      "properties": {
        "@id": "way/672300554",
        "highway": "residential"
      },
      "geometry": {
        "type": "LineString",
        "coordinates": [
          [
            35.9862533,
            -0.2505506
          ],
          [
            35.9843498,
            -0.2494902
          ]
        ]
      },
      "id": "way/672300554"
    },
    {
      "type": "Feature",
      "properties": {
        "@id": "way/672300556",
        "highway": "residential"
      },
      "geometry": {
        "type": "LineString",
        "coordinates": [
          [
            35.9892422,
            -0.2563405
          ],
          [
            35.9901351,
            -0.2566298
          ]
        ]
      },
      "id": "way/672300556"
    },
    {
      "type": "Feature",
      "properties": {
        "@id": "way/672300557",
        "highway": "residential"
      },
      "geometry": {
        "type": "LineString",
        "coordinates": [
          [
            35.989446,
            -0.2556287
          ],
          [
            35.9903212,
            -0.2559014
          ],
          [
            35.9903875,
            -0.2558993
          ],
          [
            35.9904465,
            -0.2559087
          ],
          [
            35.9905283,
            -0.2559342
          ],
          [
            35.9910923,
            -0.2561041
          ]
        ]
      },
      "id": "way/672300557"
    },
    {
      "type": "Feature",
      "properties": {
        "@id": "way/672300558",
        "highway": "residential"
      },
      "geometry": {
        "type": "LineString",
        "coordinates": [
          [
            35.989636,
            -0.2549216
          ],
          [
            35.9905549,
            -0.2551939
          ]
        ]
      },
      "id": "way/672300558"
    },
    {
      "type": "Feature",
      "properties": {
        "@id": "way/672300559",
        "highway": "residential"
      },
      "geometry": {
        "type": "LineString",
        "coordinates": [
          [
            35.9910125,
            -0.2564076
          ],
          [
            35.9917198,
            -0.2566322
          ]
        ]
      },
      "id": "way/672300559"
    },
    {
      "type": "Feature",
      "properties": {
        "@id": "way/672300560",
        "highway": "residential"
      },
      "geometry": {
        "type": "LineString",
        "coordinates": [
          [
            35.9905109,
            -0.2553079
          ],
          [
            35.9912408,
            -0.255545
          ],
          [
            35.9919672,
            -0.2557445
          ]
        ]
      },
      "id": "way/672300560"
    },
    {
      "type": "Feature",
      "properties": {
        "@id": "way/672300561",
        "highway": "residential"
      },
      "geometry": {
        "type": "LineString",
        "coordinates": [
          [
            35.9914979,
            -0.2546856
          ],
          [
            35.9921953,
            -0.2549132
          ]
        ]
      },
      "id": "way/672300561"
    },
    {
      "type": "Feature",
      "properties": {
        "@id": "way/672300562",
        "highway": "residential"
      },
      "geometry": {
        "type": "LineString",
        "coordinates": [
          [
            35.9917071,
            -0.2538354
          ],
          [
            35.9924238,
            -0.254046
          ]
        ]
      },
      "id": "way/672300562"
    },
    {
      "type": "Feature",
      "properties": {
        "@id": "way/672300563",
        "highway": "residential"
      },
      "geometry": {
        "type": "LineString",
        "coordinates": [
          [
            35.9882909,
            -0.2530504
          ],
          [
            35.9900388,
            -0.2539966
          ]
        ]
      },
      "id": "way/672300563"
    },
    {
      "type": "Feature",
      "properties": {
        "@id": "way/672300564",
        "highway": "residential"
      },
      "geometry": {
        "type": "LineString",
        "coordinates": [
          [
            35.9885169,
            -0.2525019
          ],
          [
            35.99031,
            -0.253464
          ]
        ]
      },
      "id": "way/672300564"
    },
    {
      "type": "Feature",
      "properties": {
        "@id": "way/672300565",
        "highway": "residential"
      },
      "geometry": {
        "type": "LineString",
        "coordinates": [
          [
            35.9905702,
            -0.2529222
          ],
          [
            35.9888761,
            -0.2519981
          ],
          [
            35.9888023,
            -0.2519766
          ]
        ]
      },
      "id": "way/672300565"
    },
    {
      "type": "Feature",
      "properties": {
        "@id": "way/672300566",
        "highway": "residential"
      },
      "geometry": {
        "type": "LineString",
        "coordinates": [
          [
            35.9880969,
            -0.253594
          ],
          [
            35.9881639,
            -0.2536664
          ],
          [
            35.9897532,
            -0.254513
          ]
        ]
      },
      "id": "way/672300566"
    },
    {
      "type": "Feature",
      "properties": {
        "@id": "way/672300567",
        "highway": "residential"
      },
      "geometry": {
        "type": "LineString",
        "coordinates": [
          [
            35.9888023,
            -0.2519766
          ],
          [
            35.9887514,
            -0.2519967
          ],
          [
            35.9887111,
            -0.2520437
          ],
          [
            35.9885169,
            -0.2525019
          ],
          [
            35.9884053,
            -0.2527652
          ],
          [
            35.9882909,
            -0.2530504
          ],
          [
            35.9881103,
            -0.2535001
          ],
          [
            35.9880969,
            -0.253594
          ]
        ]
      },
      "id": "way/672300567"
    },
    {
      "type": "Feature",
      "properties": {
        "@id": "way/672300568",
        "highway": "residential"
      },
      "geometry": {
        "type": "LineString",
        "coordinates": [
          [
            35.9915184,
            -0.2575117
          ],
          [
            35.9915248,
            -0.2574388
          ],
          [
            35.9915399,
            -0.257336
          ],
          [
            35.9915537,
            -0.2572847
          ],
          [
            35.9917198,
            -0.2566322
          ],
          [
            35.9918278,
            -0.256242
          ],
          [
            35.9919672,
            -0.2557445
          ],
          [
            35.9920497,
            -0.2554398
          ]
        ]
      },
      "id": "way/672300568"
    },
    {
      "type": "Feature",
      "properties": {
        "@id": "way/672300569",
        "highway": "residential"
      },
      "geometry": {
        "type": "LineString",
        "coordinates": [
          [
            35.9846018,
            -0.2432436
          ],
          [
            35.9849493,
            -0.2426145
          ],
          [
            35.9853892,
            -0.241771
          ],
          [
            35.9859189,
            -0.2407892
          ],
          [
            35.9865546,
            -0.2395823
          ],
          [
            35.9868014,
            -0.2391316
          ],
          [
            35.986906,
            -0.2389332
          ],
          [
            35.9875095,
            -0.237804
          ],
          [
            35.9880606,
            -0.2367902
          ],
          [
            35.9886762,
            -0.2356555
          ],
          [
            35.9892341,
            -0.2346041
          ],
          [
            35.990211,
            -0.2327687
          ]
        ]
      },
      "id": "way/672300569"
    },
    {
      "type": "Feature",
      "properties": {
        "@id": "way/672300570",
        "highway": "residential"
      },
      "geometry": {
        "type": "LineString",
        "coordinates": [
          [
            35.9780677,
            -0.239793
          ],
          [
            35.9791234,
            -0.2403484
          ],
          [
            35.981906,
            -0.2418123
          ],
          [
            35.9824187,
            -0.2420821
          ],
          [
            35.9835894,
            -0.2427164
          ],
          [
            35.9841031,
            -0.242994
          ],
          [
            35.9844196,
            -0.2431657
          ],
          [
            35.9846018,
            -0.2432436
          ]
        ]
      },
      "id": "way/672300570"
    },
    {
      "type": "Feature",
      "properties": {
        "@id": "way/672316418",
        "highway": "residential",
        "name": "Crater Avenue"
      },
      "geometry": {
        "type": "LineString",
        "coordinates": [
          [
            35.9825948,
            -0.2622361
          ],
          [
            35.9838048,
            -0.2602946
          ]
        ]
      },
      "id": "way/672316418"
    },
    {
      "type": "Feature",
      "properties": {
        "@id": "way/672316419",
        "highway": "residential"
      },
      "geometry": {
        "type": "LineString",
        "coordinates": [
          [
            35.9976017,
            -0.2597392
          ],
          [
            35.9977318,
            -0.2595545
          ],
          [
            35.9984556,
            -0.2585265
          ],
          [
            35.9984764,
            -0.2585044
          ],
          [
            35.9985039,
            -0.2584977
          ],
          [
            35.9985414,
            -0.2585084
          ],
          [
            35.9985857,
            -0.2585319
          ],
          [
            35.998933,
            -0.2586968
          ],
          [
            35.9989813,
            -0.2587009
          ],
          [
            35.9990229,
            -0.2586714
          ],
          [
            35.9990537,
            -0.2586325
          ],
          [
            35.9994856,
            -0.2580518
          ]
        ]
      },
      "id": "way/672316419"
    },
    {
      "type": "Feature",
      "properties": {
        "@id": "way/672316422",
        "highway": "residential"
      },
      "geometry": {
        "type": "LineString",
        "coordinates": [
          [
            35.9911506,
            -0.2583119
          ],
          [
            35.9913272,
            -0.257963
          ],
          [
            35.9914014,
            -0.2578479
          ],
          [
            35.9914718,
            -0.2577196
          ]
        ]
      },
      "id": "way/672316422"
    },
    {
      "type": "Feature",
      "properties": {
        "@id": "way/672316423",
        "highway": "residential"
      },
      "geometry": {
        "type": "LineString",
        "coordinates": [
          [
            35.9922798,
            -0.2586969
          ],
          [
            35.9923857,
            -0.2585319
          ],
          [
            35.9925225,
            -0.2583361
          ]
        ]
      },
      "id": "way/672316423"
    },
    {
      "type": "Feature",
      "properties": {
        "@id": "way/672316425",
        "highway": "residential"
      },
      "geometry": {
        "type": "LineString",
        "coordinates": [
          [
            35.9913424,
            -0.260168
          ],
          [
            35.9913544,
            -0.260221
          ],
          [
            35.9913477,
            -0.2602793
          ],
          [
            35.9913249,
            -0.260337
          ],
          [
            35.9912123,
            -0.2605207
          ],
          [
            35.9906691,
            -0.2614018
          ],
          [
            35.9902285,
            -0.2621233
          ]
        ]
      },
      "id": "way/672316425"
    },
    {
      "type": "Feature",
      "properties": {
        "@id": "way/672316426",
        "highway": "residential"
      },
      "geometry": {
        "type": "LineString",
        "coordinates": [
          [
            35.9894601,
            -0.2589576
          ],
          [
            35.9891912,
            -0.2593714
          ],
          [
            35.9891885,
            -0.2594277
          ],
          [
            35.98921,
            -0.2594599
          ],
          [
            35.9892529,
            -0.2594867
          ],
          [
            35.990122,
            -0.2597201
          ],
          [
            35.9901669,
            -0.2597395
          ],
          [
            35.9902178,
            -0.2597824
          ],
          [
            35.9902601,
            -0.2598166
          ],
          [
            35.9903097,
            -0.2598488
          ],
          [
            35.9907194,
            -0.259965
          ],
          [
            35.9909722,
            -0.2600326
          ],
          [
            35.9913424,
            -0.260168
          ]
        ]
      },
      "id": "way/672316426"
    },
    {
      "type": "Feature",
      "properties": {
        "@id": "way/672316428",
        "highway": "residential"
      },
      "geometry": {
        "type": "LineString",
        "coordinates": [
          [
            35.9897466,
            -0.2584706
          ],
          [
            35.9913209,
            -0.2590415
          ]
        ]
      },
      "id": "way/672316428"
    },
    {
      "type": "Feature",
      "properties": {
        "@id": "way/672316430",
        "highway": "residential",
        "name": "1st Avenue"
      },
      "geometry": {
        "type": "LineString",
        "coordinates": [
          [
            35.9910537,
            -0.2594384
          ],
          [
            35.9913209,
            -0.2590415
          ],
          [
            35.9914899,
            -0.2587599
          ],
          [
            35.9916562,
            -0.2584902
          ],
          [
            35.9918788,
            -0.2581363
          ],
          [
            35.9919861,
            -0.2578882
          ]
        ]
      },
      "id": "way/672316430"
    },
    {
      "type": "Feature",
      "properties": {
        "@id": "way/672316431",
        "highway": "residential"
      },
      "geometry": {
        "type": "LineString",
        "coordinates": [
          [
            35.9900689,
            -0.2579368
          ],
          [
            35.9901873,
            -0.2579673
          ],
          [
            35.9903781,
            -0.258025
          ],
          [
            35.990649,
            -0.2581215
          ],
          [
            35.9911506,
            -0.2583119
          ],
          [
            35.9916562,
            -0.2584902
          ],
          [
            35.9922798,
            -0.2586969
          ]
        ]
      },
      "id": "way/672316431"
    },
    {
      "type": "Feature",
      "properties": {
        "@id": "way/672316433",
        "highway": "residential"
      },
      "geometry": {
        "type": "LineString",
        "coordinates": [
          [
            35.9849073,
            -0.2530317
          ],
          [
            35.9858277,
            -0.2535618
          ],
          [
            35.9858847,
            -0.2536074
          ],
          [
            35.9859458,
            -0.2536771
          ],
          [
            35.9860128,
            -0.2537375
          ],
          [
            35.9860799,
            -0.2537844
          ],
          [
            35.9864446,
            -0.2539641
          ]
        ]
      },
      "id": "way/672316433"
    },
    {
      "type": "Feature",
      "properties": {
        "@id": "way/672316434",
        "highway": "residential"
      },
      "geometry": {
        "type": "LineString",
        "coordinates": [
          [
            35.9973254,
            -0.2558471
          ],
          [
            35.9962347,
            -0.2552838
          ],
          [
            35.9951584,
            -0.2547016
          ],
          [
            35.9946058,
            -0.2543937
          ],
          [
            35.9940755,
            -0.2540982
          ],
          [
            35.9933471,
            -0.253721
          ]
        ]
      },
      "id": "way/672316434"
    },
    {
      "type": "Feature",
      "properties": {
        "@id": "way/672316435",
        "highway": "residential"
      },
      "geometry": {
        "type": "LineString",
        "coordinates": [
          [
            35.9908465,
            -0.252376
          ],
          [
            35.9886897,
            -0.2511639
          ],
          [
            35.9875873,
            -0.2505604
          ],
          [
            35.9865455,
            -0.2500041
          ]
        ]
      },
      "id": "way/672316435"
    },
    {
      "type": "Feature",
      "properties": {
        "@id": "way/672316437",
        "highway": "path"
      },
      "geometry": {
        "type": "LineString",
        "coordinates": [
          [
            35.9908465,
            -0.252376
          ],
          [
            35.9912565,
            -0.2516373
          ]
        ]
      },
      "id": "way/672316437"
    },
    {
      "type": "Feature",
      "properties": {
        "@id": "way/672316438",
        "highway": "residential"
      },
      "geometry": {
        "type": "LineString",
        "coordinates": [
          [
            35.9836366,
            -0.2553155
          ],
          [
            35.9843652,
            -0.2540059
          ],
          [
            35.9849073,
            -0.2530317
          ],
          [
            35.9854026,
            -0.2521416
          ],
          [
            35.9858438,
            -0.2513169
          ],
          [
            35.9862533,
            -0.2505506
          ],
          [
            35.9865455,
            -0.2500041
          ],
          [
            35.9877415,
            -0.2478218
          ]
        ]
      },
      "id": "way/672316438"
    },
    {
      "type": "Feature",
      "properties": {
        "@id": "way/672316440",
        "highway": "residential"
      },
      "geometry": {
        "type": "LineString",
        "coordinates": [
          [
            35.9912605,
            -0.2412868
          ],
          [
            35.9916522,
            -0.2405613
          ],
          [
            35.9918614,
            -0.2401924
          ],
          [
            35.9920317,
            -0.2398612
          ],
          [
            35.992147,
            -0.2396319
          ],
          [
            35.9923133,
            -0.2392993
          ],
          [
            35.9924179,
            -0.2390807
          ],
          [
            35.993169,
            -0.2389009
          ],
          [
            35.9932628,
            -0.2388782
          ],
          [
            35.9933431,
            -0.238838
          ],
          [
            35.9933835,
            -0.2387897
          ],
          [
            35.9934211,
            -0.2387266
          ],
          [
            35.9934948,
            -0.2385765
          ],
          [
            35.9937999,
            -0.2379951
          ],
          [
            35.9940822,
            -0.2374845
          ]
        ]
      },
      "id": "way/672316440"
    },
    {
      "type": "Feature",
      "properties": {
        "@id": "way/672316441",
        "highway": "path"
      },
      "geometry": {
        "type": "LineString",
        "coordinates": [
          [
            36.0001735,
            -0.2518234
          ],
          [
            36.0021767,
            -0.253282
          ]
        ]
      },
      "id": "way/672316441"
    },
    {
      "type": "Feature",
      "properties": {
        "@id": "way/672316443",
        "highway": "path"
      },
      "geometry": {
        "type": "LineString",
        "coordinates": [
          [
            35.9965039,
            -0.2497924
          ],
          [
            35.9975384,
            -0.2503955
          ],
          [
            36.0001735,
            -0.2518234
          ]
        ]
      },
      "id": "way/672316443"
    },
    {
      "type": "Feature",
      "properties": {
        "@id": "way/672316444",
        "highway": "residential"
      },
      "geometry": {
        "type": "LineString",
        "coordinates": [
          [
            35.9969254,
            -0.2462944
          ],
          [
            35.9958109,
            -0.2457888
          ],
          [
            35.9951082,
            -0.2454697
          ]
        ]
      },
      "id": "way/672316444"
    },
    {
      "type": "Feature",
      "properties": {
        "@id": "way/672316445",
        "highway": "residential"
      },
      "geometry": {
        "type": "LineString",
        "coordinates": [
          [
            35.9791192,
            -0.2541858
          ],
          [
            35.9790713,
            -0.2543423
          ],
          [
            35.9790538,
            -0.2543872
          ],
          [
            35.979031,
            -0.2544308
          ],
          [
            35.9790009,
            -0.2544476
          ],
          [
            35.9789532,
            -0.2544416
          ],
          [
            35.9788802,
            -0.2544208
          ],
          [
            35.9788325,
            -0.2544281
          ],
          [
            35.978803,
            -0.2544603
          ],
          [
            35.9787843,
            -0.2545153
          ],
          [
            35.9786765,
            -0.2549484
          ],
          [
            35.978567,
            -0.2553884
          ],
          [
            35.9784222,
            -0.2559623
          ],
          [
            35.9783363,
            -0.256303
          ],
          [
            35.9782801,
            -0.2564827
          ],
          [
            35.9780654,
            -0.2571693
          ]
        ]
      },
      "id": "way/672316445"
    },
    {
      "type": "Feature",
      "properties": {
        "@id": "way/672316446",
        "highway": "residential"
      },
      "geometry": {
        "type": "LineString",
        "coordinates": [
          [
            35.98257,
            -0.25541
          ],
          [
            35.9821336,
            -0.2552257
          ],
          [
            35.9815197,
            -0.2549646
          ],
          [
            35.981142,
            -0.2548267
          ],
          [
            35.9808326,
            -0.2547137
          ],
          [
            35.9799504,
            -0.2544375
          ],
          [
            35.9791192,
            -0.2541858
          ]
        ]
      },
      "id": "way/672316446"
    },
    {
      "type": "Feature",
      "properties": {
        "@id": "way/672316447",
        "highway": "residential"
      },
      "geometry": {
        "type": "LineString",
        "coordinates": [
          [
            35.989131,
            -0.256754
          ],
          [
            35.9899764,
            -0.257029
          ],
          [
            35.9900174,
            -0.2570485
          ],
          [
            35.9907547,
            -0.2572619
          ],
          [
            35.9915184,
            -0.2575117
          ],
          [
            35.9922329,
            -0.2577165
          ],
          [
            35.9931073,
            -0.2580035
          ],
          [
            35.9935713,
            -0.2581403
          ],
          [
            35.9942365,
            -0.2583495
          ],
          [
            35.9953078,
            -0.2587159
          ]
        ]
      },
      "id": "way/672316447"
    },
    {
      "type": "Feature",
      "properties": {
        "@id": "way/672316448",
        "highway": "path"
      },
      "geometry": {
        "type": "LineString",
        "coordinates": [
          [
            35.9963035,
            -0.2524909
          ],
          [
            35.998726,
            -0.2538751
          ]
        ]
      },
      "id": "way/672316448"
    },
    {
      "type": "Feature",
      "properties": {
        "@id": "way/672320370",
        "highway": "residential",
        "name": "Crater Avenue"
      },
      "geometry": {
        "type": "LineString",
        "coordinates": [
          [
            35.9838048,
            -0.2602946
          ],
          [
            35.9848688,
            -0.2586312
          ],
          [
            35.984948,
            -0.2585104
          ]
        ]
      },
      "id": "way/672320370"
    },
    {
      "type": "Feature",
      "properties": {
        "@id": "way/672320371",
        "highway": "residential"
      },
      "geometry": {
        "type": "LineString",
        "coordinates": [
          [
            35.9845936,
            -0.2607165
          ],
          [
            35.9834606,
            -0.2624691
          ]
        ]
      },
      "id": "way/672320371"
    },
    {
      "type": "Feature",
      "properties": {
        "@id": "way/672320372",
        "highway": "residential"
      },
      "geometry": {
        "type": "LineString",
        "coordinates": [
          [
            35.984948,
            -0.2585104
          ],
          [
            35.9851185,
            -0.2581968
          ]
        ]
      },
      "id": "way/672320372"
    },
    {
      "type": "Feature",
      "properties": {
        "@id": "way/672320373",
        "highway": "residential"
      },
      "geometry": {
        "type": "LineString",
        "coordinates": [
          [
            35.986008,
            -0.2584743
          ],
          [
            35.9858624,
            -0.2587055
          ],
          [
            35.9856966,
            -0.2589688
          ]
        ]
      },
      "id": "way/672320373"
    },
    {
      "type": "Feature",
      "properties": {
        "@id": "way/672320374",
        "highway": "residential"
      },
      "geometry": {
        "type": "LineString",
        "coordinates": [
          [
            35.9863368,
            -0.2569738
          ],
          [
            35.9859491,
            -0.2568274
          ],
          [
            35.985813,
            -0.2567737
          ],
          [
            35.9857513,
            -0.2567858
          ]
        ]
      },
      "id": "way/672320374"
    },
    {
      "type": "Feature",
      "properties": {
        "@id": "way/672320375",
        "highway": "residential"
      },
      "geometry": {
        "type": "LineString",
        "coordinates": [
          [
            35.9855501,
            -0.2583435
          ],
          [
            35.986008,
            -0.2584743
          ],
          [
            35.9860849,
            -0.2584825
          ],
          [
            35.9861436,
            -0.2584615
          ],
          [
            35.9861872,
            -0.2584324
          ],
          [
            35.9862736,
            -0.2583216
          ],
          [
            35.9863696,
            -0.2581745
          ],
          [
            35.9864631,
            -0.2580016
          ],
          [
            35.9865018,
            -0.2579497
          ],
          [
            35.9865403,
            -0.2579097
          ],
          [
            35.9865735,
            -0.2578852
          ],
          [
            35.9866185,
            -0.2578541
          ],
          [
            35.9866516,
            -0.2578307
          ],
          [
            35.9866697,
            -0.2578145
          ],
          [
            35.9867844,
            -0.2576328
          ],
          [
            35.9870237,
            -0.2572481
          ],
          [
            35.987231,
            -0.2568966
          ],
          [
            35.9873285,
            -0.2567284
          ]
        ]
      },
      "id": "way/672320375"
    },
    {
      "type": "Feature",
      "properties": {
        "@id": "way/672320376",
        "highway": "residential"
      },
      "geometry": {
        "type": "LineString",
        "coordinates": [
          [
            35.9857513,
            -0.2567858
          ],
          [
            35.9856976,
            -0.2568337
          ],
          [
            35.9853356,
            -0.257455
          ],
          [
            35.9849803,
            -0.2580388
          ],
          [
            35.9849855,
            -0.2580974
          ],
          [
            35.9850311,
            -0.2581564
          ],
          [
            35.9851185,
            -0.2581968
          ],
          [
            35.9855501,
            -0.2583435
          ]
        ]
      },
      "id": "way/672320376"
    },
    {
      "type": "Feature",
      "properties": {
        "@id": "way/672320377",
        "highway": "residential"
      },
      "geometry": {
        "type": "LineString",
        "coordinates": [
          [
            35.9973254,
            -0.2558471
          ],
          [
            35.9967819,
            -0.2565793
          ],
          [
            35.9962374,
            -0.2573464
          ],
          [
            35.9953078,
            -0.2587159
          ],
          [
            35.9952009,
            -0.2588762
          ]
        ]
      },
      "id": "way/672320377"
    },
    {
      "type": "Feature",
      "properties": {
        "@id": "way/672320378",
        "highway": "residential"
      },
      "geometry": {
        "type": "LineString",
        "coordinates": [
          [
            35.9950237,
            -0.2562829
          ],
          [
            35.9950237,
            -0.2563352
          ],
          [
            35.9947327,
            -0.2571076
          ],
          [
            35.9942365,
            -0.2583495
          ]
        ]
      },
      "id": "way/672320378"
    },
    {
      "type": "Feature",
      "properties": {
        "@id": "way/672320379",
        "highway": "residential"
      },
      "geometry": {
        "type": "LineString",
        "coordinates": [
          [
            35.9941445,
            -0.2560534
          ],
          [
            35.9939656,
            -0.256767
          ],
          [
            35.9939346,
            -0.2568866
          ],
          [
            35.9937334,
            -0.2576645
          ],
          [
            35.9935713,
            -0.2581403
          ]
        ]
      },
      "id": "way/672320379"
    },
    {
      "type": "Feature",
      "properties": {
        "@id": "way/672320380",
        "highway": "residential"
      },
      "geometry": {
        "type": "LineString",
        "coordinates": [
          [
            35.9933471,
            -0.253721
          ],
          [
            35.9931368,
            -0.2545569
          ],
          [
            35.9930386,
            -0.2548951
          ],
          [
            35.9928712,
            -0.2554715
          ]
        ]
      },
      "id": "way/672320380"
    },
    {
      "type": "Feature",
      "properties": {
        "@id": "way/672320381",
        "highway": "residential"
      },
      "geometry": {
        "type": "LineString",
        "coordinates": [
          [
            35.9920497,
            -0.2554398
          ],
          [
            35.9921953,
            -0.2549132
          ],
          [
            35.9922691,
            -0.2546463
          ],
          [
            35.9923637,
            -0.2543044
          ],
          [
            35.9924238,
            -0.254046
          ],
          [
            35.9926309,
            -0.253336
          ]
        ]
      },
      "id": "way/672320381"
    },
    {
      "type": "Feature",
      "properties": {
        "@id": "way/672320382",
        "highway": "residential"
      },
      "geometry": {
        "type": "LineString",
        "coordinates": [
          [
            35.9919175,
            -0.2529576
          ],
          [
            35.9917071,
            -0.2538354
          ],
          [
            35.9914979,
            -0.2546856
          ]
        ]
      },
      "id": "way/672320382"
    },
    {
      "type": "Feature",
      "properties": {
        "@id": "way/672320383",
        "highway": "residential"
      },
      "geometry": {
        "type": "LineString",
        "coordinates": [
          [
            35.9913168,
            -0.252617
          ],
          [
            35.9905549,
            -0.2551939
          ],
          [
            35.9905109,
            -0.2553079
          ]
        ]
      },
      "id": "way/672320383"
    },
    {
      "type": "Feature",
      "properties": {
        "@id": "way/672320384",
        "highway": "residential"
      },
      "geometry": {
        "type": "LineString",
        "coordinates": [
          [
            35.9897532,
            -0.254513
          ],
          [
            35.9900388,
            -0.2539966
          ],
          [
            35.99031,
            -0.253464
          ],
          [
            35.9905702,
            -0.2529222
          ],
          [
            35.9908465,
            -0.252376
          ]
        ]
      },
      "id": "way/672320384"
    },
    {
      "type": "Feature",
      "properties": {
        "@id": "way/672320385",
        "highway": "residential"
      },
      "geometry": {
        "type": "LineString",
        "coordinates": [
          [
            35.9925225,
            -0.2583361
          ],
          [
            35.9938288,
            -0.2586955
          ],
          [
            35.9950867,
            -0.259071
          ],
          [
            35.9957278,
            -0.2592641
          ],
          [
            35.9964707,
            -0.2594867
          ],
          [
            35.9969857,
            -0.2596986
          ],
          [
            35.9975302,
            -0.2599856
          ],
          [
            35.998064,
            -0.2602941
          ],
          [
            35.9984905,
            -0.2605891
          ],
          [
            35.998933,
            -0.2609378
          ],
          [
            35.9992683,
            -0.261257
          ],
          [
            35.9996143,
            -0.2616112
          ]
        ]
      },
      "id": "way/672320385"
    },
    {
      "type": "Feature",
      "properties": {
        "@id": "way/672320386",
        "highway": "residential"
      },
      "geometry": {
        "type": "LineString",
        "coordinates": [
          [
            35.9815764,
            -0.2604027
          ],
          [
            35.9815637,
            -0.2604456
          ],
          [
            35.9815684,
            -0.2604845
          ],
          [
            35.9815872,
            -0.260514
          ],
          [
            35.9816106,
            -0.2605335
          ],
          [
            35.9823006,
            -0.2607715
          ],
          [
            35.9823657,
            -0.260807
          ],
          [
            35.9824297,
            -0.2608611
          ],
          [
            35.9825856,
            -0.2609739
          ]
        ]
      },
      "id": "way/672320386"
    },
    {
      "type": "Feature",
      "properties": {
        "@id": "way/672320387",
        "highway": "residential"
      },
      "geometry": {
        "type": "LineString",
        "coordinates": [
          [
            35.9809295,
            -0.2590099
          ],
          [
            35.9820941,
            -0.2590683
          ],
          [
            35.98219,
            -0.259073
          ],
          [
            35.9822255,
            -0.2590898
          ],
          [
            35.9822316,
            -0.2591146
          ],
          [
            35.9822336,
            -0.2591441
          ],
          [
            35.9822155,
            -0.259185
          ],
          [
            35.9821826,
            -0.259248
          ],
          [
            35.9815764,
            -0.2604027
          ]
        ]
      },
      "id": "way/672320387"
    },
    {
      "type": "Feature",
      "properties": {
        "@id": "way/672320388",
        "highway": "residential"
      },
      "geometry": {
        "type": "LineString",
        "coordinates": [
          [
            35.9910537,
            -0.2594384
          ],
          [
            35.9907194,
            -0.259965
          ]
        ]
      },
      "id": "way/672320388"
    },
    {
      "type": "Feature",
      "properties": {
        "@id": "way/672320389",
        "highway": "residential"
      },
      "geometry": {
        "type": "LineString",
        "coordinates": [
          [
            35.9902628,
            -0.2576236
          ],
          [
            35.9901122,
            -0.2578734
          ],
          [
            35.9900689,
            -0.2579368
          ],
          [
            35.9900579,
            -0.2579529
          ],
          [
            35.9900361,
            -0.2579847
          ],
          [
            35.9899446,
            -0.2581269
          ],
          [
            35.9897466,
            -0.2584706
          ],
          [
            35.9894601,
            -0.2589576
          ],
          [
            35.9910537,
            -0.2594384
          ]
        ]
      },
      "id": "way/672320389"
    },
    {
      "type": "Feature",
      "properties": {
        "@id": "way/672322087",
        "highway": "residential",
        "source": "LandSat"
      },
      "geometry": {
        "type": "LineString",
        "coordinates": [
          [
            35.9828733,
            -0.213734
          ],
          [
            35.9834674,
            -0.214131
          ],
          [
            35.9835063,
            -0.2141658
          ],
          [
            35.9835358,
            -0.2142021
          ],
          [
            35.9835371,
            -0.2142342
          ],
          [
            35.983521,
            -0.2142731
          ],
          [
            35.9835037,
            -0.214302
          ],
          [
            35.9815184,
            -0.2171946
          ],
          [
            35.9797217,
            -0.2198239
          ],
          [
            35.9796287,
            -0.2199602
          ],
          [
            35.9795962,
            -0.2200079
          ],
          [
            35.9780936,
            -0.2222111
          ],
          [
            35.9772433,
            -0.2234181
          ],
          [
            35.9763963,
            -0.2246495
          ],
          [
            35.9758754,
            -0.225427
          ],
          [
            35.9754364,
            -0.2261068
          ]
        ]
      },
      "id": "way/672322087"
    },
    {
      "type": "Feature",
      "properties": {
        "@id": "way/672322088",
        "highway": "residential",
        "source": "LandSat"
      },
      "geometry": {
        "type": "LineString",
        "coordinates": [
          [
            35.9540009,
            -0.2215556
          ],
          [
            35.9557698,
            -0.2222422
          ],
          [
            35.9578657,
            -0.2227929
          ],
          [
            35.9591587,
            -0.2231326
          ],
          [
            35.9640173,
            -0.2240972
          ],
          [
            35.967438,
            -0.2248066
          ],
          [
            35.9697458,
            -0.2252668
          ],
          [
            35.9707998,
            -0.225124
          ],
          [
            35.973237,
            -0.2256678
          ],
          [
            35.9732937,
            -0.2257476
          ],
          [
            35.9752639,
            -0.2260962
          ]
        ]
      },
      "id": "way/672322088"
    },
    {
      "type": "Feature",
      "properties": {
        "@id": "way/672335213",
        "highway": "residential"
      },
      "geometry": {
        "type": "LineString",
        "coordinates": [
          [
            35.9957278,
            -0.2592641
          ],
          [
            35.9950331,
            -0.2602994
          ],
          [
            35.9938873,
            -0.2620656
          ]
        ]
      },
      "id": "way/672335213"
    },
    {
      "type": "Feature",
      "properties": {
        "@id": "way/672335214",
        "highway": "residential"
      },
      "geometry": {
        "type": "LineString",
        "coordinates": [
          [
            35.9903864,
            -0.2573881
          ],
          [
            35.9902628,
            -0.2576236
          ]
        ]
      },
      "id": "way/672335214"
    },
    {
      "type": "Feature",
      "properties": {
        "@id": "way/672335215",
        "highway": "residential"
      },
      "geometry": {
        "type": "LineString",
        "coordinates": [
          [
            35.9964707,
            -0.2594867
          ],
          [
            35.9965888,
            -0.2592963
          ]
        ]
      },
      "id": "way/672335215"
    },
    {
      "type": "Feature",
      "properties": {
        "@id": "way/672335216",
        "highway": "residential"
      },
      "geometry": {
        "type": "LineString",
        "coordinates": [
          [
            35.9950867,
            -0.259071
          ],
          [
            35.9952009,
            -0.2588762
          ]
        ]
      },
      "id": "way/672335216"
    },
    {
      "type": "Feature",
      "properties": {
        "@id": "way/672359296",
        "highway": "residential"
      },
      "geometry": {
        "type": "LineString",
        "coordinates": [
          [
            35.9812519,
            -0.2545703
          ],
          [
            35.981142,
            -0.2548267
          ]
        ]
      },
      "id": "way/672359296"
    },
    {
      "type": "Feature",
      "properties": {
        "@id": "way/672359297",
        "highway": "path"
      },
      "geometry": {
        "type": "LineString",
        "coordinates": [
          [
            35.995375,
            -0.2491834
          ],
          [
            35.9965039,
            -0.2497924
          ]
        ]
      },
      "id": "way/672359297"
    },
    {
      "type": "Feature",
      "properties": {
        "@id": "way/672359298",
        "highway": "residential"
      },
      "geometry": {
        "type": "LineString",
        "coordinates": [
          [
            35.9788484,
            -0.2486584
          ],
          [
            35.9792866,
            -0.2478502
          ],
          [
            35.9797837,
            -0.2469278
          ]
        ]
      },
      "id": "way/672359298"
    },
    {
      "type": "Feature",
      "properties": {
        "@id": "way/672842544",
        "highway": "residential"
      },
      "geometry": {
        "type": "LineString",
        "coordinates": [
          [
            35.9895479,
            -0.2768939
          ],
          [
            35.9885636,
            -0.2761404
          ],
          [
            35.986568,
            -0.2744399
          ],
          [
            35.985262,
            -0.2733533
          ],
          [
            35.9849238,
            -0.273072
          ],
          [
            35.984387,
            -0.272616
          ],
          [
            35.9830168,
            -0.2714519
          ],
          [
            35.9794521,
            -0.2683138
          ],
          [
            35.9792949,
            -0.2681822
          ],
          [
            35.9776738,
            -0.2668252
          ],
          [
            35.9768192,
            -0.2660877
          ]
        ]
      },
      "id": "way/672842544"
    },
    {
      "type": "Feature",
      "properties": {
        "@id": "way/672850042",
        "highway": "residential"
      },
      "geometry": {
        "type": "LineString",
        "coordinates": [
          [
            35.9898952,
            -0.2630629
          ],
          [
            35.9885076,
            -0.2626587
          ]
        ]
      },
      "id": "way/672850042"
    },
    {
      "type": "Feature",
      "properties": {
        "@id": "way/672850043",
        "highway": "residential",
        "name": "Crater Avenue"
      },
      "geometry": {
        "type": "LineString",
        "coordinates": [
          [
            35.9877433,
            -0.2638916
          ],
          [
            35.9882162,
            -0.2631224
          ],
          [
            35.9885076,
            -0.2626587
          ],
          [
            35.9886494,
            -0.2624318
          ],
          [
            35.9886642,
            -0.2623486
          ],
          [
            35.9886601,
            -0.2622883
          ],
          [
            35.9886629,
            -0.2622159
          ],
          [
            35.9886816,
            -0.2621622
          ],
          [
            35.9887063,
            -0.2621233
          ],
          [
            35.988754,
            -0.2620174
          ],
          [
            35.9888305,
            -0.2618873
          ],
          [
            35.9888808,
            -0.2618122
          ],
          [
            35.9889418,
            -0.2617237
          ],
          [
            35.9889632,
            -0.2616915
          ],
          [
            35.9889994,
            -0.2616513
          ]
        ]
      },
      "id": "way/672850043"
    },
    {
      "type": "Feature",
      "properties": {
        "@id": "way/672850044",
        "highway": "residential",
        "noname": "yes"
      },
      "geometry": {
        "type": "LineString",
        "coordinates": [
          [
            35.9921488,
            -0.2729292
          ],
          [
            35.9895346,
            -0.2708404
          ]
        ]
      },
      "id": "way/672850044"
    },
    {
      "type": "Feature",
      "properties": {
        "@id": "way/672850045",
        "highway": "residential"
      },
      "geometry": {
        "type": "LineString",
        "coordinates": [
          [
            35.9792949,
            -0.2681822
          ],
          [
            35.9784919,
            -0.2691292
          ],
          [
            35.9784517,
            -0.2691801
          ],
          [
            35.9784409,
            -0.2692499
          ],
          [
            35.9804499,
            -0.2714278
          ],
          [
            35.9825085,
            -0.2736527
          ],
          [
            35.9826386,
            -0.2737962
          ],
          [
            35.9826681,
            -0.2738632
          ],
          [
            35.9826614,
            -0.2739048
          ],
          [
            35.9825876,
            -0.2739772
          ],
          [
            35.9822872,
            -0.2742495
          ]
        ]
      },
      "id": "way/672850045"
    },
    {
      "type": "Feature",
      "properties": {
        "@id": "way/672850046",
        "highway": "residential",
        "noname": "yes"
      },
      "geometry": {
        "type": "LineString",
        "coordinates": [
          [
            35.9953855,
            -0.277139
          ],
          [
            35.9963589,
            -0.27779
          ],
          [
            35.9972566,
            -0.2783961
          ]
        ]
      },
      "id": "way/672850046"
    },
    {
      "type": "Feature",
      "properties": {
        "@id": "way/672850047",
        "highway": "residential",
        "noname": "yes"
      },
      "geometry": {
        "type": "LineString",
        "coordinates": [
          [
            35.9981962,
            -0.2728276
          ],
          [
            35.9984666,
            -0.2729885
          ],
          [
            35.9987055,
            -0.2731323
          ],
          [
            35.9989196,
            -0.2732812
          ],
          [
            35.9990361,
            -0.2733826
          ],
          [
            35.9994507,
            -0.2736554
          ],
          [
            36.0000217,
            -0.2740303
          ]
        ]
      },
      "id": "way/672850047"
    },
    {
      "type": "Feature",
      "properties": {
        "@id": "way/672850048",
        "highway": "residential",
        "noname": "yes"
      },
      "geometry": {
        "type": "LineString",
        "coordinates": [
          [
            35.9982105,
            -0.2739112
          ],
          [
            35.9994396,
            -0.2747477
          ],
          [
            35.9994674,
            -0.2747638
          ],
          [
            35.9995023,
            -0.2747634
          ],
          [
            35.9995285,
            -0.2747597
          ],
          [
            35.9995641,
            -0.2747239
          ],
          [
            36.0000217,
            -0.2740303
          ]
        ]
      },
      "id": "way/672850048"
    },
    {
      "type": "Feature",
      "properties": {
        "@id": "way/672850049",
        "highway": "residential",
        "noname": "yes"
      },
      "geometry": {
        "type": "LineString",
        "coordinates": [
          [
            35.9982105,
            -0.2739112
          ],
          [
            35.998265,
            -0.2738362
          ],
          [
            35.9987055,
            -0.2731323
          ]
        ]
      },
      "id": "way/672850049"
    },
    {
      "type": "Feature",
      "properties": {
        "@id": "way/672850050",
        "highway": "residential",
        "noname": "yes"
      },
      "geometry": {
        "type": "LineString",
        "coordinates": [
          [
            35.995256,
            -0.2681767
          ],
          [
            35.9962669,
            -0.2688972
          ],
          [
            35.9965117,
            -0.2690443
          ],
          [
            35.996865,
            -0.2692807
          ],
          [
            35.9969079,
            -0.2692915
          ],
          [
            35.9969723,
            -0.2692995
          ],
          [
            35.9970206,
            -0.269274
          ],
          [
            35.9973505,
            -0.2687282
          ]
        ]
      },
      "id": "way/672850050"
    },
    {
      "type": "Feature",
      "properties": {
        "@id": "way/672850051",
        "highway": "residential",
        "noname": "yes"
      },
      "geometry": {
        "type": "LineString",
        "coordinates": [
          [
            35.9932126,
            -0.2713004
          ],
          [
            35.9951055,
            -0.2725758
          ],
          [
            35.9973859,
            -0.2741054
          ]
        ]
      },
      "id": "way/672850051"
    },
    {
      "type": "Feature",
      "properties": {
        "@id": "way/672850052",
        "highway": "residential",
        "noname": "yes"
      },
      "geometry": {
        "type": "LineString",
        "coordinates": [
          [
            35.9960169,
            -0.276144
          ],
          [
            35.9950089,
            -0.2754819
          ],
          [
            35.993987,
            -0.2748074
          ],
          [
            35.9938821,
            -0.2747323
          ],
          [
            35.9918694,
            -0.273355
          ]
        ]
      },
      "id": "way/672850052"
    },
    {
      "type": "Feature",
      "properties": {
        "@id": "way/672850053",
        "highway": "residential",
        "noname": "yes"
      },
      "geometry": {
        "type": "LineString",
        "coordinates": [
          [
            35.9899597,
            -0.2809106
          ],
          [
            35.9899771,
            -0.2807846
          ],
          [
            35.9900106,
            -0.2807216
          ],
          [
            35.9900697,
            -0.2806625
          ],
          [
            35.9912659,
            -0.2788508
          ],
          [
            35.9919392,
            -0.277743
          ],
          [
            35.9925641,
            -0.2767613
          ],
          [
            35.9933125,
            -0.2756536
          ],
          [
            35.9938821,
            -0.2747323
          ]
        ]
      },
      "id": "way/672850053"
    },
    {
      "type": "Feature",
      "properties": {
        "@id": "way/672850054",
        "highway": "residential",
        "noname": "yes"
      },
      "geometry": {
        "type": "LineString",
        "coordinates": [
          [
            35.9891676,
            -0.2774845
          ],
          [
            35.9897558,
            -0.2778637
          ],
          [
            35.9907174,
            -0.2784793
          ],
          [
            35.9912659,
            -0.2788508
          ],
          [
            35.9923562,
            -0.2795736
          ],
          [
            35.993374,
            -0.2802259
          ]
        ]
      },
      "id": "way/672850054"
    },
    {
      "type": "Feature",
      "properties": {
        "@id": "way/672850055",
        "highway": "residential"
      },
      "geometry": {
        "type": "LineString",
        "coordinates": [
          [
            35.985262,
            -0.2733533
          ],
          [
            35.9860878,
            -0.2721304
          ],
          [
            35.986383,
            -0.2716933
          ],
          [
            35.987362,
            -0.2702235
          ],
          [
            35.987885,
            -0.2693813
          ],
          [
            35.9884348,
            -0.2685981
          ],
          [
            35.9890571,
            -0.2676486
          ],
          [
            35.9899959,
            -0.2661707
          ],
          [
            35.9904581,
            -0.2654791
          ]
        ]
      },
      "id": "way/672850055"
    },
    {
      "type": "Feature",
      "properties": {
        "@id": "way/672854834",
        "highway": "residential"
      },
      "geometry": {
        "type": "LineString",
        "coordinates": [
          [
            35.9839103,
            -0.3006403
          ],
          [
            35.9833226,
            -0.3014869
          ]
        ]
      },
      "id": "way/672854834"
    },
    {
      "type": "Feature",
      "properties": {
        "@id": "way/672862024",
        "highway": "residential"
      },
      "geometry": {
        "type": "LineString",
        "coordinates": [
          [
            35.9860878,
            -0.2721304
          ],
          [
            35.9872305,
            -0.2729003
          ]
        ]
      },
      "id": "way/672862024"
    },
    {
      "type": "Feature",
      "properties": {
        "@id": "way/672862025",
        "highway": "residential",
        "noname": "yes"
      },
      "geometry": {
        "type": "LineString",
        "coordinates": [
          [
            35.9965117,
            -0.2690443
          ],
          [
            35.9969379,
            -0.26837
          ],
          [
            35.9967349,
            -0.2682172
          ]
        ]
      },
      "id": "way/672862025"
    },
    {
      "type": "Feature",
      "properties": {
        "@id": "way/672862026",
        "highway": "residential",
        "noname": "yes"
      },
      "geometry": {
        "type": "LineString",
        "coordinates": [
          [
            35.9963589,
            -0.27779
          ],
          [
            35.996798,
            -0.2770845
          ]
        ]
      },
      "id": "way/672862026"
    },
    {
      "type": "Feature",
      "properties": {
        "@id": "way/672862027",
        "highway": "residential",
        "noname": "yes"
      },
      "geometry": {
        "type": "LineString",
        "coordinates": [
          [
            35.9935981,
            -0.2680644
          ],
          [
            35.9941926,
            -0.2671738
          ],
          [
            35.9942643,
            -0.2670664
          ],
          [
            35.9949275,
            -0.2660463
          ],
          [
            35.9952256,
            -0.2655876
          ],
          [
            35.9952565,
            -0.2655397
          ],
          [
            35.9957363,
            -0.2647944
          ],
          [
            35.9958633,
            -0.2645971
          ]
        ]
      },
      "id": "way/672862027"
    },
    {
      "type": "Feature",
      "properties": {
        "@id": "way/672862028",
        "highway": "residential"
      },
      "geometry": {
        "type": "LineString",
        "coordinates": [
          [
            35.9897558,
            -0.2778637
          ],
          [
            35.9895439,
            -0.2781728
          ],
          [
            35.9890598,
            -0.2788829
          ],
          [
            35.9888881,
            -0.279131
          ]
        ]
      },
      "id": "way/672862028"
    },
    {
      "type": "Feature",
      "properties": {
        "@id": "way/672862030",
        "highway": "residential",
        "noname": "yes"
      },
      "geometry": {
        "type": "LineString",
        "coordinates": [
          [
            35.9990472,
            -0.2715155
          ],
          [
            35.9997833,
            -0.2720098
          ],
          [
            35.9997994,
            -0.272042
          ],
          [
            35.9997672,
            -0.2721091
          ],
          [
            35.9996894,
            -0.2722271
          ]
        ]
      },
      "id": "way/672862030"
    },
    {
      "type": "Feature",
      "properties": {
        "@id": "way/672862031",
        "highway": "residential",
        "noname": "yes"
      },
      "geometry": {
        "type": "LineString",
        "coordinates": [
          [
            35.9966344,
            -0.2715458
          ],
          [
            35.9983083,
            -0.2726413
          ]
        ]
      },
      "id": "way/672862031"
    },
    {
      "type": "Feature",
      "properties": {
        "@id": "way/672862032",
        "highway": "residential",
        "noname": "yes"
      },
      "geometry": {
        "type": "LineString",
        "coordinates": [
          [
            35.9993638,
            -0.2665306
          ],
          [
            36.0001186,
            -0.2653715
          ]
        ]
      },
      "id": "way/672862032"
    },
    {
      "type": "Feature",
      "properties": {
        "@id": "way/672862033",
        "highway": "residential",
        "noname": "yes"
      },
      "geometry": {
        "type": "LineString",
        "coordinates": [
          [
            35.9983146,
            -0.2635447
          ],
          [
            35.9984287,
            -0.2635851
          ],
          [
            35.9985602,
            -0.2636897
          ],
          [
            35.9985763,
            -0.2637675
          ],
          [
            35.99863,
            -0.2640385
          ],
          [
            35.9986782,
            -0.2642718
          ],
          [
            35.9987103,
            -0.2644595
          ]
        ]
      },
      "id": "way/672862033"
    },
    {
      "type": "Feature",
      "properties": {
        "@id": "way/672862034",
        "highway": "residential",
        "noname": "yes"
      },
      "geometry": {
        "type": "LineString",
        "coordinates": [
          [
            35.9974355,
            -0.2800597
          ],
          [
            35.9976469,
            -0.2797137
          ],
          [
            35.998363,
            -0.2787139
          ],
          [
            35.9987399,
            -0.2780997
          ]
        ]
      },
      "id": "way/672862034"
    },
    {
      "type": "Feature",
      "properties": {
        "@id": "way/672862035",
        "highway": "residential",
        "noname": "yes"
      },
      "geometry": {
        "type": "LineString",
        "coordinates": [
          [
            35.9979627,
            -0.2804162
          ],
          [
            35.9983845,
            -0.2797828
          ],
          [
            35.9985656,
            -0.2795253
          ],
          [
            35.9988311,
            -0.2791418
          ],
          [
            35.9989035,
            -0.2790278
          ],
          [
            35.9989706,
            -0.2789325
          ],
          [
            35.9992468,
            -0.2785396
          ]
        ]
      },
      "id": "way/672862035"
    },
    {
      "type": "Feature",
      "properties": {
        "@id": "way/672862036",
        "highway": "residential",
        "noname": "yes"
      },
      "geometry": {
        "type": "LineString",
        "coordinates": [
          [
            36.0006675,
            -0.2690588
          ],
          [
            35.9996492,
            -0.2684157
          ],
          [
            35.999621,
            -0.2684104
          ],
          [
            35.9995928,
            -0.2684211
          ],
          [
            35.9995774,
            -0.2684298
          ],
          [
            35.9995546,
            -0.2684285
          ],
          [
            35.9992562,
            -0.2682186
          ]
        ]
      },
      "id": "way/672862036"
    },
    {
      "type": "Feature",
      "properties": {
        "@id": "way/672862037",
        "highway": "residential"
      },
      "geometry": {
        "type": "LineString",
        "coordinates": [
          [
            35.9893236,
            -0.2622975
          ],
          [
            35.9895714,
            -0.2623822
          ],
          [
            35.9897283,
            -0.2624217
          ],
          [
            35.9898236,
            -0.2624392
          ],
          [
            35.989959,
            -0.2624646
          ],
          [
            35.9900214,
            -0.2624747
          ],
          [
            35.990071,
            -0.2624854
          ],
          [
            35.9901682,
            -0.2625156
          ],
          [
            35.9902176,
            -0.2625418
          ]
        ]
      },
      "id": "way/672862037"
    },
    {
      "type": "Feature",
      "properties": {
        "@id": "way/672862038",
        "highway": "residential"
      },
      "geometry": {
        "type": "LineString",
        "coordinates": [
          [
            35.9840251,
            -0.2626005
          ],
          [
            35.9828411,
            -0.2643469
          ],
          [
            35.9828304,
            -0.2643884
          ],
          [
            35.9828465,
            -0.2644354
          ],
          [
            35.9834339,
            -0.2648162
          ]
        ]
      },
      "id": "way/672862038"
    },
    {
      "type": "Feature",
      "properties": {
        "@id": "way/672862039",
        "highway": "residential"
      },
      "geometry": {
        "type": "LineString",
        "coordinates": [
          [
            35.984387,
            -0.272616
          ],
          [
            35.9834781,
            -0.2739115
          ]
        ]
      },
      "id": "way/672862039"
    },
    {
      "type": "Feature",
      "properties": {
        "@id": "way/672862040",
        "highway": "residential"
      },
      "geometry": {
        "type": "LineString",
        "coordinates": [
          [
            35.9795608,
            -0.2799512
          ],
          [
            35.9807664,
            -0.2790371
          ],
          [
            35.9824857,
            -0.2777953
          ]
        ]
      },
      "id": "way/672862040"
    },
    {
      "type": "Feature",
      "properties": {
        "@id": "way/672864724",
        "highway": "residential"
      },
      "geometry": {
        "type": "LineString",
        "coordinates": [
          [
            35.9907174,
            -0.2784793
          ],
          [
            35.9896445,
            -0.280169
          ]
        ]
      },
      "id": "way/672864724"
    },
    {
      "type": "Feature",
      "properties": {
        "@id": "way/672864725",
        "highway": "residential",
        "name": "Crater Avenue"
      },
      "geometry": {
        "type": "LineString",
        "coordinates": [
          [
            35.9889994,
            -0.2616513
          ],
          [
            35.9890263,
            -0.2616164
          ],
          [
            35.9891336,
            -0.2614736
          ],
          [
            35.9896713,
            -0.2606829
          ],
          [
            35.9902178,
            -0.2597824
          ]
        ]
      },
      "id": "way/672864725"
    },
    {
      "type": "Feature",
      "properties": {
        "@id": "way/672871865",
        "highway": "residential"
      },
      "geometry": {
        "type": "LineString",
        "coordinates": [
          [
            35.980515,
            -0.2997673
          ],
          [
            35.9809837,
            -0.3000359
          ],
          [
            35.9812653,
            -0.3002639
          ]
        ]
      },
      "id": "way/672871865"
    },
    {
      "type": "Feature",
      "properties": {
        "@id": "way/672873646",
        "highway": "residential"
      },
      "geometry": {
        "type": "LineString",
        "coordinates": [
          [
            35.9953684,
            -0.2403601
          ],
          [
            35.9956969,
            -0.2400288
          ],
          [
            35.9959587,
            -0.2397741
          ]
        ]
      },
      "id": "way/672873646"
    },
    {
      "type": "Feature",
      "properties": {
        "@id": "way/672873648",
        "highway": "residential"
      },
      "geometry": {
        "type": "LineString",
        "coordinates": [
          [
            35.9830248,
            -0.2202115
          ],
          [
            35.9830999,
            -0.2202772
          ],
          [
            35.9831697,
            -0.2203389
          ],
          [
            35.9833145,
            -0.2204636
          ],
          [
            35.9833615,
            -0.2204864
          ],
          [
            35.9834151,
            -0.2204864
          ],
          [
            35.9834768,
            -0.2204757
          ],
          [
            35.9835519,
            -0.2204368
          ],
          [
            35.9838664,
            -0.2199875
          ],
          [
            35.9838939,
            -0.2199466
          ],
          [
            35.983922,
            -0.2199245
          ]
        ]
      },
      "id": "way/672873648"
    },
    {
      "type": "Feature",
      "properties": {
        "@id": "way/672873650",
        "highway": "residential"
      },
      "geometry": {
        "type": "LineString",
        "coordinates": [
          [
            35.9828264,
            -0.2259353
          ],
          [
            35.9828491,
            -0.2259447
          ],
          [
            35.9829967,
            -0.226111
          ],
          [
            35.9834212,
            -0.2265824
          ]
        ]
      },
      "id": "way/672873650"
    },
    {
      "type": "Feature",
      "properties": {
        "@id": "way/672873651",
        "highway": "path"
      },
      "geometry": {
        "type": "LineString",
        "coordinates": [
          [
            35.9820136,
            -0.226123
          ],
          [
            35.9820351,
            -0.2261391
          ],
          [
            35.9820941,
            -0.2262498
          ],
          [
            35.9821236,
            -0.22628
          ],
          [
            35.9821813,
            -0.2263108
          ],
          [
            35.9823114,
            -0.2263738
          ],
          [
            35.9823288,
            -0.2263738
          ]
        ]
      },
      "id": "way/672873651"
    },
    {
      "type": "Feature",
      "properties": {
        "@id": "way/672873653",
        "highway": "path"
      },
      "geometry": {
        "type": "LineString",
        "coordinates": [
          [
            35.9817401,
            -0.2263457
          ],
          [
            35.9819479,
            -0.2261438
          ],
          [
            35.9819808,
            -0.2261251
          ],
          [
            35.9820136,
            -0.226123
          ]
        ]
      },
      "id": "way/672873653"
    },
    {
      "type": "Feature",
      "properties": {
        "@id": "way/672873654",
        "highway": "residential"
      },
      "geometry": {
        "type": "LineString",
        "coordinates": [
          [
            35.9823288,
            -0.2263738
          ],
          [
            35.9823422,
            -0.2263658
          ],
          [
            35.9825809,
            -0.2261331
          ],
          [
            35.9827559,
            -0.2259588
          ],
          [
            35.9827875,
            -0.2259393
          ],
          [
            35.9828264,
            -0.2259353
          ]
        ]
      },
      "id": "way/672873654"
    },
    {
      "type": "Feature",
      "properties": {
        "@id": "way/672873655",
        "highway": "residential"
      },
      "geometry": {
        "type": "LineString",
        "coordinates": [
          [
            35.9820883,
            -0.2278177
          ],
          [
            35.9823087,
            -0.2275915
          ],
          [
            35.9824307,
            -0.2274843
          ],
          [
            35.9826131,
            -0.2273153
          ],
          [
            35.9827915,
            -0.227161
          ],
          [
            35.9829926,
            -0.2269706
          ],
          [
            35.9833105,
            -0.2266876
          ],
          [
            35.9834212,
            -0.2265824
          ],
          [
            35.9836645,
            -0.226351
          ],
          [
            35.9839958,
            -0.2260453
          ],
          [
            35.9840535,
            -0.225993
          ]
        ]
      },
      "id": "way/672873655"
    },
    {
      "type": "Feature",
      "properties": {
        "@id": "way/672875428",
        "highway": "residential",
        "name": "Tree Farm Road"
      },
      "geometry": {
        "type": "LineString",
        "coordinates": [
          [
            35.9973368,
            -0.2649995
          ],
          [
            35.9974295,
            -0.2648616
          ],
          [
            35.9983146,
            -0.2635447
          ],
          [
            35.9996143,
            -0.2616112
          ],
          [
            35.9997582,
            -0.2614239
          ]
        ]
      },
      "id": "way/672875428"
    },
    {
      "type": "Feature",
      "properties": {
        "@id": "way/672880182",
        "highway": "residential"
      },
      "geometry": {
        "type": "LineString",
        "coordinates": [
          [
            35.9984468,
            -0.218248
          ],
          [
            35.9985833,
            -0.2185602
          ]
        ]
      },
      "id": "way/672880182"
    },
    {
      "type": "Feature",
      "properties": {
        "@id": "way/672880185",
        "highway": "residential"
      },
      "geometry": {
        "type": "LineString",
        "coordinates": [
          [
            35.98426,
            -0.239703
          ],
          [
            35.9842935,
            -0.2397137
          ],
          [
            35.9843297,
            -0.239703
          ],
          [
            35.9843566,
            -0.2396748
          ],
          [
            35.9844474,
            -0.2394741
          ],
          [
            35.9847254,
            -0.2389868
          ],
          [
            35.985066,
            -0.2383712
          ],
          [
            35.9850841,
            -0.2383257
          ],
          [
            35.9850807,
            -0.2382961
          ],
          [
            35.9850486,
            -0.2382747
          ],
          [
            35.9847891,
            -0.2381453
          ],
          [
            35.9847723,
            -0.2381151
          ],
          [
            35.9847763,
            -0.2380916
          ],
          [
            35.9849188,
            -0.237864
          ]
        ]
      },
      "id": "way/672880185"
    },
    {
      "type": "Feature",
      "properties": {
        "@id": "way/672880188",
        "highway": "residential"
      },
      "geometry": {
        "type": "LineString",
        "coordinates": [
          [
            35.9991663,
            -0.2202835
          ],
          [
            35.9996348,
            -0.2201206
          ]
        ]
      },
      "id": "way/672880188"
    },
    {
      "type": "Feature",
      "properties": {
        "@id": "way/672882129",
        "highway": "residential"
      },
      "geometry": {
        "type": "LineString",
        "coordinates": [
          [
            35.9791234,
            -0.2403484
          ],
          [
            35.9792818,
            -0.2400691
          ],
          [
            35.979719,
            -0.2392624
          ],
          [
            35.9797338,
            -0.2392349
          ],
          [
            35.9797519,
            -0.2392222
          ],
          [
            35.9797747,
            -0.2392262
          ],
          [
            35.979896,
            -0.2392879
          ],
          [
            35.9799168,
            -0.2392959
          ],
          [
            35.9799369,
            -0.2392966
          ],
          [
            35.9799463,
            -0.2392926
          ],
          [
            35.9800529,
            -0.2391216
          ]
        ]
      },
      "id": "way/672882129"
    },
    {
      "type": "Feature",
      "properties": {
        "@id": "way/672882130",
        "highway": "residential"
      },
      "geometry": {
        "type": "LineString",
        "coordinates": [
          [
            35.9827854,
            -0.2310859
          ],
          [
            35.9831724,
            -0.231297
          ],
          [
            35.9838644,
            -0.2316564
          ],
          [
            35.9848474,
            -0.2322156
          ],
          [
            35.9854495,
            -0.232512
          ],
          [
            35.9857392,
            -0.2326233
          ],
          [
            35.985817,
            -0.2326662
          ],
          [
            35.98703,
            -0.2333938
          ],
          [
            35.9870619,
            -0.233412
          ],
          [
            35.9871025,
            -0.2334354
          ],
          [
            35.9872493,
            -0.2335266
          ],
          [
            35.987537,
            -0.2336975
          ],
          [
            35.9882323,
            -0.2340623
          ],
          [
            35.9888191,
            -0.2343667
          ],
          [
            35.9892341,
            -0.2346041
          ]
        ]
      },
      "id": "way/672882130"
    },
    {
      "type": "Feature",
      "properties": {
        "@id": "way/672883607",
        "highway": "residential"
      },
      "geometry": {
        "type": "LineString",
        "coordinates": [
          [
            35.9989075,
            -0.2332215
          ],
          [
            35.9994674,
            -0.2327163
          ]
        ]
      },
      "id": "way/672883607"
    },
    {
      "type": "Feature",
      "properties": {
        "@id": "way/672883608",
        "highway": "residential"
      },
      "geometry": {
        "type": "LineString",
        "coordinates": [
          [
            35.99933,
            -0.2337069
          ],
          [
            35.9989075,
            -0.2332215
          ],
          [
            35.998536,
            -0.2328406
          ],
          [
            35.9984891,
            -0.2327963
          ],
          [
            35.998465,
            -0.2327494
          ],
          [
            35.9984784,
            -0.2327145
          ],
          [
            35.9986031,
            -0.2326072
          ],
          [
            35.9990205,
            -0.2322157
          ]
        ]
      },
      "id": "way/672883608"
    },
    {
      "type": "Feature",
      "properties": {
        "@id": "way/672883609",
        "highway": "residential"
      },
      "geometry": {
        "type": "LineString",
        "coordinates": [
          [
            35.9972486,
            -0.2315974
          ],
          [
            35.9975865,
            -0.2313211
          ],
          [
            35.9979412,
            -0.2310062
          ]
        ]
      },
      "id": "way/672883609"
    },
    {
      "type": "Feature",
      "properties": {
        "@id": "way/672883610",
        "highway": "residential"
      },
      "geometry": {
        "type": "LineString",
        "coordinates": [
          [
            35.9866874,
            -0.2219201
          ],
          [
            35.986847,
            -0.2221118
          ],
          [
            35.9870897,
            -0.2224109
          ],
          [
            35.9874786,
            -0.2228776
          ],
          [
            35.9879869,
            -0.223406
          ],
          [
            35.9885234,
            -0.2239907
          ],
          [
            35.9889633,
            -0.2244496
          ],
          [
            35.989725,
            -0.2253023
          ],
          [
            35.9912901,
            -0.2270672
          ]
        ]
      },
      "id": "way/672883610"
    },
    {
      "type": "Feature",
      "properties": {
        "@id": "way/672883611",
        "highway": "residential"
      },
      "geometry": {
        "type": "LineString",
        "coordinates": [
          [
            35.9925133,
            -0.2284189
          ],
          [
            35.9927988,
            -0.2287596
          ],
          [
            35.9930992,
            -0.229111
          ],
          [
            35.9934197,
            -0.2294637
          ],
          [
            35.9937671,
            -0.2298486
          ],
          [
            35.9941922,
            -0.2303166
          ],
          [
            35.9946656,
            -0.2308397
          ],
          [
            35.9956111,
            -0.2318978
          ],
          [
            35.9959973,
            -0.2323564
          ],
          [
            35.9966746,
            -0.2317074
          ],
          [
            35.99749,
            -0.2309711
          ],
          [
            35.9977247,
            -0.2307634
          ]
        ]
      },
      "id": "way/672883611"
    },
    {
      "type": "Feature",
      "properties": {
        "@id": "way/672883613",
        "highway": "residential"
      },
      "geometry": {
        "type": "LineString",
        "coordinates": [
          [
            35.9889879,
            -0.2315785
          ],
          [
            35.9893441,
            -0.2312836
          ],
          [
            35.9897813,
            -0.2308839
          ],
          [
            35.9904653,
            -0.2302697
          ],
          [
            35.9907695,
            -0.2299948
          ],
          [
            35.9913826,
            -0.2294409
          ],
          [
            35.9925133,
            -0.2284189
          ],
          [
            35.9926379,
            -0.2283063
          ],
          [
            35.9937429,
            -0.2273247
          ],
          [
            35.994229,
            -0.2268741
          ]
        ]
      },
      "id": "way/672883613"
    },
    {
      "type": "Feature",
      "properties": {
        "@id": "way/672886437",
        "highway": "path"
      },
      "geometry": {
        "type": "LineString",
        "coordinates": [
          [
            35.9852363,
            -0.2367056
          ],
          [
            35.9852122,
            -0.2366748
          ],
          [
            35.9851706,
            -0.2366439
          ],
          [
            35.9850378,
            -0.2365769
          ],
          [
            35.9850124,
            -0.2365554
          ],
          [
            35.9849882,
            -0.2365272
          ],
          [
            35.9849627,
            -0.2362309
          ],
          [
            35.984948,
            -0.2361973
          ],
          [
            35.9849212,
            -0.2361772
          ],
          [
            35.9847522,
            -0.2360579
          ],
          [
            35.9847334,
            -0.236023
          ],
          [
            35.9847307,
            -0.23596
          ],
          [
            35.9847723,
            -0.2359036
          ],
          [
            35.9849305,
            -0.2357736
          ],
          [
            35.9849748,
            -0.2357347
          ],
          [
            35.9850445,
            -0.235681
          ],
          [
            35.9851371,
            -0.2355268
          ],
          [
            35.9852564,
            -0.235327
          ],
          [
            35.9852792,
            -0.2352908
          ],
          [
            35.9853168,
            -0.2352613
          ]
        ]
      },
      "id": "way/672886437"
    },
    {
      "type": "Feature",
      "properties": {
        "@id": "way/672888270",
        "highway": "residential"
      },
      "geometry": {
        "type": "LineString",
        "coordinates": [
          [
            35.9795962,
            -0.2200079
          ],
          [
            35.9810024,
            -0.221043
          ],
          [
            35.981048,
            -0.2210805
          ],
          [
            35.9810816,
            -0.2211006
          ],
          [
            35.9811218,
            -0.2210993
          ],
          [
            35.9811594,
            -0.2210778
          ],
          [
            35.9812009,
            -0.221043
          ],
          [
            35.9818232,
            -0.2201257
          ],
          [
            35.9823507,
            -0.2193866
          ],
          [
            35.9827727,
            -0.2187953
          ],
          [
            35.9831417,
            -0.2182693
          ],
          [
            35.9835586,
            -0.2176607
          ],
          [
            35.9842667,
            -0.2166388
          ],
          [
            35.9847602,
            -0.2159012
          ]
        ]
      },
      "id": "way/672888270"
    },
    {
      "type": "Feature",
      "properties": {
        "@id": "way/672916966",
        "highway": "residential"
      },
      "geometry": {
        "type": "LineString",
        "coordinates": [
          [
            35.9847104,
            -0.2377519
          ],
          [
            35.9848769,
            -0.2374325
          ],
          [
            35.9852202,
            -0.2367834
          ],
          [
            35.9852377,
            -0.2367458
          ],
          [
            35.9852363,
            -0.2367056
          ]
        ]
      },
      "id": "way/672916966"
    },
    {
      "type": "Feature",
      "properties": {
        "@id": "way/672916967",
        "highway": "path"
      },
      "geometry": {
        "type": "LineString",
        "coordinates": [
          [
            35.9853168,
            -0.2352613
          ],
          [
            35.9853624,
            -0.2352613
          ],
          [
            35.9854281,
            -0.2352841
          ],
          [
            35.9857821,
            -0.2354772
          ],
          [
            35.9858197,
            -0.235504
          ],
          [
            35.98588,
            -0.2355389
          ],
          [
            35.9859163,
            -0.2355348
          ],
          [
            35.9859484,
            -0.2354906
          ],
          [
            35.9861094,
            -0.2351929
          ],
          [
            35.9865466,
            -0.2343775
          ],
          [
            35.98691,
            -0.2336895
          ],
          [
            35.9870619,
            -0.233412
          ]
        ]
      },
      "id": "way/672916967"
    },
    {
      "type": "Feature",
      "properties": {
        "@id": "way/672916968",
        "highway": "residential"
      },
      "geometry": {
        "type": "LineString",
        "coordinates": [
          [
            35.983922,
            -0.2199245
          ],
          [
            35.9839556,
            -0.2199178
          ],
          [
            35.983979,
            -0.2199312
          ],
          [
            35.9841996,
            -0.2201719
          ],
          [
            35.9845631,
            -0.2205153
          ],
          [
            35.9850919,
            -0.2209766
          ]
        ]
      },
      "id": "way/672916968"
    },
    {
      "type": "Feature",
      "properties": {
        "@id": "way/672918908",
        "highway": "residential"
      },
      "geometry": {
        "type": "LineString",
        "coordinates": [
          [
            35.9958324,
            -0.2268247
          ],
          [
            35.9962696,
            -0.2265053
          ],
          [
            35.997313,
            -0.225718
          ],
          [
            35.9981807,
            -0.2250555
          ],
          [
            35.998866,
            -0.2245473
          ],
          [
            35.999621,
            -0.2239666
          ],
          [
            36.0002145,
            -0.2235285
          ]
        ]
      },
      "id": "way/672918908"
    },
    {
      "type": "Feature",
      "properties": {
        "@id": "way/672922010",
        "highway": "residential"
      },
      "geometry": {
        "type": "LineString",
        "coordinates": [
          [
            35.9977408,
            -0.2342621
          ],
          [
            35.9981713,
            -0.2338746
          ]
        ]
      },
      "id": "way/672922010"
    },
    {
      "type": "Feature",
      "properties": {
        "@id": "way/672922011",
        "highway": "path"
      },
      "geometry": {
        "type": "LineString",
        "coordinates": [
          [
            35.9906038,
            -0.2228607
          ],
          [
            35.9915079,
            -0.2220216
          ]
        ]
      },
      "id": "way/672922011"
    },
    {
      "type": "Feature",
      "properties": {
        "@id": "way/672924638",
        "highway": "residential"
      },
      "geometry": {
        "type": "LineString",
        "coordinates": [
          [
            36.0002145,
            -0.2235285
          ],
          [
            36.0002386,
            -0.2235123
          ],
          [
            36.0002583,
            -0.22349
          ],
          [
            36.0008403,
            -0.2232702
          ],
          [
            36.0011673,
            -0.22317
          ],
          [
            36.0012639,
            -0.2231163
          ],
          [
            36.0014626,
            -0.2231108
          ]
        ]
      },
      "id": "way/672924638"
    },
    {
      "type": "Feature",
      "properties": {
        "@id": "way/672924639",
        "highway": "residential"
      },
      "geometry": {
        "type": "LineString",
        "coordinates": [
          [
            35.9984468,
            -0.218248
          ],
          [
            35.9991798,
            -0.2176983
          ]
        ]
      },
      "id": "way/672924639"
    },
    {
      "type": "Feature",
      "properties": {
        "@id": "way/672924640",
        "highway": "track"
      },
      "geometry": {
        "type": "LineString",
        "coordinates": [
          [
            35.9923267,
            -0.2228907
          ],
          [
            35.9945583,
            -0.2211932
          ],
          [
            35.9946525,
            -0.2211364
          ],
          [
            35.9966505,
            -0.2196143
          ]
        ]
      },
      "id": "way/672924640"
    },
    {
      "type": "Feature",
      "properties": {
        "@id": "way/672926167",
        "highway": "residential"
      },
      "geometry": {
        "type": "LineString",
        "coordinates": [
          [
            35.9995178,
            -0.2361975
          ],
          [
            36.0012346,
            -0.2346391
          ]
        ]
      },
      "id": "way/672926167"
    },
    {
      "type": "Feature",
      "properties": {
        "@id": "way/672926168",
        "highway": "residential"
      },
      "geometry": {
        "type": "LineString",
        "coordinates": [
          [
            36.0018548,
            -0.2353085
          ],
          [
            36.0024293,
            -0.2347677
          ],
          [
            36.0024541,
            -0.2347335
          ],
          [
            36.0024568,
            -0.2346967
          ],
          [
            36.00244,
            -0.2346598
          ],
          [
            36.0020404,
            -0.2342192
          ]
        ]
      },
      "id": "way/672926168"
    },
    {
      "type": "Feature",
      "properties": {
        "@id": "way/672938074",
        "highway": "residential"
      },
      "geometry": {
        "type": "LineString",
        "coordinates": [
          [
            36.0071218,
            -0.2233202
          ],
          [
            36.0068616,
            -0.2232933
          ],
          [
            36.0067637,
            -0.2232813
          ],
          [
            36.00668,
            -0.2232527
          ],
          [
            36.0054696,
            -0.2225745
          ],
          [
            36.0053354,
            -0.2225262
          ],
          [
            36.0051685,
            -0.2224893
          ],
          [
            36.003364,
            -0.2223733
          ],
          [
            36.0032148,
            -0.2223309
          ],
          [
            36.0025558,
            -0.2223018
          ],
          [
            36.0023436,
            -0.2223055
          ],
          [
            36.0015812,
            -0.2223189
          ],
          [
            36.0015012,
            -0.2223291
          ],
          [
            36.0014395,
            -0.2223653
          ],
          [
            36.001406,
            -0.2224243
          ],
          [
            36.0014409,
            -0.2226791
          ],
          [
            36.001516,
            -0.2229312
          ],
          [
            36.0015911,
            -0.2231289
          ]
        ]
      },
      "id": "way/672938074"
    },
    {
      "type": "Feature",
      "properties": {
        "@id": "way/672938075",
        "highway": "track"
      },
      "geometry": {
        "type": "LineString",
        "coordinates": [
          [
            36.0150806,
            -0.2412124
          ],
          [
            36.0150196,
            -0.2412117
          ],
          [
            36.0149659,
            -0.2411835
          ],
          [
            36.0149056,
            -0.2411178
          ],
          [
            36.0148613,
            -0.2410173
          ],
          [
            36.0148092,
            -0.2408917
          ],
          [
            36.0147531,
            -0.2407474
          ]
        ]
      },
      "id": "way/672938075"
    },
    {
      "type": "Feature",
      "properties": {
        "@id": "way/672938076",
        "highway": "residential"
      },
      "geometry": {
        "type": "LineString",
        "coordinates": [
          [
            36.025798,
            -0.244209
          ],
          [
            36.0255455,
            -0.2441578
          ],
          [
            36.0245025,
            -0.2439462
          ],
          [
            36.0225767,
            -0.2435385
          ],
          [
            36.0214716,
            -0.2433132
          ],
          [
            36.0208708,
            -0.2430986
          ],
          [
            36.0194439,
            -0.2425863
          ],
          [
            36.018461,
            -0.2422277
          ],
          [
            36.0179955,
            -0.2420579
          ],
          [
            36.0167,
            -0.2415805
          ],
          [
            36.0153205,
            -0.2410789
          ]
        ]
      },
      "id": "way/672938076"
    },
    {
      "type": "Feature",
      "properties": {
        "@id": "way/672942192",
        "highway": "residential",
        "noname": "yes"
      },
      "geometry": {
        "type": "LineString",
        "coordinates": [
          [
            36.0019826,
            -0.2848508
          ],
          [
            36.000427,
            -0.2842272
          ]
        ]
      },
      "id": "way/672942192"
    },
    {
      "type": "Feature",
      "properties": {
        "@id": "way/672942193",
        "highway": "residential"
      },
      "geometry": {
        "type": "LineString",
        "coordinates": [
          [
            36.001182,
            -0.2867457
          ],
          [
            36.0008669,
            -0.2866036
          ],
          [
            35.9995097,
            -0.2860671
          ]
        ]
      },
      "id": "way/672942193"
    },
    {
      "type": "Feature",
      "properties": {
        "@id": "way/672942194",
        "highway": "service"
      },
      "geometry": {
        "type": "LineString",
        "coordinates": [
          [
            36.0066712,
            -0.2805043
          ],
          [
            36.0077333,
            -0.2808959
          ],
          [
            36.0078514,
            -0.2809656
          ],
          [
            36.0079265,
            -0.2810675
          ],
          [
            36.0079372,
            -0.2812338
          ],
          [
            36.0077923,
            -0.2820975
          ],
          [
            36.0077763,
            -0.282215
          ],
          [
            36.0077655,
            -0.2824301
          ]
        ]
      },
      "id": "way/672942194"
    },
    {
      "type": "Feature",
      "properties": {
        "@id": "way/672942197",
        "highway": "residential",
        "noname": "yes"
      },
      "geometry": {
        "type": "LineString",
        "coordinates": [
          [
            36.0055439,
            -0.2847776
          ],
          [
            36.0057949,
            -0.2846289
          ]
        ]
      },
      "id": "way/672942197"
    },
    {
      "type": "Feature",
      "properties": {
        "@id": "way/672942198",
        "highway": "residential",
        "noname": "yes"
      },
      "geometry": {
        "type": "LineString",
        "coordinates": [
          [
            36.0038468,
            -0.2797519
          ],
          [
            36.0036175,
            -0.2796494
          ],
          [
            36.0035873,
            -0.2796406
          ],
          [
            36.0035712,
            -0.279642
          ],
          [
            36.0035585,
            -0.2796507
          ],
          [
            36.0035484,
            -0.2796668
          ],
          [
            36.003529,
            -0.2797131
          ],
          [
            36.0032353,
            -0.2804962
          ],
          [
            36.0030234,
            -0.281148
          ]
        ]
      },
      "id": "way/672942198"
    },
    {
      "type": "Feature",
      "properties": {
        "@id": "way/672942206",
        "highway": "residential",
        "noname": "yes"
      },
      "geometry": {
        "type": "LineString",
        "coordinates": [
          [
            36.0041285,
            -0.2806652
          ],
          [
            36.0049218,
            -0.2808902
          ],
          [
            36.0055339,
            -0.2810461
          ],
          [
            36.0056573,
            -0.2810676
          ],
          [
            36.0057203,
            -0.2810515
          ],
          [
            36.0057592,
            -0.2810179
          ],
          [
            36.0059148,
            -0.280389
          ],
          [
            36.0059148,
            -0.2803326
          ],
          [
            36.0058799,
            -0.2802924
          ],
          [
            36.0049881,
            -0.2800369
          ],
          [
            36.0049284,
            -0.2800168
          ],
          [
            36.0048976,
            -0.2800027
          ]
        ]
      },
      "id": "way/672942206"
    },
    {
      "type": "Feature",
      "properties": {
        "@id": "way/672942208",
        "highway": "residential",
        "noname": "yes"
      },
      "geometry": {
        "type": "LineString",
        "coordinates": [
          [
            36.0051799,
            -0.2789004
          ],
          [
            36.0063547,
            -0.279351
          ]
        ]
      },
      "id": "way/672942208"
    },
    {
      "type": "Feature",
      "properties": {
        "@id": "way/672942209",
        "highway": "residential",
        "noname": "yes"
      },
      "geometry": {
        "type": "LineString",
        "coordinates": [
          [
            36.0048976,
            -0.2800027
          ],
          [
            36.0048855,
            -0.2799826
          ],
          [
            36.0048795,
            -0.2799571
          ],
          [
            36.0050136,
            -0.2793778
          ],
          [
            36.0051799,
            -0.2789004
          ],
          [
            36.0053676,
            -0.2781976
          ]
        ]
      },
      "id": "way/672942209"
    },
    {
      "type": "Feature",
      "properties": {
        "@id": "way/672942210",
        "highway": "residential",
        "noname": "yes"
      },
      "geometry": {
        "type": "LineString",
        "coordinates": [
          [
            36.0041338,
            -0.2846617
          ],
          [
            36.00347,
            -0.2866518
          ],
          [
            36.0034405,
            -0.2867001
          ],
          [
            36.0034016,
            -0.2867216
          ],
          [
            36.0033372,
            -0.2867296
          ],
          [
            36.0029617,
            -0.2867216
          ],
          [
            36.0029,
            -0.2867028
          ],
          [
            36.0028598,
            -0.2866223
          ],
          [
            36.0028517,
            -0.2865043
          ]
        ]
      },
      "id": "way/672942210"
    },
    {
      "type": "Feature",
      "properties": {
        "@id": "way/672942211",
        "highway": "residential",
        "noname": "yes"
      },
      "geometry": {
        "type": "LineString",
        "coordinates": [
          [
            36.0027605,
            -0.2845061
          ],
          [
            36.0041338,
            -0.2846617
          ],
          [
            36.0045174,
            -0.2846885
          ],
          [
            36.0055439,
            -0.2847776
          ],
          [
            36.0058312,
            -0.28482
          ]
        ]
      },
      "id": "way/672942211"
    },
    {
      "type": "Feature",
      "properties": {
        "@id": "way/672942212",
        "highway": "residential",
        "noname": "yes"
      },
      "geometry": {
        "type": "LineString",
        "coordinates": [
          [
            36.0030368,
            -0.281891
          ],
          [
            36.0021919,
            -0.2813666
          ]
        ]
      },
      "id": "way/672942212"
    },
    {
      "type": "Feature",
      "properties": {
        "@id": "way/672942213",
        "highway": "residential",
        "noname": "yes"
      },
      "geometry": {
        "type": "LineString",
        "coordinates": [
          [
            36.0028296,
            -0.2824871
          ],
          [
            36.0021842,
            -0.2821183
          ],
          [
            36.0019612,
            -0.2820224
          ]
        ]
      },
      "id": "way/672942213"
    },
    {
      "type": "Feature",
      "properties": {
        "@id": "way/672942214",
        "highway": "residential",
        "noname": "yes"
      },
      "geometry": {
        "type": "LineString",
        "coordinates": [
          [
            36.0024561,
            -0.2834881
          ],
          [
            36.0012639,
            -0.2826608
          ],
          [
            36.0006899,
            -0.2823202
          ]
        ]
      },
      "id": "way/672942214"
    },
    {
      "type": "Feature",
      "properties": {
        "@id": "way/672942215",
        "highway": "residential",
        "noname": "yes"
      },
      "geometry": {
        "type": "LineString",
        "coordinates": [
          [
            36.0008682,
            -0.2797815
          ],
          [
            36.000879,
            -0.2796996
          ],
          [
            36.0009306,
            -0.2795132
          ],
          [
            36.0009507,
            -0.279479
          ],
          [
            36.0009748,
            -0.2794542
          ],
          [
            36.0010097,
            -0.2794401
          ],
          [
            36.0010546,
            -0.2794475
          ],
          [
            36.002039,
            -0.2801047
          ],
          [
            36.0021088,
            -0.2801154
          ],
          [
            36.0021651,
            -0.2800859
          ],
          [
            36.0022134,
            -0.2800269
          ],
          [
            36.0027959,
            -0.2792486
          ],
          [
            36.0028224,
            -0.2792132
          ],
          [
            36.0034935,
            -0.2782718
          ],
          [
            36.0041124,
            -0.2774586
          ],
          [
            36.0041469,
            -0.2774126
          ],
          [
            36.004262,
            -0.2772509
          ],
          [
            36.004696,
            -0.276711
          ],
          [
            36.0048523,
            -0.276481
          ],
          [
            36.0050035,
            -0.276353
          ],
          [
            36.005076,
            -0.2763602
          ]
        ]
      },
      "id": "way/672942215"
    },
    {
      "type": "Feature",
      "properties": {
        "@id": "way/672943221",
        "highway": "residential"
      },
      "geometry": {
        "type": "LineString",
        "coordinates": [
          [
            36.014117,
            -0.2472265
          ],
          [
            36.0141747,
            -0.247024
          ],
          [
            36.0142484,
            -0.2463896
          ],
          [
            36.0143624,
            -0.2456225
          ],
          [
            36.0147205,
            -0.2434071
          ],
          [
            36.0148841,
            -0.24231
          ],
          [
            36.0149525,
            -0.2418997
          ],
          [
            36.0149726,
            -0.241779
          ],
          [
            36.0150609,
            -0.2413032
          ],
          [
            36.0150806,
            -0.2412124
          ]
        ]
      },
      "id": "way/672943221"
    },
    {
      "type": "Feature",
      "properties": {
        "@id": "way/672943223",
        "highway": "unclassified"
      },
      "geometry": {
        "type": "LineString",
        "coordinates": [
          [
            36.0081522,
            -0.2245072
          ],
          [
            36.0074182,
            -0.2245157
          ],
          [
            36.0073659,
            -0.2245245
          ],
          [
            36.0073216,
            -0.2245446
          ],
          [
            36.0072988,
            -0.2245821
          ],
          [
            36.007272,
            -0.2246291
          ],
          [
            36.0072224,
            -0.2247578
          ],
          [
            36.0071821,
            -0.2248034
          ],
          [
            36.0071097,
            -0.224845
          ],
          [
            36.0070535,
            -0.2248625
          ]
        ]
      },
      "id": "way/672943223"
    },
    {
      "type": "Feature",
      "properties": {
        "@id": "way/672943224",
        "highway": "residential"
      },
      "geometry": {
        "type": "LineString",
        "coordinates": [
          [
            36.0150806,
            -0.2412124
          ],
          [
            36.0150994,
            -0.2411715
          ],
          [
            36.0151268,
            -0.2411379
          ],
          [
            36.0151778,
            -0.2410964
          ],
          [
            36.0152322,
            -0.2410756
          ],
          [
            36.015275,
            -0.2410715
          ],
          [
            36.0153205,
            -0.2410789
          ]
        ]
      },
      "id": "way/672943224"
    },
    {
      "type": "Feature",
      "properties": {
        "@id": "way/672944663",
        "highway": "residential",
        "noname": "yes"
      },
      "geometry": {
        "type": "LineString",
        "coordinates": [
          [
            36.0045174,
            -0.2846885
          ],
          [
            36.0046542,
            -0.2840152
          ],
          [
            36.0047105,
            -0.2835942
          ],
          [
            36.0047668,
            -0.2832226
          ],
          [
            36.0049908,
            -0.2825427
          ],
          [
            36.0049989,
            -0.2824892
          ],
          [
            36.0050109,
            -0.2824542
          ],
          [
            36.0050163,
            -0.2824019
          ],
          [
            36.0050056,
            -0.2823402
          ],
          [
            36.0049103,
            -0.2822678
          ],
          [
            36.0048607,
            -0.2822115
          ],
          [
            36.0048218,
            -0.282119
          ],
          [
            36.0047802,
            -0.2820291
          ],
          [
            36.0047547,
            -0.2819339
          ],
          [
            36.0047306,
            -0.2818373
          ],
          [
            36.0047159,
            -0.2817663
          ],
          [
            36.0047265,
            -0.2816469
          ],
          [
            36.0049218,
            -0.2808902
          ]
        ]
      },
      "id": "way/672944663"
    },
    {
      "type": "Feature",
      "properties": {
        "@id": "way/672945364",
        "highway": "residential"
      },
      "geometry": {
        "type": "LineString",
        "coordinates": [
          [
            36.003364,
            -0.2223733
          ],
          [
            36.0033265,
            -0.2234677
          ],
          [
            36.0033037,
            -0.2234958
          ],
          [
            36.0032554,
            -0.2235133
          ],
          [
            36.0032098,
            -0.2235079
          ],
          [
            36.0027693,
            -0.223296
          ],
          [
            36.0027203,
            -0.2232786
          ],
          [
            36.0026606,
            -0.2232591
          ],
          [
            36.0026002,
            -0.2232337
          ],
          [
            36.0025527,
            -0.2232229
          ],
          [
            36.0020202,
            -0.2232142
          ],
          [
            36.0019143,
            -0.2231887
          ],
          [
            36.0018016,
            -0.2231485
          ],
          [
            36.0016823,
            -0.2231311
          ],
          [
            36.0015911,
            -0.2231289
          ],
          [
            36.0014626,
            -0.2231108
          ]
        ]
      },
      "id": "way/672945364"
    },
    {
      "type": "Feature",
      "properties": {
        "@id": "way/672945365",
        "highway": "residential"
      },
      "geometry": {
        "type": "LineString",
        "coordinates": [
          [
            36.0052536,
            -0.238512
          ],
          [
            36.0053133,
            -0.2385214
          ],
          [
            36.0053516,
            -0.238555
          ],
          [
            36.0053671,
            -0.2385991
          ],
          [
            36.0054374,
            -0.2390807
          ],
          [
            36.0055715,
            -0.2398719
          ],
          [
            36.0056922,
            -0.2405639
          ],
          [
            36.0058403,
            -0.2413184
          ],
          [
            36.0060865,
            -0.2427231
          ],
          [
            36.0063452,
            -0.2441977
          ]
        ]
      },
      "id": "way/672945365"
    },
    {
      "type": "Feature",
      "properties": {
        "@id": "way/672945366",
        "highway": "residential"
      },
      "geometry": {
        "type": "LineString",
        "coordinates": [
          [
            36.0002583,
            -0.22349
          ],
          [
            35.9994118,
            -0.2210095
          ],
          [
            35.9991663,
            -0.2202835
          ],
          [
            35.9985833,
            -0.2185602
          ]
        ]
      },
      "id": "way/672945366"
    },
    {
      "type": "Feature",
      "properties": {
        "@id": "way/673091849",
        "highway": "residential"
      },
      "geometry": {
        "type": "LineString",
        "coordinates": [
          [
            36.0036591,
            -0.263055
          ],
          [
            36.0032755,
            -0.2623459
          ],
          [
            36.0028422,
            -0.2614649
          ],
          [
            36.0027545,
            -0.2613059
          ]
        ]
      },
      "id": "way/673091849"
    },
    {
      "type": "Feature",
      "properties": {
        "@id": "way/673091850",
        "highway": "residential"
      },
      "geometry": {
        "type": "LineString",
        "coordinates": [
          [
            36.0006443,
            -0.2511948
          ],
          [
            36.0004895,
            -0.2513989
          ],
          [
            36.0001735,
            -0.2518234
          ],
          [
            35.9999953,
            -0.2520519
          ],
          [
            35.9993514,
            -0.2529637
          ],
          [
            35.998726,
            -0.2538751
          ],
          [
            35.9980385,
            -0.2548707
          ],
          [
            35.9973254,
            -0.2558471
          ]
        ]
      },
      "id": "way/673091850"
    },
    {
      "type": "Feature",
      "properties": {
        "@id": "way/673091851",
        "highway": "path"
      },
      "geometry": {
        "type": "LineString",
        "coordinates": [
          [
            36.0021767,
            -0.253282
          ],
          [
            36.0036384,
            -0.2512751
          ]
        ]
      },
      "id": "way/673091851"
    },
    {
      "type": "Feature",
      "properties": {
        "@id": "way/673091852",
        "highway": "residential"
      },
      "geometry": {
        "type": "LineString",
        "coordinates": [
          [
            36.0009299,
            -0.2572766
          ],
          [
            36.0008883,
            -0.2572793
          ],
          [
            35.999916,
            -0.2567241
          ],
          [
            35.9998691,
            -0.2566906
          ],
          [
            35.9998453,
            -0.256648
          ]
        ]
      },
      "id": "way/673091852"
    },
    {
      "type": "Feature",
      "properties": {
        "@id": "way/673091853",
        "highway": "residential"
      },
      "geometry": {
        "type": "LineString",
        "coordinates": [
          [
            36.0020417,
            -0.2558148
          ],
          [
            36.001913,
            -0.2559852
          ],
          [
            36.0017681,
            -0.2561635
          ],
          [
            36.0014261,
            -0.2566289
          ],
          [
            36.0009634,
            -0.2572538
          ],
          [
            36.0009299,
            -0.2572766
          ]
        ]
      },
      "id": "way/673091853"
    },
    {
      "type": "Feature",
      "properties": {
        "@id": "way/673091854",
        "highway": "residential"
      },
      "geometry": {
        "type": "LineString",
        "coordinates": [
          [
            36.0016246,
            -0.2498175
          ],
          [
            36.0021798,
            -0.2502198
          ],
          [
            36.0025808,
            -0.2505296
          ],
          [
            36.003022,
            -0.2508649
          ],
          [
            36.0036384,
            -0.2512751
          ]
        ]
      },
      "id": "way/673091854"
    },
    {
      "type": "Feature",
      "properties": {
        "@id": "way/673091855",
        "highway": "residential"
      },
      "geometry": {
        "type": "LineString",
        "coordinates": [
          [
            36.002432,
            -0.2524755
          ],
          [
            36.002149,
            -0.2522945
          ],
          [
            36.0018392,
            -0.2520745
          ],
          [
            36.001398,
            -0.2517326
          ],
          [
            36.0010573,
            -0.2514871
          ],
          [
            36.0006443,
            -0.2511948
          ]
        ]
      },
      "id": "way/673091855"
    },
    {
      "type": "Feature",
      "properties": {
        "@id": "way/673094459",
        "highway": "residential"
      },
      "geometry": {
        "type": "LineString",
        "coordinates": [
          [
            36.0036384,
            -0.2512751
          ],
          [
            36.0038066,
            -0.2510647
          ],
          [
            36.003989,
            -0.2508179
          ],
          [
            36.0042572,
            -0.2504424
          ],
          [
            36.0048687,
            -0.2495761
          ],
          [
            36.0061421,
            -0.2478317
          ]
        ]
      },
      "id": "way/673094459"
    },
    {
      "type": "Feature",
      "properties": {
        "@id": "way/673094460",
        "highway": "path"
      },
      "geometry": {
        "type": "LineString",
        "coordinates": [
          [
            36.0007781,
            -0.255316
          ],
          [
            36.001193,
            -0.2546576
          ],
          [
            36.0021767,
            -0.253282
          ]
        ]
      },
      "id": "way/673094460"
    },
    {
      "type": "Feature",
      "properties": {
        "@id": "way/673099623",
        "highway": "track"
      },
      "geometry": {
        "type": "LineString",
        "coordinates": [
          [
            36.0082541,
            -0.2247696
          ],
          [
            36.0081522,
            -0.2245072
          ]
        ]
      },
      "id": "way/673099623"
    },
    {
      "type": "Feature",
      "properties": {
        "@id": "way/673099629",
        "highway": "residential"
      },
      "geometry": {
        "type": "LineString",
        "coordinates": [
          [
            36.0020041,
            -0.2402448
          ],
          [
            36.0023247,
            -0.2399484
          ],
          [
            36.0026124,
            -0.2396866
          ]
        ]
      },
      "id": "way/673099629"
    },
    {
      "type": "Feature",
      "properties": {
        "@id": "way/673099630",
        "highway": "residential"
      },
      "geometry": {
        "type": "LineString",
        "coordinates": [
          [
            36.0047346,
            -0.2385282
          ],
          [
            36.0039863,
            -0.2392336
          ],
          [
            36.0031512,
            -0.2399898
          ],
          [
            36.002999,
            -0.2401203
          ],
          [
            36.0028745,
            -0.2402381
          ],
          [
            36.0025781,
            -0.2405183
          ],
          [
            36.0022925,
            -0.2407852
          ],
          [
            36.0020385,
            -0.2410468
          ],
          [
            36.001292,
            -0.2416905
          ],
          [
            36.0002929,
            -0.242585
          ],
          [
            35.9993541,
            -0.2434754
          ]
        ]
      },
      "id": "way/673099630"
    },
    {
      "type": "Feature",
      "properties": {
        "@id": "way/673101229",
        "highway": "residential"
      },
      "geometry": {
        "type": "LineString",
        "coordinates": [
          [
            36.0035503,
            -0.2461136
          ],
          [
            36.0039447,
            -0.2461107
          ],
          [
            36.0043591,
            -0.2461134
          ]
        ]
      },
      "id": "way/673101229"
    },
    {
      "type": "Feature",
      "properties": {
        "@id": "way/673101230",
        "highway": "residential"
      },
      "geometry": {
        "type": "LineString",
        "coordinates": [
          [
            36.0035503,
            -0.2461136
          ],
          [
            36.0036027,
            -0.2463608
          ],
          [
            36.0036329,
            -0.2465278
          ],
          [
            36.0036329,
            -0.2465774
          ],
          [
            36.0036202,
            -0.2466203
          ],
          [
            36.0036027,
            -0.2466522
          ],
          [
            36.003589,
            -0.2466874
          ],
          [
            36.0035856,
            -0.2467323
          ],
          [
            36.0035907,
            -0.2467826
          ],
          [
            36.0036343,
            -0.2470823
          ],
          [
            36.0036483,
            -0.2471822
          ],
          [
            36.0036457,
            -0.2472137
          ]
        ]
      },
      "id": "way/673101230"
    },
    {
      "type": "Feature",
      "properties": {
        "@id": "way/673101231",
        "highway": "residential"
      },
      "geometry": {
        "type": "LineString",
        "coordinates": [
          [
            36.0061009,
            -0.2475997
          ],
          [
            36.0063084,
            -0.2476064
          ],
          [
            36.0069521,
            -0.2476225
          ],
          [
            36.0069995,
            -0.2476082
          ],
          [
            36.0070192,
            -0.2475745
          ],
          [
            36.0070269,
            -0.2475547
          ],
          [
            36.0070292,
            -0.2475265
          ],
          [
            36.0069991,
            -0.2474203
          ],
          [
            36.0069676,
            -0.2473056
          ],
          [
            36.0069277,
            -0.2470998
          ]
        ]
      },
      "id": "way/673101231"
    },
    {
      "type": "Feature",
      "properties": {
        "@id": "way/673109327",
        "highway": "residential"
      },
      "geometry": {
        "type": "LineString",
        "coordinates": [
          [
            36.0004973,
            -0.2408125
          ],
          [
            36.0010761,
            -0.2402662
          ]
        ]
      },
      "id": "way/673109327"
    },
    {
      "type": "Feature",
      "properties": {
        "@id": "way/673109328",
        "highway": "residential"
      },
      "geometry": {
        "type": "LineString",
        "coordinates": [
          [
            36.0046905,
            -0.2441493
          ],
          [
            36.0046984,
            -0.2438536
          ],
          [
            36.0046984,
            -0.2437987
          ],
          [
            36.0046884,
            -0.2437678
          ],
          [
            36.0046723,
            -0.2437443
          ],
          [
            36.00428,
            -0.2432998
          ]
        ]
      },
      "id": "way/673109328"
    },
    {
      "type": "Feature",
      "properties": {
        "@id": "way/673114911",
        "highway": "residential"
      },
      "geometry": {
        "type": "LineString",
        "coordinates": [
          [
            36.0012961,
            -0.244002
          ],
          [
            36.0013054,
            -0.2447844
          ]
        ]
      },
      "id": "way/673114911"
    },
    {
      "type": "Feature",
      "properties": {
        "@id": "way/673114912",
        "highway": "residential"
      },
      "geometry": {
        "type": "LineString",
        "coordinates": [
          [
            36.0062581,
            -0.2441955
          ],
          [
            36.0062112,
            -0.2440991
          ],
          [
            36.0061743,
            -0.2440468
          ],
          [
            36.0056841,
            -0.2434956
          ],
          [
            36.0052952,
            -0.2430423
          ]
        ]
      },
      "id": "way/673114912"
    },
    {
      "type": "Feature",
      "properties": {
        "@id": "way/673114913",
        "highway": "residential"
      },
      "geometry": {
        "type": "LineString",
        "coordinates": [
          [
            36.0027498,
            -0.241264
          ],
          [
            36.00244,
            -0.2415339
          ],
          [
            36.002318,
            -0.2416663
          ]
        ]
      },
      "id": "way/673114913"
    },
    {
      "type": "Feature",
      "properties": {
        "@id": "way/673114914",
        "highway": "residential"
      },
      "geometry": {
        "type": "LineString",
        "coordinates": [
          [
            36.0028745,
            -0.2402381
          ],
          [
            36.0033278,
            -0.2407343
          ],
          [
            36.0036711,
            -0.2411057
          ],
          [
            36.0038669,
            -0.2413136
          ]
        ]
      },
      "id": "way/673114914"
    },
    {
      "type": "Feature",
      "properties": {
        "@id": "way/673114915",
        "highway": "residential"
      },
      "geometry": {
        "type": "LineString",
        "coordinates": [
          [
            36.0038669,
            -0.2413136
          ],
          [
            36.0039206,
            -0.2413377
          ],
          [
            36.0039662,
            -0.2413136
          ],
          [
            36.0041244,
            -0.2411808
          ],
          [
            36.004166,
            -0.2411607
          ],
          [
            36.0041946,
            -0.2411646
          ]
        ]
      },
      "id": "way/673114915"
    },
    {
      "type": "Feature",
      "properties": {
        "@id": "way/673114916",
        "highway": "residential"
      },
      "geometry": {
        "type": "LineString",
        "coordinates": [
          [
            36.0022925,
            -0.2407852
          ],
          [
            36.0027498,
            -0.241264
          ],
          [
            36.0029563,
            -0.2414839
          ],
          [
            36.0031602,
            -0.2417039
          ],
          [
            36.0036966,
            -0.242251
          ],
          [
            36.0039863,
            -0.2425702
          ]
        ]
      },
      "id": "way/673114916"
    },
    {
      "type": "Feature",
      "properties": {
        "@id": "way/673137081",
        "highway": "residential"
      },
      "geometry": {
        "type": "LineString",
        "coordinates": [
          [
            36.0094928,
            -0.2530173
          ],
          [
            36.0093052,
            -0.2522449
          ]
        ]
      },
      "id": "way/673137081"
    },
    {
      "type": "Feature",
      "properties": {
        "@id": "way/673137082",
        "highway": "residential"
      },
      "geometry": {
        "type": "LineString",
        "coordinates": [
          [
            36.0087298,
            -0.2532064
          ],
          [
            36.0084763,
            -0.2522529
          ]
        ]
      },
      "id": "way/673137082"
    },
    {
      "type": "Feature",
      "properties": {
        "@id": "way/673137083",
        "highway": "residential"
      },
      "geometry": {
        "type": "LineString",
        "coordinates": [
          [
            36.0068938,
            -0.2536235
          ],
          [
            36.0068563,
            -0.2536141
          ],
          [
            36.0068294,
            -0.2535886
          ],
          [
            36.0067812,
            -0.2535296
          ],
          [
            36.0067396,
            -0.2535095
          ],
          [
            36.0067007,
            -0.2535055
          ],
          [
            36.0065961,
            -0.2535162
          ],
          [
            36.0056359,
            -0.2537469
          ],
          [
            36.0047024,
            -0.2539614
          ],
          [
            36.0039381,
            -0.2541626
          ]
        ]
      },
      "id": "way/673137083"
    },
    {
      "type": "Feature",
      "properties": {
        "@id": "way/673137084",
        "highway": "residential"
      },
      "geometry": {
        "type": "LineString",
        "coordinates": [
          [
            36.0107364,
            -0.2507221
          ],
          [
            36.0103324,
            -0.2508447
          ],
          [
            36.0099328,
            -0.2509494
          ],
          [
            36.0089725,
            -0.2511934
          ],
          [
            36.0084334,
            -0.2513061
          ],
          [
            36.0079265,
            -0.2514402
          ]
        ]
      },
      "id": "way/673137084"
    },
    {
      "type": "Feature",
      "properties": {
        "@id": "way/673137085",
        "highway": "residential"
      },
      "geometry": {
        "type": "LineString",
        "coordinates": [
          [
            36.0119176,
            -0.2523843
          ],
          [
            36.0117821,
            -0.2524809
          ],
          [
            36.0117432,
            -0.2524997
          ],
          [
            36.0117017,
            -0.2525131
          ],
          [
            36.0111652,
            -0.2526485
          ],
          [
            36.0105389,
            -0.2528001
          ],
          [
            36.0094928,
            -0.2530173
          ],
          [
            36.0087298,
            -0.2532064
          ],
          [
            36.0070977,
            -0.2535779
          ],
          [
            36.0068938,
            -0.2536235
          ]
        ]
      },
      "id": "way/673137085"
    },
    {
      "type": "Feature",
      "properties": {
        "@id": "way/673137086",
        "highway": "residential"
      },
      "geometry": {
        "type": "LineString",
        "coordinates": [
          [
            36.0120007,
            -0.2528188
          ],
          [
            36.0121348,
            -0.2527089
          ]
        ]
      },
      "id": "way/673137086"
    },
    {
      "type": "Feature",
      "properties": {
        "@id": "way/673137087",
        "highway": "residential"
      },
      "geometry": {
        "type": "LineString",
        "coordinates": [
          [
            36.0122582,
            -0.252902
          ],
          [
            36.0124903,
            -0.2522663
          ],
          [
            36.0129851,
            -0.2508152
          ],
          [
            36.0131957,
            -0.2501863
          ],
          [
            36.013307,
            -0.249859
          ],
          [
            36.0133659,
            -0.2495175
          ]
        ]
      },
      "id": "way/673137087"
    },
    {
      "type": "Feature",
      "properties": {
        "@id": "way/673165878",
        "highway": "residential"
      },
      "geometry": {
        "type": "LineString",
        "coordinates": [
          [
            36.0164283,
            -0.2567567
          ],
          [
            36.0164988,
            -0.2570151
          ],
          [
            36.0165764,
            -0.2573198
          ],
          [
            36.0166195,
            -0.2576508
          ],
          [
            36.0166305,
            -0.2580234
          ],
          [
            36.0167161,
            -0.2586606
          ],
          [
            36.0167657,
            -0.2593553
          ]
        ]
      },
      "id": "way/673165878"
    },
    {
      "type": "Feature",
      "properties": {
        "@id": "way/673165880",
        "highway": "path"
      },
      "geometry": {
        "type": "LineString",
        "coordinates": [
          [
            36.0172773,
            -0.2549505
          ],
          [
            36.0173222,
            -0.2553575
          ],
          [
            36.0173705,
            -0.2557692
          ],
          [
            36.0174014,
            -0.2566075
          ]
        ]
      },
      "id": "way/673165880"
    },
    {
      "type": "Feature",
      "properties": {
        "@id": "way/673165881",
        "highway": "residential"
      },
      "geometry": {
        "type": "LineString",
        "coordinates": [
          [
            36.013779,
            -0.2550491
          ],
          [
            36.0133351,
            -0.2555372
          ],
          [
            36.0132775,
            -0.255564
          ]
        ]
      },
      "id": "way/673165881"
    },
    {
      "type": "Feature",
      "properties": {
        "@id": "way/673165882",
        "highway": "residential"
      },
      "geometry": {
        "type": "LineString",
        "coordinates": [
          [
            36.0132775,
            -0.255564
          ],
          [
            36.0132483,
            -0.255561
          ],
          [
            36.0132225,
            -0.2555506
          ],
          [
            36.0131299,
            -0.2554903
          ],
          [
            36.0130736,
            -0.2554809
          ],
          [
            36.0130361,
            -0.2555037
          ],
          [
            36.0128215,
            -0.2558859
          ]
        ]
      },
      "id": "way/673165882"
    },
    {
      "type": "Feature",
      "properties": {
        "@id": "way/673165883",
        "highway": "residential"
      },
      "geometry": {
        "type": "LineString",
        "coordinates": [
          [
            36.0116695,
            -0.2548774
          ],
          [
            36.0119015,
            -0.2550424
          ],
          [
            36.0122019,
            -0.2552288
          ],
          [
            36.0124969,
            -0.2554085
          ]
        ]
      },
      "id": "way/673165883"
    },
    {
      "type": "Feature",
      "properties": {
        "@id": "way/673165884",
        "highway": "residential"
      },
      "geometry": {
        "type": "LineString",
        "coordinates": [
          [
            36.0047024,
            -0.2539614
          ],
          [
            36.004504,
            -0.2531166
          ],
          [
            36.0043216,
            -0.2523548
          ]
        ]
      },
      "id": "way/673165884"
    },
    {
      "type": "Feature",
      "properties": {
        "@id": "way/673165885",
        "highway": "residential"
      },
      "geometry": {
        "type": "LineString",
        "coordinates": [
          [
            36.0121885,
            -0.2588215
          ],
          [
            36.0119203,
            -0.2586512
          ],
          [
            36.0116199,
            -0.2584729
          ],
          [
            36.011239,
            -0.2582476
          ],
          [
            36.0110137,
            -0.2581309
          ],
          [
            36.0109064,
            -0.258084
          ],
          [
            36.0107964,
            -0.2580437
          ],
          [
            36.0106804,
            -0.2579939
          ]
        ]
      },
      "id": "way/673165885"
    },
    {
      "type": "Feature",
      "properties": {
        "@id": "way/673165886",
        "highway": "residential"
      },
      "geometry": {
        "type": "LineString",
        "coordinates": [
          [
            36.0103099,
            -0.2590836
          ],
          [
            36.0099931,
            -0.2589369
          ],
          [
            36.0096297,
            -0.2587921
          ]
        ]
      },
      "id": "way/673165886"
    },
    {
      "type": "Feature",
      "properties": {
        "@id": "way/673302367",
        "highway": "residential"
      },
      "geometry": {
        "type": "LineString",
        "coordinates": [
          [
            36.0036457,
            -0.2472137
          ],
          [
            36.0036208,
            -0.2472352
          ],
          [
            36.0033171,
            -0.2472439
          ],
          [
            36.0032802,
            -0.2472567
          ],
          [
            36.0032554,
            -0.2472868
          ],
          [
            36.00325,
            -0.2473204
          ],
          [
            36.0032326,
            -0.2477616
          ],
          [
            36.0032313,
            -0.2478702
          ],
          [
            36.0032473,
            -0.247897
          ],
          [
            36.0032916,
            -0.2479212
          ],
          [
            36.0036658,
            -0.2479212
          ]
        ]
      },
      "id": "way/673302367"
    },
    {
      "type": "Feature",
      "properties": {
        "@id": "way/673302368",
        "highway": "residential"
      },
      "geometry": {
        "type": "LineString",
        "coordinates": [
          [
            36.0039573,
            -0.2441125
          ],
          [
            36.0040587,
            -0.2445818
          ],
          [
            36.0041634,
            -0.2450428
          ],
          [
            36.0042739,
            -0.2456153
          ],
          [
            36.0043591,
            -0.2461134
          ]
        ]
      },
      "id": "way/673302368"
    },
    {
      "type": "Feature",
      "properties": {
        "@id": "way/673304343",
        "highway": "residential"
      },
      "geometry": {
        "type": "LineString",
        "coordinates": [
          [
            36.0170124,
            -0.2597181
          ],
          [
            36.0169628,
            -0.2597563
          ],
          [
            36.0169326,
            -0.2597833
          ],
          [
            36.0160683,
            -0.2611228
          ]
        ]
      },
      "id": "way/673304343"
    },
    {
      "type": "Feature",
      "properties": {
        "@id": "way/673308437",
        "highway": "residential"
      },
      "geometry": {
        "type": "LineString",
        "coordinates": [
          [
            36.0158511,
            -0.2582462
          ],
          [
            36.0157914,
            -0.2582429
          ],
          [
            36.0157545,
            -0.2582446
          ],
          [
            36.0157099,
            -0.2582466
          ],
          [
            36.0156691,
            -0.258318
          ],
          [
            36.0154775,
            -0.2586563
          ],
          [
            36.0152401,
            -0.2590734
          ],
          [
            36.0147801,
            -0.2598525
          ],
          [
            36.0142555,
            -0.2607386
          ],
          [
            36.0140194,
            -0.2611374
          ],
          [
            36.0138936,
            -0.2613499
          ]
        ]
      },
      "id": "way/673308437"
    },
    {
      "type": "Feature",
      "properties": {
        "@id": "way/673308438",
        "highway": "residential"
      },
      "geometry": {
        "type": "LineString",
        "coordinates": [
          [
            36.0121885,
            -0.2588215
          ],
          [
            36.0117164,
            -0.2596316
          ],
          [
            36.0115394,
            -0.2599306
          ],
          [
            36.0113543,
            -0.2602243
          ],
          [
            36.0111708,
            -0.2605082
          ],
          [
            36.0107428,
            -0.2612436
          ],
          [
            36.0101782,
            -0.2622183
          ]
        ]
      },
      "id": "way/673308438"
    },
    {
      "type": "Feature",
      "properties": {
        "@id": "way/673308439",
        "highway": "residential"
      },
      "geometry": {
        "type": "LineString",
        "coordinates": [
          [
            36.0141706,
            -0.2556244
          ],
          [
            36.0140513,
            -0.2557498
          ],
          [
            36.0139614,
            -0.2558658
          ],
          [
            36.0136288,
            -0.2563666
          ],
          [
            36.0134062,
            -0.256767
          ],
          [
            36.0129898,
            -0.257455
          ],
          [
            36.0126002,
            -0.2581202
          ],
          [
            36.012454,
            -0.258371
          ],
          [
            36.0121885,
            -0.2588215
          ]
        ]
      },
      "id": "way/673308439"
    },
    {
      "type": "Feature",
      "properties": {
        "@id": "way/673308440",
        "highway": "residential"
      },
      "geometry": {
        "type": "LineString",
        "coordinates": [
          [
            35.998726,
            -0.2538751
          ],
          [
            35.999963,
            -0.2547272
          ],
          [
            36.0004203,
            -0.2550477
          ],
          [
            36.0007781,
            -0.255316
          ]
        ]
      },
      "id": "way/673308440"
    },
    {
      "type": "Feature",
      "properties": {
        "@id": "way/673314217",
        "highway": "residential"
      },
      "geometry": {
        "type": "LineString",
        "coordinates": [
          [
            36.0077318,
            -0.2438258
          ],
          [
            36.007562,
            -0.2431371
          ],
          [
            36.0075213,
            -0.2430029
          ],
          [
            36.0074252,
            -0.2425374
          ],
          [
            36.0073189,
            -0.2419967
          ]
        ]
      },
      "id": "way/673314217"
    },
    {
      "type": "Feature",
      "properties": {
        "@id": "way/673314218",
        "highway": "residential"
      },
      "geometry": {
        "type": "LineString",
        "coordinates": [
          [
            36.0076626,
            -0.2418952
          ],
          [
            36.0078567,
            -0.2418179
          ],
          [
            36.0080451,
            -0.2417609
          ],
          [
            36.00808,
            -0.2417582
          ],
          [
            36.0081135,
            -0.2417716
          ],
          [
            36.008192,
            -0.2418353
          ],
          [
            36.0083228,
            -0.2419325
          ],
          [
            36.0084535,
            -0.2420572
          ],
          [
            36.0085715,
            -0.2421853
          ],
          [
            36.0085876,
            -0.2422172
          ],
          [
            36.0085937,
            -0.2422504
          ],
          [
            36.0085913,
            -0.2422725
          ],
          [
            36.0085192,
            -0.2424039
          ],
          [
            36.0085072,
            -0.2424368
          ],
          [
            36.0085058,
            -0.2424763
          ],
          [
            36.0085246,
            -0.2425327
          ],
          [
            36.0086614,
            -0.2428867
          ],
          [
            36.0086641,
            -0.2429618
          ],
          [
            36.0086399,
            -0.2430289
          ],
          [
            36.0080542,
            -0.2435595
          ]
        ]
      },
      "id": "way/673314218"
    },
    {
      "type": "Feature",
      "properties": {
        "@id": "way/673315817",
        "highway": "residential",
        "noname": "yes",
        "source": "maxar"
      },
      "geometry": {
        "type": "LineString",
        "coordinates": [
          [
            36.0057934,
            -0.2696911
          ],
          [
            36.0062581,
            -0.2689978
          ],
          [
            36.0067248,
            -0.2682467
          ],
          [
            36.0068569,
            -0.2679823
          ]
        ]
      },
      "id": "way/673315817"
    },
    {
      "type": "Feature",
      "properties": {
        "@id": "way/673315818",
        "highway": "residential",
        "noname": "yes",
        "source": "maxar"
      },
      "geometry": {
        "type": "LineString",
        "coordinates": [
          [
            36.0081669,
            -0.2684381
          ],
          [
            36.0078325,
            -0.2682762
          ],
          [
            36.007612,
            -0.2681713
          ],
          [
            36.0075128,
            -0.2681445
          ],
          [
            36.0074671,
            -0.2682411
          ],
          [
            36.0074162,
            -0.268378
          ]
        ]
      },
      "id": "way/673315818"
    },
    {
      "type": "Feature",
      "properties": {
        "@id": "way/673315820",
        "highway": "service"
      },
      "geometry": {
        "type": "LineString",
        "coordinates": [
          [
            36.0098993,
            -0.2687255
          ],
          [
            36.0100695,
            -0.2685324
          ],
          [
            36.0101567,
            -0.2684452
          ]
        ]
      },
      "id": "way/673315820"
    },
    {
      "type": "Feature",
      "properties": {
        "@id": "way/673315822",
        "highway": "residential",
        "noname": "yes"
      },
      "geometry": {
        "type": "LineString",
        "coordinates": [
          [
            36.0093722,
            -0.2678055
          ],
          [
            36.0095452,
            -0.2678699
          ],
          [
            36.0096592,
            -0.2679544
          ],
          [
            36.0097263,
            -0.2681207
          ],
          [
            36.0097477,
            -0.2682293
          ],
          [
            36.0097933,
            -0.268409
          ],
          [
            36.0098496,
            -0.2686008
          ],
          [
            36.0098993,
            -0.2687255
          ],
          [
            36.0099301,
            -0.2689467
          ],
          [
            36.0099531,
            -0.2690206
          ],
          [
            36.0100708,
            -0.2691278
          ],
          [
            36.0101621,
            -0.269215
          ],
          [
            36.0102894,
            -0.269282
          ],
          [
            36.0104665,
            -0.2694027
          ]
        ]
      },
      "id": "way/673315822"
    },
    {
      "type": "Feature",
      "properties": {
        "@id": "way/673315823",
        "highway": "residential",
        "noname": "yes"
      },
      "geometry": {
        "type": "LineString",
        "coordinates": [
          [
            36.0082491,
            -0.2682585
          ],
          [
            36.0089256,
            -0.2680388
          ],
          [
            36.0090074,
            -0.2679933
          ],
          [
            36.0090664,
            -0.2679517
          ],
          [
            36.0091817,
            -0.2677613
          ],
          [
            36.0092045,
            -0.2677479
          ],
          [
            36.00923,
            -0.2677452
          ],
          [
            36.0092676,
            -0.2677586
          ],
          [
            36.0093722,
            -0.2678055
          ],
          [
            36.0094017,
            -0.2677049
          ],
          [
            36.0094151,
            -0.2675842
          ],
          [
            36.009407,
            -0.2674045
          ],
          [
            36.0094068,
            -0.2672194
          ]
        ]
      },
      "id": "way/673315823"
    },
    {
      "type": "Feature",
      "properties": {
        "@id": "way/673315824",
        "highway": "residential",
        "noname": "yes"
      },
      "geometry": {
        "type": "LineString",
        "coordinates": [
          [
            36.001464,
            -0.2678936
          ],
          [
            36.0019077,
            -0.2681406
          ]
        ]
      },
      "id": "way/673315824"
    },
    {
      "type": "Feature",
      "properties": {
        "@id": "way/673316499",
        "highway": "residential"
      },
      "geometry": {
        "type": "LineString",
        "coordinates": [
          [
            36.0093286,
            -0.2452014
          ],
          [
            36.0100665,
            -0.2445077
          ],
          [
            36.0103307,
            -0.2442747
          ],
          [
            36.0103555,
            -0.2442556
          ],
          [
            36.0103529,
            -0.2442365
          ]
        ]
      },
      "id": "way/673316499"
    },
    {
      "type": "Feature",
      "properties": {
        "@id": "way/673316500",
        "highway": "residential"
      },
      "geometry": {
        "type": "LineString",
        "coordinates": [
          [
            36.0103529,
            -0.2442365
          ],
          [
            36.0103448,
            -0.2442157
          ],
          [
            36.0099234,
            -0.2437866
          ],
          [
            36.0099019,
            -0.2437557
          ],
          [
            36.0098972,
            -0.2437356
          ],
          [
            36.0098989,
            -0.2437175
          ],
          [
            36.0100414,
            -0.2434996
          ]
        ]
      },
      "id": "way/673316500"
    },
    {
      "type": "Feature",
      "properties": {
        "@id": "way/673316501",
        "highway": "residential"
      },
      "geometry": {
        "type": "LineString",
        "coordinates": [
          [
            36.0083714,
            -0.246756
          ],
          [
            36.0086359,
            -0.2465439
          ],
          [
            36.00888,
            -0.2463186
          ],
          [
            36.0095103,
            -0.2457627
          ],
          [
            36.0096323,
            -0.2456359
          ],
          [
            36.0096364,
            -0.2456175
          ],
          [
            36.009635,
            -0.2455997
          ],
          [
            36.0096256,
            -0.2455756
          ],
          [
            36.009348,
            -0.2452819
          ],
          [
            36.0093279,
            -0.2452464
          ],
          [
            36.0093236,
            -0.2452212
          ],
          [
            36.0093286,
            -0.2452014
          ]
        ]
      },
      "id": "way/673316501"
    },
    {
      "type": "Feature",
      "properties": {
        "@id": "way/673328255",
        "highway": "residential"
      },
      "geometry": {
        "type": "LineString",
        "coordinates": [
          [
            36.0162265,
            -0.2533089
          ],
          [
            36.0161421,
            -0.2524742
          ],
          [
            36.0161307,
            -0.2524326
          ],
          [
            36.0161139,
            -0.2524075
          ],
          [
            36.0160911,
            -0.2523924
          ],
          [
            36.0160509,
            -0.2523964
          ],
          [
            36.0155868,
            -0.2524285
          ]
        ]
      },
      "id": "way/673328255"
    },
    {
      "type": "Feature",
      "properties": {
        "@id": "way/673328256",
        "highway": "path"
      },
      "geometry": {
        "type": "LineString",
        "coordinates": [
          [
            36.0218824,
            -0.2522654
          ],
          [
            36.0213195,
            -0.2519136
          ],
          [
            36.0176785,
            -0.2495781
          ]
        ]
      },
      "id": "way/673328256"
    },
    {
      "type": "Feature",
      "properties": {
        "@id": "way/673328258",
        "highway": "residential"
      },
      "geometry": {
        "type": "LineString",
        "coordinates": [
          [
            36.0133659,
            -0.2495175
          ],
          [
            36.013928,
            -0.2478434
          ],
          [
            36.0139896,
            -0.2476758
          ],
          [
            36.0140607,
            -0.2474625
          ],
          [
            36.014117,
            -0.2472265
          ]
        ]
      },
      "id": "way/673328258"
    },
    {
      "type": "Feature",
      "properties": {
        "@id": "way/673328259",
        "highway": "residential"
      },
      "geometry": {
        "type": "LineString",
        "coordinates": [
          [
            36.0139319,
            -0.2494829
          ],
          [
            36.013952,
            -0.2495204
          ],
          [
            36.0139809,
            -0.2495962
          ],
          [
            36.013993,
            -0.2496927
          ],
          [
            36.0140875,
            -0.2507817
          ],
          [
            36.0141331,
            -0.2512658
          ]
        ]
      },
      "id": "way/673328259"
    },
    {
      "type": "Feature",
      "properties": {
        "@id": "way/673328260",
        "highway": "residential"
      },
      "geometry": {
        "type": "LineString",
        "coordinates": [
          [
            36.0161553,
            -0.2492514
          ],
          [
            36.0162936,
            -0.2504384
          ]
        ]
      },
      "id": "way/673328260"
    },
    {
      "type": "Feature",
      "properties": {
        "@id": "way/673329943",
        "highway": "residential"
      },
      "geometry": {
        "type": "LineString",
        "coordinates": [
          [
            36.0130857,
            -0.2522086
          ],
          [
            36.0131393,
            -0.2525707
          ],
          [
            36.0131863,
            -0.2529798
          ],
          [
            36.0132628,
            -0.2536879
          ]
        ]
      },
      "id": "way/673329943"
    },
    {
      "type": "Feature",
      "properties": {
        "@id": "way/673329944",
        "highway": "residential"
      },
      "geometry": {
        "type": "LineString",
        "coordinates": [
          [
            36.0124903,
            -0.2522663
          ],
          [
            36.0130857,
            -0.2522086
          ],
          [
            36.0136919,
            -0.2521416
          ]
        ]
      },
      "id": "way/673329944"
    },
    {
      "type": "Feature",
      "properties": {
        "@id": "way/673329945",
        "highway": "residential"
      },
      "geometry": {
        "type": "LineString",
        "coordinates": [
          [
            36.0116735,
            -0.2508554
          ],
          [
            36.0116916,
            -0.2508226
          ],
          [
            36.0116963,
            -0.2507924
          ],
          [
            36.0116883,
            -0.2507535
          ],
          [
            36.0113047,
            -0.2503324
          ],
          [
            36.0112632,
            -0.2502721
          ],
          [
            36.0112531,
            -0.2502238
          ],
          [
            36.0112591,
            -0.2501822
          ],
          [
            36.0115274,
            -0.2499408
          ],
          [
            36.011809,
            -0.2496914
          ]
        ]
      },
      "id": "way/673329945"
    },
    {
      "type": "Feature",
      "properties": {
        "@id": "way/673329946",
        "highway": "residential"
      },
      "geometry": {
        "type": "LineString",
        "coordinates": [
          [
            36.0097611,
            -0.2490598
          ],
          [
            36.010319,
            -0.2499221
          ],
          [
            36.0105604,
            -0.2502627
          ],
          [
            36.0106,
            -0.2502801
          ],
          [
            36.0106395,
            -0.2502795
          ],
          [
            36.0106784,
            -0.2502681
          ],
          [
            36.0115018,
            -0.2495117
          ]
        ]
      },
      "id": "way/673329946"
    },
    {
      "type": "Feature",
      "properties": {
        "@id": "way/673329947",
        "highway": "residential"
      },
      "geometry": {
        "type": "LineString",
        "coordinates": [
          [
            36.0093627,
            -0.2481391
          ],
          [
            36.0094902,
            -0.2480425
          ],
          [
            36.010021,
            -0.2475171
          ],
          [
            36.0107589,
            -0.2468563
          ],
          [
            36.0110137,
            -0.2465935
          ],
          [
            36.0110405,
            -0.2465506
          ]
        ]
      },
      "id": "way/673329947"
    },
    {
      "type": "Feature",
      "properties": {
        "@id": "way/673329948",
        "highway": "residential"
      },
      "geometry": {
        "type": "LineString",
        "coordinates": [
          [
            36.0110405,
            -0.2465506
          ],
          [
            36.0110465,
            -0.2465124
          ],
          [
            36.0110439,
            -0.2464828
          ],
          [
            36.0107592,
            -0.2461868
          ],
          [
            36.0107418,
            -0.2461633
          ],
          [
            36.0107337,
            -0.2461392
          ],
          [
            36.0107327,
            -0.2461174
          ],
          [
            36.0107421,
            -0.2460916
          ],
          [
            36.0111599,
            -0.2456883
          ],
          [
            36.0115904,
            -0.2452832
          ]
        ]
      },
      "id": "way/673329948"
    },
    {
      "type": "Feature",
      "properties": {
        "@id": "way/673329949",
        "highway": "residential"
      },
      "geometry": {
        "type": "LineString",
        "coordinates": [
          [
            36.0096604,
            -0.2491442
          ],
          [
            36.0097611,
            -0.2490598
          ],
          [
            36.0096967,
            -0.2489511
          ],
          [
            36.0093961,
            -0.2484884
          ],
          [
            36.0093478,
            -0.2484155
          ],
          [
            36.0093178,
            -0.2483764
          ],
          [
            36.0093106,
            -0.2483115
          ],
          [
            36.0093181,
            -0.2482001
          ],
          [
            36.0093627,
            -0.2481391
          ]
        ]
      },
      "id": "way/673329949"
    },
    {
      "type": "Feature",
      "properties": {
        "@id": "way/673330460",
        "highway": "residential"
      },
      "geometry": {
        "type": "LineString",
        "coordinates": [
          [
            36.015707,
            -0.2533685
          ],
          [
            36.0156499,
            -0.2529395
          ],
          [
            36.0155868,
            -0.2524285
          ],
          [
            36.0155613,
            -0.2521496
          ]
        ]
      },
      "id": "way/673330460"
    },
    {
      "type": "Feature",
      "properties": {
        "@id": "way/673336253",
        "highway": "residential"
      },
      "geometry": {
        "type": "LineString",
        "coordinates": [
          [
            36.014117,
            -0.2472265
          ],
          [
            36.013189,
            -0.2461885
          ],
          [
            36.0120222,
            -0.2448796
          ],
          [
            36.0109198,
            -0.2436484
          ],
          [
            36.0099274,
            -0.2425541
          ],
          [
            36.0090047,
            -0.2415
          ],
          [
            36.0088706,
            -0.2413176
          ],
          [
            36.0083824,
            -0.240293
          ],
          [
            36.007658,
            -0.2387375
          ],
          [
            36.0075536,
            -0.2385147
          ],
          [
            36.0075275,
            -0.2384879
          ]
        ]
      },
      "id": "way/673336253"
    },
    {
      "type": "Feature",
      "properties": {
        "@id": "way/673353582",
        "highway": "residential",
        "noname": "yes"
      },
      "geometry": {
        "type": "LineString",
        "coordinates": [
          [
            36.0013557,
            -0.2751996
          ],
          [
            36.001744,
            -0.2753304
          ],
          [
            36.0017735,
            -0.275325
          ],
          [
            36.001811,
            -0.2753036
          ],
          [
            36.0019827,
            -0.2749146
          ],
          [
            36.001976,
            -0.2748503
          ],
          [
            36.0019559,
            -0.2748154
          ],
          [
            36.0018834,
            -0.274743
          ],
          [
            36.0018754,
            -0.2747054
          ],
          [
            36.0018942,
            -0.2746706
          ],
          [
            36.0020632,
            -0.274405
          ]
        ]
      },
      "id": "way/673353582"
    },
    {
      "type": "Feature",
      "properties": {
        "@id": "way/673353584",
        "highway": "residential",
        "noname": "yes"
      },
      "geometry": {
        "type": "LineString",
        "coordinates": [
          [
            36.0008797,
            -0.276482
          ],
          [
            36.001339,
            -0.2752526
          ],
          [
            36.0013557,
            -0.2751996
          ],
          [
            36.0004833,
            -0.2749522
          ]
        ]
      },
      "id": "way/673353584"
    },
    {
      "type": "Feature",
      "properties": {
        "@id": "way/673353586",
        "highway": "residential"
      },
      "geometry": {
        "type": "LineString",
        "coordinates": [
          [
            36.0028224,
            -0.2792132
          ],
          [
            36.0020632,
            -0.2788145
          ]
        ]
      },
      "id": "way/673353586"
    },
    {
      "type": "Feature",
      "properties": {
        "@id": "way/673353588",
        "highway": "residential",
        "noname": "yes"
      },
      "geometry": {
        "type": "LineString",
        "coordinates": [
          [
            36.0026123,
            -0.2769736
          ],
          [
            36.0033553,
            -0.2774694
          ],
          [
            36.0033761,
            -0.2774754
          ],
          [
            36.0033915,
            -0.2774741
          ],
          [
            36.0034083,
            -0.2774573
          ],
          [
            36.0036569,
            -0.2770858
          ],
          [
            36.0042131,
            -0.2763646
          ]
        ]
      },
      "id": "way/673353588"
    },
    {
      "type": "Feature",
      "properties": {
        "@id": "way/673353590",
        "highway": "residential",
        "noname": "yes"
      },
      "geometry": {
        "type": "LineString",
        "coordinates": [
          [
            36.004696,
            -0.276711
          ],
          [
            36.0042131,
            -0.2763646
          ],
          [
            36.0037342,
            -0.276021
          ],
          [
            36.0030803,
            -0.2755896
          ]
        ]
      },
      "id": "way/673353590"
    },
    {
      "type": "Feature",
      "properties": {
        "@id": "way/673353594",
        "highway": "residential",
        "noname": "yes"
      },
      "geometry": {
        "type": "LineString",
        "coordinates": [
          [
            36.003132,
            -0.2767399
          ],
          [
            36.0034733,
            -0.2763536
          ],
          [
            36.0037342,
            -0.276021
          ]
        ]
      },
      "id": "way/673353594"
    },
    {
      "type": "Feature",
      "properties": {
        "@id": "way/673353595",
        "highway": "residential",
        "noname": "yes"
      },
      "geometry": {
        "type": "LineString",
        "coordinates": [
          [
            36.0041469,
            -0.2774126
          ],
          [
            36.0036569,
            -0.2770858
          ],
          [
            36.0033613,
            -0.2768887
          ],
          [
            36.003132,
            -0.2767399
          ],
          [
            36.0030314,
            -0.2766768
          ],
          [
            36.0026881,
            -0.2764475
          ],
          [
            36.0025996,
            -0.2763952
          ]
        ]
      },
      "id": "way/673353595"
    },
    {
      "type": "Feature",
      "properties": {
        "@id": "way/673353597",
        "highway": "residential"
      },
      "geometry": {
        "type": "LineString",
        "coordinates": [
          [
            36.0024762,
            -0.2627429
          ],
          [
            36.0021895,
            -0.2621354
          ]
        ]
      },
      "id": "way/673353597"
    },
    {
      "type": "Feature",
      "properties": {
        "@id": "way/673353599",
        "highway": "residential"
      },
      "geometry": {
        "type": "LineString",
        "coordinates": [
          [
            36.0018137,
            -0.2631103
          ],
          [
            36.0024762,
            -0.2627429
          ],
          [
            36.0032755,
            -0.2623459
          ]
        ]
      },
      "id": "way/673353599"
    },
    {
      "type": "Feature",
      "properties": {
        "@id": "way/673353601",
        "highway": "residential",
        "noname": "yes"
      },
      "geometry": {
        "type": "LineString",
        "coordinates": [
          [
            36.0022835,
            -0.2638004
          ],
          [
            36.0018137,
            -0.2631103
          ],
          [
            36.0016291,
            -0.2629271
          ],
          [
            36.0014361,
            -0.2626368
          ],
          [
            36.0012344,
            -0.2623392
          ],
          [
            36.0011489,
            -0.2622333
          ],
          [
            36.0011398,
            -0.2622031
          ]
        ]
      },
      "id": "way/673353601"
    },
    {
      "type": "Feature",
      "properties": {
        "@id": "way/673353602",
        "highway": "residential"
      },
      "geometry": {
        "type": "LineString",
        "coordinates": [
          [
            36.0049719,
            -0.2623756
          ],
          [
            36.0041727,
            -0.2609686
          ]
        ]
      },
      "id": "way/673353602"
    },
    {
      "type": "Feature",
      "properties": {
        "@id": "way/673353603",
        "highway": "residential",
        "noname": "yes"
      },
      "geometry": {
        "type": "LineString",
        "coordinates": [
          [
            36.0093368,
            -0.2655907
          ],
          [
            36.0098802,
            -0.2659483
          ],
          [
            36.0098976,
            -0.26598
          ],
          [
            36.0098952,
            -0.2660165
          ],
          [
            36.0096753,
            -0.266337
          ]
        ]
      },
      "id": "way/673353603"
    },
    {
      "type": "Feature",
      "properties": {
        "@id": "way/673353604",
        "highway": "residential",
        "noname": "yes"
      },
      "geometry": {
        "type": "LineString",
        "coordinates": [
          [
            36.007346,
            -0.2662062
          ],
          [
            36.0088732,
            -0.2657979
          ],
          [
            36.0091254,
            -0.2657523
          ],
          [
            36.0092383,
            -0.2657131
          ]
        ]
      },
      "id": "way/673353604"
    },
    {
      "type": "Feature",
      "properties": {
        "@id": "way/673353605",
        "highway": "residential",
        "noname": "yes"
      },
      "geometry": {
        "type": "LineString",
        "coordinates": [
          [
            36.001801,
            -0.271117
          ],
          [
            36.0024923,
            -0.2700921
          ]
        ]
      },
      "id": "way/673353605"
    },
    {
      "type": "Feature",
      "properties": {
        "@id": "way/673353607",
        "highway": "residential",
        "noname": "yes",
        "source": "maxar"
      },
      "geometry": {
        "type": "LineString",
        "coordinates": [
          [
            36.0037845,
            -0.2716774
          ],
          [
            36.0039192,
            -0.270489
          ],
          [
            36.0039088,
            -0.2703143
          ],
          [
            36.0038991,
            -0.270253
          ],
          [
            36.0038753,
            -0.270207
          ],
          [
            36.0035467,
            -0.2700882
          ],
          [
            36.0033399,
            -0.2700069
          ],
          [
            36.0032587,
            -0.2699835
          ],
          [
            36.0031886,
            -0.2700051
          ],
          [
            36.0031079,
            -0.2703831
          ],
          [
            36.0030743,
            -0.2709531
          ],
          [
            36.0029879,
            -0.2716052
          ]
        ]
      },
      "id": "way/673353607"
    },
    {
      "type": "Feature",
      "properties": {
        "@id": "way/673353608",
        "highway": "residential",
        "noname": "yes"
      },
      "geometry": {
        "type": "LineString",
        "coordinates": [
          [
            36.0025225,
            -0.2715927
          ],
          [
            36.0029469,
            -0.2718865
          ],
          [
            36.0041333,
            -0.2726561
          ],
          [
            36.0042243,
            -0.272721
          ],
          [
            36.0044395,
            -0.2728559
          ]
        ]
      },
      "id": "way/673353608"
    },
    {
      "type": "Feature",
      "properties": {
        "@id": "way/673353609",
        "highway": "residential",
        "noname": "yes"
      },
      "geometry": {
        "type": "LineString",
        "coordinates": [
          [
            36.0045952,
            -0.2717845
          ],
          [
            36.0046944,
            -0.2705722
          ],
          [
            36.0047588,
            -0.2705105
          ],
          [
            36.0048366,
            -0.2705239
          ],
          [
            36.0050833,
            -0.2706567
          ]
        ]
      },
      "id": "way/673353609"
    },
    {
      "type": "Feature",
      "properties": {
        "@id": "way/673353613",
        "highway": "residential",
        "noname": "yes",
        "source": "maxar"
      },
      "geometry": {
        "type": "LineString",
        "coordinates": [
          [
            36.0106884,
            -0.2667271
          ],
          [
            36.0109493,
            -0.2670478
          ],
          [
            36.0111451,
            -0.2673107
          ],
          [
            36.0114401,
            -0.2676674
          ],
          [
            36.0116022,
            -0.2677945
          ]
        ]
      },
      "id": "way/673353613"
    },
    {
      "type": "Feature",
      "properties": {
        "@id": "way/673353614",
        "highway": "residential",
        "noname": "yes"
      },
      "geometry": {
        "type": "LineString",
        "coordinates": [
          [
            36.007862,
            -0.2639188
          ],
          [
            36.008479,
            -0.2637058
          ]
        ]
      },
      "id": "way/673353614"
    },
    {
      "type": "Feature",
      "properties": {
        "@id": "way/673353615",
        "highway": "residential"
      },
      "geometry": {
        "type": "LineString",
        "coordinates": [
          [
            36.0075331,
            -0.2629716
          ],
          [
            36.0072264,
            -0.2631533
          ]
        ]
      },
      "id": "way/673353615"
    },
    {
      "type": "Feature",
      "properties": {
        "@id": "way/673353616",
        "highway": "residential",
        "noname": "yes"
      },
      "geometry": {
        "type": "LineString",
        "coordinates": [
          [
            36.0028308,
            -0.2653631
          ],
          [
            36.002735,
            -0.2650094
          ],
          [
            36.0027136,
            -0.2648618
          ],
          [
            36.0027002,
            -0.264721
          ],
          [
            36.0026827,
            -0.2645547
          ],
          [
            36.0027351,
            -0.2643964
          ],
          [
            36.0027297,
            -0.2643589
          ],
          [
            36.0027109,
            -0.2643147
          ],
          [
            36.0026667,
            -0.2642583
          ],
          [
            36.0026653,
            -0.2642275
          ]
        ]
      },
      "id": "way/673353616"
    },
    {
      "type": "Feature",
      "properties": {
        "@id": "way/673353617",
        "highway": "residential",
        "noname": "yes"
      },
      "geometry": {
        "type": "LineString",
        "coordinates": [
          [
            36.0033962,
            -0.2662297
          ],
          [
            36.0028308,
            -0.2653631
          ],
          [
            36.0019063,
            -0.264009
          ]
        ]
      },
      "id": "way/673353617"
    },
    {
      "type": "Feature",
      "properties": {
        "@id": "way/673353618",
        "highway": "residential",
        "noname": "yes"
      },
      "geometry": {
        "type": "LineString",
        "coordinates": [
          [
            36.0036524,
            -0.2666126
          ],
          [
            36.0034613,
            -0.2663343
          ],
          [
            36.0033962,
            -0.2662297
          ],
          [
            36.0034981,
            -0.2661788
          ],
          [
            36.0035625,
            -0.2661412
          ],
          [
            36.0039013,
            -0.2659695
          ]
        ]
      },
      "id": "way/673353618"
    },
    {
      "type": "Feature",
      "properties": {
        "@id": "way/673361739",
        "highway": "residential",
        "noname": "yes"
      },
      "geometry": {
        "type": "LineString",
        "coordinates": [
          [
            36.0109225,
            -0.2708297
          ],
          [
            36.0109869,
            -0.27076
          ],
          [
            36.0109909,
            -0.2705239
          ],
          [
            36.01107,
            -0.2700277
          ],
          [
            36.01118,
            -0.2697166
          ],
          [
            36.0112658,
            -0.2694094
          ],
          [
            36.0113859,
            -0.2691278
          ],
          [
            36.0114791,
            -0.2689984
          ],
          [
            36.011575,
            -0.2688509
          ],
          [
            36.0116413,
            -0.2688214
          ],
          [
            36.0116828,
            -0.2688488
          ],
          [
            36.0117614,
            -0.2688697
          ],
          [
            36.0118668,
            -0.2689138
          ],
          [
            36.0123947,
            -0.269235
          ],
          [
            36.0134218,
            -0.2698143
          ],
          [
            36.0141691,
            -0.2702743
          ],
          [
            36.0146062,
            -0.2704653
          ]
        ]
      },
      "id": "way/673361739"
    },
    {
      "type": "Feature",
      "properties": {
        "@id": "way/673361741",
        "highway": "residential",
        "noname": "yes"
      },
      "geometry": {
        "type": "LineString",
        "coordinates": [
          [
            36.0105443,
            -0.266911
          ],
          [
            36.0101554,
            -0.2666374
          ]
        ]
      },
      "id": "way/673361741"
    },
    {
      "type": "Feature",
      "properties": {
        "@id": "way/673361743",
        "highway": "residential",
        "noname": "yes",
        "source": "maxar"
      },
      "geometry": {
        "type": "LineString",
        "coordinates": [
          [
            36.0111509,
            -0.2660365
          ],
          [
            36.0107961,
            -0.2656764
          ],
          [
            36.0106517,
            -0.2655063
          ],
          [
            36.0104297,
            -0.2652447
          ],
          [
            36.0100528,
            -0.2648477
          ]
        ]
      },
      "id": "way/673361743"
    },
    {
      "type": "Feature",
      "properties": {
        "@id": "way/673361744",
        "highway": "residential",
        "noname": "yes",
        "source": "maxar"
      },
      "geometry": {
        "type": "LineString",
        "coordinates": [
          [
            36.0126157,
            -0.2639971
          ],
          [
            36.0136771,
            -0.2647465
          ],
          [
            36.0139105,
            -0.2649584
          ],
          [
            36.0139775,
            -0.2650469
          ],
          [
            36.0139775,
            -0.2650979
          ],
          [
            36.0139507,
            -0.2651408
          ],
          [
            36.0136047,
            -0.2653608
          ],
          [
            36.0133164,
            -0.2654965
          ]
        ]
      },
      "id": "way/673361744"
    },
    {
      "type": "Feature",
      "properties": {
        "@id": "way/673361746",
        "highway": "residential"
      },
      "geometry": {
        "type": "LineString",
        "coordinates": [
          [
            36.0149015,
            -0.2616197
          ],
          [
            36.0149807,
            -0.2616271
          ],
          [
            36.0150745,
            -0.2616378
          ],
          [
            36.015265,
            -0.26167
          ],
          [
            36.0153857,
            -0.2616861
          ],
          [
            36.0154816,
            -0.2617143
          ],
          [
            36.0155654,
            -0.261772
          ],
          [
            36.0155835,
            -0.2617961
          ],
          [
            36.0155922,
            -0.2618283
          ],
          [
            36.0155909,
            -0.2618672
          ],
          [
            36.0155734,
            -0.2619141
          ],
          [
            36.014927,
            -0.2628234
          ]
        ]
      },
      "id": "way/673361746"
    },
    {
      "type": "Feature",
      "properties": {
        "@id": "way/673361749",
        "highway": "residential"
      },
      "geometry": {
        "type": "LineString",
        "coordinates": [
          [
            36.0136133,
            -0.2638055
          ],
          [
            36.0141187,
            -0.2631378
          ],
          [
            36.0141465,
            -0.2631194
          ],
          [
            36.0141784,
            -0.2631197
          ],
          [
            36.0143785,
            -0.263278
          ]
        ]
      },
      "id": "way/673361749"
    },
    {
      "type": "Feature",
      "properties": {
        "@id": "way/673361752",
        "highway": "residential",
        "noname": "yes"
      },
      "geometry": {
        "type": "LineString",
        "coordinates": [
          [
            36.0021595,
            -0.2713489
          ],
          [
            36.00153,
            -0.2723251
          ],
          [
            36.0013778,
            -0.2725731
          ],
          [
            36.0017306,
            -0.2727769
          ],
          [
            36.0023984,
            -0.2731551
          ],
          [
            36.0026103,
            -0.2732651
          ],
          [
            36.0027311,
            -0.2732973
          ]
        ]
      },
      "id": "way/673361752"
    },
    {
      "type": "Feature",
      "properties": {
        "@id": "way/673361755",
        "highway": "residential",
        "noname": "yes"
      },
      "geometry": {
        "type": "LineString",
        "coordinates": [
          [
            36.0014352,
            -0.2768578
          ],
          [
            36.0017462,
            -0.2763308
          ],
          [
            36.0019049,
            -0.2760961
          ],
          [
            36.0024983,
            -0.2752849
          ]
        ]
      },
      "id": "way/673361755"
    },
    {
      "type": "Feature",
      "properties": {
        "@id": "way/673361757",
        "highway": "residential",
        "noname": "yes"
      },
      "geometry": {
        "type": "LineString",
        "coordinates": [
          [
            36.0127705,
            -0.2713795
          ],
          [
            36.0124755,
            -0.2719454
          ],
          [
            36.0124312,
            -0.2720138
          ],
          [
            36.012511,
            -0.2720662
          ],
          [
            36.0130121,
            -0.2723418
          ]
        ]
      },
      "id": "way/673361757"
    },
    {
      "type": "Feature",
      "properties": {
        "@id": "way/673361758",
        "highway": "residential",
        "noname": "yes"
      },
      "geometry": {
        "type": "LineString",
        "coordinates": [
          [
            36.0134849,
            -0.2715295
          ],
          [
            36.0140297,
            -0.2718244
          ]
        ]
      },
      "id": "way/673361758"
    },
    {
      "type": "Feature",
      "properties": {
        "@id": "way/673361770",
        "highway": "residential",
        "noname": "yes"
      },
      "geometry": {
        "type": "LineString",
        "coordinates": [
          [
            36.0148259,
            -0.2681993
          ],
          [
            36.0155802,
            -0.2669593
          ]
        ]
      },
      "id": "way/673361770"
    },
    {
      "type": "Feature",
      "properties": {
        "@id": "way/673361771",
        "highway": "residential",
        "noname": "yes"
      },
      "geometry": {
        "type": "LineString",
        "coordinates": [
          [
            36.0135698,
            -0.2670022
          ],
          [
            36.0144067,
            -0.2674904
          ],
          [
            36.0144255,
            -0.2675031
          ],
          [
            36.0144442,
            -0.2675226
          ],
          [
            36.0144463,
            -0.2675454
          ],
          [
            36.0144416,
            -0.2675708
          ],
          [
            36.0142015,
            -0.2679799
          ]
        ]
      },
      "id": "way/673361771"
    },
    {
      "type": "Feature",
      "properties": {
        "@id": "way/673361772",
        "highway": "residential",
        "noname": "yes"
      },
      "geometry": {
        "type": "LineString",
        "coordinates": [
          [
            36.0145094,
            -0.268177
          ],
          [
            36.0142015,
            -0.2679799
          ],
          [
            36.014168,
            -0.2679705
          ],
          [
            36.0137656,
            -0.2677345
          ],
          [
            36.0134089,
            -0.2675198
          ],
          [
            36.013075,
            -0.2672932
          ]
        ]
      },
      "id": "way/673361772"
    },
    {
      "type": "Feature",
      "properties": {
        "@id": "way/673361773",
        "highway": "residential",
        "noname": "yes"
      },
      "geometry": {
        "type": "LineString",
        "coordinates": [
          [
            36.0118668,
            -0.2689138
          ],
          [
            36.0124165,
            -0.2683138
          ],
          [
            36.0128537,
            -0.2678551
          ]
        ]
      },
      "id": "way/673361773"
    },
    {
      "type": "Feature",
      "properties": {
        "@id": "way/673392475",
        "highway": "residential"
      },
      "geometry": {
        "type": "LineString",
        "coordinates": [
          [
            36.0123827,
            -0.2625452
          ],
          [
            36.0122961,
            -0.2628508
          ],
          [
            36.0122971,
            -0.2628896
          ],
          [
            36.0123058,
            -0.2629308
          ],
          [
            36.0123471,
            -0.2629605
          ],
          [
            36.0128751,
            -0.2631104
          ]
        ]
      },
      "id": "way/673392475"
    },
    {
      "type": "Feature",
      "properties": {
        "@id": "way/673392476",
        "highway": "residential",
        "noname": "yes",
        "source": "maxar"
      },
      "geometry": {
        "type": "LineString",
        "coordinates": [
          [
            36.0086954,
            -0.2697635
          ],
          [
            36.0084648,
            -0.2701224
          ],
          [
            36.0083395,
            -0.2703322
          ],
          [
            36.0082397,
            -0.2705175
          ],
          [
            36.008182,
            -0.270606
          ],
          [
            36.0081445,
            -0.2705953
          ],
          [
            36.008064,
            -0.2705524
          ],
          [
            36.0079835,
            -0.2705094
          ],
          [
            36.0078983,
            -0.2704595
          ],
          [
            36.0078554,
            -0.2704079
          ],
          [
            36.0078896,
            -0.2703147
          ],
          [
            36.0078634,
            -0.2702872
          ]
        ]
      },
      "id": "way/673392476"
    },
    {
      "type": "Feature",
      "properties": {
        "@id": "way/673392477",
        "highway": "residential",
        "noname": "yes"
      },
      "geometry": {
        "type": "LineString",
        "coordinates": [
          [
            36.0027959,
            -0.2792486
          ],
          [
            36.0031199,
            -0.2794006
          ],
          [
            36.0031394,
            -0.2794006
          ],
          [
            36.0031629,
            -0.2793932
          ],
          [
            36.003179,
            -0.2793785
          ],
          [
            36.0031937,
            -0.2793617
          ],
          [
            36.0032648,
            -0.2792437
          ],
          [
            36.0037203,
            -0.2784307
          ],
          [
            36.004327,
            -0.2774408
          ],
          [
            36.004262,
            -0.2772509
          ]
        ]
      },
      "id": "way/673392477"
    },
    {
      "type": "Feature",
      "properties": {
        "@id": "way/673392478",
        "highway": "residential",
        "noname": "yes"
      },
      "geometry": {
        "type": "LineString",
        "coordinates": [
          [
            36.0006978,
            -0.276361
          ],
          [
            36.0000495,
            -0.2773506
          ],
          [
            36.0000336,
            -0.2773752
          ],
          [
            35.9993989,
            -0.278356
          ]
        ]
      },
      "id": "way/673392478"
    },
    {
      "type": "Feature",
      "properties": {
        "@id": "way/673392479",
        "highway": "residential",
        "noname": "yes"
      },
      "geometry": {
        "type": "LineString",
        "coordinates": [
          [
            36.0050035,
            -0.276353
          ],
          [
            36.0054283,
            -0.2751948
          ],
          [
            36.0059226,
            -0.2738476
          ]
        ]
      },
      "id": "way/673392479"
    },
    {
      "type": "Feature",
      "properties": {
        "@id": "way/673392480",
        "highway": "residential",
        "noname": "yes"
      },
      "geometry": {
        "type": "LineString",
        "coordinates": [
          [
            36.0041333,
            -0.2726561
          ],
          [
            36.0040171,
            -0.2728467
          ],
          [
            36.003942,
            -0.2729647
          ],
          [
            36.0038884,
            -0.2729929
          ],
          [
            36.0034177,
            -0.2727984
          ],
          [
            36.0029831,
            -0.2726053
          ],
          [
            36.0027311,
            -0.2732973
          ],
          [
            36.0027914,
            -0.2733563
          ],
          [
            36.002959,
            -0.2735575
          ]
        ]
      },
      "id": "way/673392480"
    },
    {
      "type": "Feature",
      "properties": {
        "@id": "way/673392481",
        "highway": "residential",
        "noname": "yes"
      },
      "geometry": {
        "type": "LineString",
        "coordinates": [
          [
            36.0042243,
            -0.272721
          ],
          [
            36.0036349,
            -0.273544
          ],
          [
            36.0035545,
            -0.2736996
          ],
          [
            36.0034888,
            -0.2739383
          ],
          [
            36.0034204,
            -0.2741422
          ]
        ]
      },
      "id": "way/673392481"
    },
    {
      "type": "Feature",
      "properties": {
        "@id": "way/673392483",
        "highway": "residential",
        "noname": "yes"
      },
      "geometry": {
        "type": "LineString",
        "coordinates": [
          [
            36.0123947,
            -0.269235
          ],
          [
            36.0119648,
            -0.2697063
          ],
          [
            36.0114631,
            -0.2702606
          ],
          [
            36.0114599,
            -0.2703191
          ],
          [
            36.0114656,
            -0.2703794
          ],
          [
            36.011593,
            -0.2712132
          ],
          [
            36.0117004,
            -0.2720299
          ],
          [
            36.0117593,
            -0.2722807
          ],
          [
            36.0117731,
            -0.2723255
          ]
        ]
      },
      "id": "way/673392483"
    },
    {
      "type": "Feature",
      "properties": {
        "@id": "way/673392485",
        "highway": "residential"
      },
      "geometry": {
        "type": "LineString",
        "coordinates": [
          [
            36.0101782,
            -0.2622183
          ],
          [
            36.0101554,
            -0.262238
          ],
          [
            36.0101198,
            -0.2622467
          ],
          [
            36.0098509,
            -0.262237
          ],
          [
            36.0096676,
            -0.2622413
          ],
          [
            36.009566,
            -0.2622212
          ],
          [
            36.0094882,
            -0.2621706
          ],
          [
            36.0094661,
            -0.262127
          ],
          [
            36.0094654,
            -0.2621109
          ],
          [
            36.0095049,
            -0.2619235
          ],
          [
            36.0095881,
            -0.2616338
          ],
          [
            36.0098387,
            -0.2607641
          ],
          [
            36.0099407,
            -0.2604067
          ],
          [
            36.0100436,
            -0.2600592
          ],
          [
            36.0103099,
            -0.2590836
          ]
        ]
      },
      "id": "way/673392485"
    },
    {
      "type": "Feature",
      "properties": {
        "@id": "way/673392486",
        "highway": "residential"
      },
      "geometry": {
        "type": "LineString",
        "coordinates": [
          [
            36.0171908,
            -0.2601895
          ],
          [
            36.0169326,
            -0.2597833
          ]
        ]
      },
      "id": "way/673392486"
    },
    {
      "type": "Feature",
      "properties": {
        "@id": "way/673396970",
        "highway": "residential"
      },
      "geometry": {
        "type": "LineString",
        "coordinates": [
          [
            36.0142555,
            -0.2607386
          ],
          [
            36.0137656,
            -0.2604175
          ],
          [
            36.0136235,
            -0.2603598
          ],
          [
            36.0135705,
            -0.2603355
          ],
          [
            36.0135376,
            -0.2603202
          ],
          [
            36.0135048,
            -0.2602974
          ],
          [
            36.0134699,
            -0.2602659
          ],
          [
            36.0133948,
            -0.2601653
          ]
        ]
      },
      "id": "way/673396970"
    },
    {
      "type": "Feature",
      "properties": {
        "@id": "way/673396971",
        "highway": "residential"
      },
      "geometry": {
        "type": "LineString",
        "coordinates": [
          [
            36.0111708,
            -0.2605082
          ],
          [
            36.0120034,
            -0.2611497
          ]
        ]
      },
      "id": "way/673396971"
    },
    {
      "type": "Feature",
      "properties": {
        "@id": "way/673396972",
        "highway": "path"
      },
      "geometry": {
        "type": "LineString",
        "coordinates": [
          [
            36.0062251,
            -0.2617217
          ],
          [
            36.0069051,
            -0.2614201
          ]
        ]
      },
      "id": "way/673396972"
    },
    {
      "type": "Feature",
      "properties": {
        "@id": "way/673396973",
        "highway": "residential",
        "noname": "yes"
      },
      "geometry": {
        "type": "LineString",
        "coordinates": [
          [
            36.0058958,
            -0.2703041
          ],
          [
            36.0054588,
            -0.2715726
          ]
        ]
      },
      "id": "way/673396973"
    },
    {
      "type": "Feature",
      "properties": {
        "@id": "way/673396974",
        "highway": "residential",
        "noname": "yes"
      },
      "geometry": {
        "type": "LineString",
        "coordinates": [
          [
            36.0062836,
            -0.265106
          ],
          [
            36.0059255,
            -0.2640009
          ],
          [
            36.0058303,
            -0.2636816
          ]
        ]
      },
      "id": "way/673396974"
    },
    {
      "type": "Feature",
      "properties": {
        "@id": "way/673396975",
        "highway": "residential"
      },
      "geometry": {
        "type": "LineString",
        "coordinates": [
          [
            36.0054048,
            -0.2621497
          ],
          [
            36.0056064,
            -0.2627778
          ],
          [
            36.0056285,
            -0.2627895
          ],
          [
            36.0056509,
            -0.2627848
          ],
          [
            36.0060362,
            -0.2626001
          ],
          [
            36.0060529,
            -0.2625994
          ],
          [
            36.0060677,
            -0.2626088
          ],
          [
            36.0060853,
            -0.2626396
          ]
        ]
      },
      "id": "way/673396975"
    },
    {
      "type": "Feature",
      "properties": {
        "@id": "way/673396976",
        "highway": "residential",
        "noname": "yes"
      },
      "geometry": {
        "type": "LineString",
        "coordinates": [
          [
            36.0047432,
            -0.2624962
          ],
          [
            36.004866,
            -0.2629588
          ],
          [
            36.0051008,
            -0.2635456
          ],
          [
            36.0054528,
            -0.2643857
          ],
          [
            36.0057062,
            -0.2652768
          ]
        ]
      },
      "id": "way/673396976"
    },
    {
      "type": "Feature",
      "properties": {
        "@id": "way/673396977",
        "highway": "residential",
        "noname": "yes"
      },
      "geometry": {
        "type": "LineString",
        "coordinates": [
          [
            36.0030341,
            -0.2639284
          ],
          [
            36.0033372,
            -0.2643643
          ],
          [
            36.0033493,
            -0.2644085
          ],
          [
            36.0033506,
            -0.2644448
          ],
          [
            36.0033305,
            -0.2644716
          ],
          [
            36.0030066,
            -0.2646888
          ],
          [
            36.0029496,
            -0.2647076
          ],
          [
            36.0027136,
            -0.2648618
          ]
        ]
      },
      "id": "way/673396977"
    },
    {
      "type": "Feature",
      "properties": {
        "@id": "way/673396978",
        "highway": "residential",
        "noname": "yes"
      },
      "geometry": {
        "type": "LineString",
        "coordinates": [
          [
            36.0026653,
            -0.2642275
          ],
          [
            36.0026787,
            -0.2642047
          ],
          [
            36.002727,
            -0.2641631
          ],
          [
            36.0030046,
            -0.2639512
          ],
          [
            36.0030341,
            -0.2639284
          ],
          [
            36.0029925,
            -0.2638734
          ],
          [
            36.0027819,
            -0.2635568
          ]
        ]
      },
      "id": "way/673396978"
    },
    {
      "type": "Feature",
      "properties": {
        "@id": "way/673396981",
        "highway": "residential",
        "noname": "yes"
      },
      "geometry": {
        "type": "LineString",
        "coordinates": [
          [
            36.0169534,
            -0.2662781
          ],
          [
            36.0157692,
            -0.2655726
          ]
        ]
      },
      "id": "way/673396981"
    },
    {
      "type": "Feature",
      "properties": {
        "@id": "way/673396983",
        "highway": "residential"
      },
      "geometry": {
        "type": "LineString",
        "coordinates": [
          [
            36.001929,
            -0.2617227
          ],
          [
            36.002674,
            -0.2612878
          ],
          [
            36.0026945,
            -0.2612835
          ],
          [
            36.0027154,
            -0.2612865
          ],
          [
            36.0027367,
            -0.2612939
          ],
          [
            36.0027545,
            -0.2613059
          ]
        ]
      },
      "id": "way/673396983"
    },
    {
      "type": "Feature",
      "properties": {
        "@id": "way/673401912",
        "highway": "residential",
        "noname": "yes"
      },
      "geometry": {
        "type": "LineString",
        "coordinates": [
          [
            36.0098441,
            -0.2639789
          ],
          [
            36.0099769,
            -0.2648222
          ],
          [
            36.0099858,
            -0.2648879
          ]
        ]
      },
      "id": "way/673401912"
    },
    {
      "type": "Feature",
      "properties": {
        "@id": "way/673405961",
        "highway": "residential",
        "noname": "yes"
      },
      "geometry": {
        "type": "LineString",
        "coordinates": [
          [
            36.0065661,
            -0.2658266
          ],
          [
            36.0066859,
            -0.2665087
          ]
        ]
      },
      "id": "way/673405961"
    },
    {
      "type": "Feature",
      "properties": {
        "@id": "way/673405962",
        "highway": "residential",
        "noname": "yes",
        "source": "maxar",
        "surface": "gravel"
      },
      "geometry": {
        "type": "LineString",
        "coordinates": [
          [
            36.0060231,
            -0.2659828
          ],
          [
            36.0060403,
            -0.2662189
          ],
          [
            36.0060703,
            -0.2664101
          ],
          [
            36.0061031,
            -0.266622
          ]
        ]
      },
      "id": "way/673405962"
    },
    {
      "type": "Feature",
      "properties": {
        "@id": "way/673405964",
        "highway": "unclassified"
      },
      "geometry": {
        "type": "LineString",
        "coordinates": [
          [
            36.0057934,
            -0.2696911
          ],
          [
            36.0059446,
            -0.2698682
          ],
          [
            36.0072881,
            -0.2709718
          ],
          [
            36.0073913,
            -0.2710563
          ],
          [
            36.0074517,
            -0.2711019
          ],
          [
            36.0075429,
            -0.2710644
          ],
          [
            36.0078326,
            -0.2708753
          ],
          [
            36.0082161,
            -0.270717
          ],
          [
            36.0084039,
            -0.2706661
          ],
          [
            36.0086506,
            -0.2706339
          ],
          [
            36.0090369,
            -0.2706285
          ],
          [
            36.0093292,
            -0.2706822
          ],
          [
            36.0097799,
            -0.2708511
          ],
          [
            36.0100695,
            -0.2709745
          ],
          [
            36.0102224,
            -0.2710362
          ],
          [
            36.010268,
            -0.2710456
          ],
          [
            36.0103163,
            -0.2710416
          ],
          [
            36.0103994,
            -0.2710147
          ],
          [
            36.0105201,
            -0.2709477
          ],
          [
            36.0105671,
            -0.2709135
          ],
          [
            36.0106221,
            -0.2708994
          ],
          [
            36.0106717,
            -0.2708981
          ],
          [
            36.0107703,
            -0.2708974
          ],
          [
            36.0108702,
            -0.2708719
          ],
          [
            36.0109225,
            -0.2708297
          ]
        ]
      },
      "id": "way/673405964"
    },
    {
      "type": "Feature",
      "properties": {
        "@id": "way/673405966",
        "highway": "residential",
        "noname": "yes"
      },
      "geometry": {
        "type": "LineString",
        "coordinates": [
          [
            35.999384,
            -0.2728832
          ],
          [
            35.9993665,
            -0.2728872
          ],
          [
            35.9990361,
            -0.2733826
          ]
        ]
      },
      "id": "way/673405966"
    },
    {
      "type": "Feature",
      "properties": {
        "@id": "way/673405967",
        "highway": "residential",
        "noname": "yes"
      },
      "geometry": {
        "type": "LineString",
        "coordinates": [
          [
            36.0000217,
            -0.2740303
          ],
          [
            36.0003325,
            -0.2735615
          ],
          [
            36.0003392,
            -0.2735353
          ],
          [
            36.0003325,
            -0.2735005
          ],
          [
            35.9993997,
            -0.2728869
          ],
          [
            35.999384,
            -0.2728832
          ]
        ]
      },
      "id": "way/673405967"
    },
    {
      "type": "Feature",
      "properties": {
        "@id": "way/673405968",
        "highway": "residential"
      },
      "geometry": {
        "type": "LineString",
        "coordinates": [
          [
            36.017282,
            -0.2603558
          ],
          [
            36.0165699,
            -0.2614836
          ]
        ]
      },
      "id": "way/673405968"
    },
    {
      "type": "Feature",
      "properties": {
        "@id": "way/673405970",
        "highway": "residential",
        "noname": "yes"
      },
      "geometry": {
        "type": "LineString",
        "coordinates": [
          [
            36.0116302,
            -0.2643828
          ],
          [
            36.0120976,
            -0.264736
          ]
        ]
      },
      "id": "way/673405970"
    },
    {
      "type": "Feature",
      "properties": {
        "@id": "way/673405971",
        "highway": "residential"
      },
      "geometry": {
        "type": "LineString",
        "coordinates": [
          [
            36.014927,
            -0.2628234
          ],
          [
            36.014514,
            -0.2626678
          ],
          [
            36.0145032,
            -0.2626527
          ],
          [
            36.0145066,
            -0.262638
          ],
          [
            36.0149109,
            -0.2621153
          ]
        ]
      },
      "id": "way/673405971"
    },
    {
      "type": "Feature",
      "properties": {
        "@id": "way/673405972",
        "highway": "residential",
        "noname": "yes"
      },
      "geometry": {
        "type": "LineString",
        "coordinates": [
          [
            36.0099636,
            -0.2677402
          ],
          [
            36.0102539,
            -0.2673686
          ],
          [
            36.0103371,
            -0.2672184
          ],
          [
            36.0105443,
            -0.266911
          ],
          [
            36.0106884,
            -0.2667271
          ],
          [
            36.0111509,
            -0.2660365
          ],
          [
            36.0113081,
            -0.2658312
          ],
          [
            36.0120976,
            -0.264736
          ],
          [
            36.0126157,
            -0.2639971
          ],
          [
            36.0126742,
            -0.2639136
          ],
          [
            36.0129843,
            -0.2634572
          ],
          [
            36.0130367,
            -0.263445
          ],
          [
            36.0130817,
            -0.263449
          ],
          [
            36.0135604,
            -0.2637742
          ],
          [
            36.0136133,
            -0.2638055
          ],
          [
            36.0142324,
            -0.2642638
          ],
          [
            36.0142664,
            -0.2642813
          ],
          [
            36.0142825,
            -0.2642874
          ],
          [
            36.0142994,
            -0.2642898
          ],
          [
            36.0143138,
            -0.2642859
          ],
          [
            36.0143296,
            -0.2642792
          ],
          [
            36.0143678,
            -0.2642504
          ],
          [
            36.0154442,
            -0.2631502
          ],
          [
            36.0154488,
            -0.2631382
          ],
          [
            36.0154494,
            -0.2631238
          ],
          [
            36.0154467,
            -0.263099
          ],
          [
            36.0154356,
            -0.2630738
          ],
          [
            36.0154179,
            -0.2630554
          ],
          [
            36.014927,
            -0.2628234
          ]
        ]
      },
      "id": "way/673405972"
    },
    {
      "type": "Feature",
      "properties": {
        "@id": "way/673405973",
        "highway": "residential"
      },
      "geometry": {
        "type": "LineString",
        "coordinates": [
          [
            36.0149015,
            -0.2616197
          ],
          [
            36.0149155,
            -0.2615151
          ],
          [
            36.0149029,
            -0.2614662
          ],
          [
            36.01486,
            -0.2614005
          ],
          [
            36.0147835,
            -0.2613455
          ],
          [
            36.0146146,
            -0.2613294
          ],
          [
            36.0143557,
            -0.2613669
          ],
          [
            36.0140687,
            -0.2614313
          ],
          [
            36.0139614,
            -0.261438
          ],
          [
            36.0139091,
            -0.2614005
          ],
          [
            36.0138936,
            -0.2613499
          ]
        ]
      },
      "id": "way/673405973"
    },
    {
      "type": "Feature",
      "properties": {
        "@id": "way/673408535",
        "highway": "residential",
        "noname": "yes"
      },
      "geometry": {
        "type": "LineString",
        "coordinates": [
          [
            36.004738,
            -0.274916
          ],
          [
            36.0054283,
            -0.2751948
          ]
        ]
      },
      "id": "way/673408535"
    },
    {
      "type": "Feature",
      "properties": {
        "@id": "way/673408536",
        "highway": "residential",
        "noname": "yes"
      },
      "geometry": {
        "type": "LineString",
        "coordinates": [
          [
            36.0106509,
            -0.2636876
          ],
          [
            36.0106167,
            -0.2637152
          ],
          [
            36.0101178,
            -0.2637983
          ],
          [
            36.0100344,
            -0.2638178
          ],
          [
            36.0098771,
            -0.2638453
          ],
          [
            36.0098228,
            -0.2638574
          ]
        ]
      },
      "id": "way/673408536"
    },
    {
      "type": "Feature",
      "properties": {
        "@id": "way/673408537",
        "highway": "residential",
        "noname": "yes"
      },
      "geometry": {
        "type": "LineString",
        "coordinates": [
          [
            36.0055955,
            -0.2653093
          ],
          [
            36.0055467,
            -0.2660942
          ]
        ]
      },
      "id": "way/673408537"
    },
    {
      "type": "Feature",
      "properties": {
        "@id": "way/673408538",
        "highway": "residential",
        "noname": "yes",
        "source": "maxar"
      },
      "geometry": {
        "type": "LineString",
        "coordinates": [
          [
            36.0055467,
            -0.2660942
          ],
          [
            36.005603,
            -0.2664517
          ],
          [
            36.0056524,
            -0.2668742
          ]
        ]
      },
      "id": "way/673408538"
    },
    {
      "type": "Feature",
      "properties": {
        "@id": "way/673408539",
        "highway": "residential"
      },
      "geometry": {
        "type": "LineString",
        "coordinates": [
          [
            36.0011398,
            -0.2622031
          ],
          [
            36.0011395,
            -0.2621786
          ],
          [
            36.0011505,
            -0.2621609
          ],
          [
            36.0011753,
            -0.2621421
          ],
          [
            36.0018432,
            -0.2617656
          ],
          [
            36.001929,
            -0.2617227
          ],
          [
            36.0021895,
            -0.2621354
          ]
        ]
      },
      "id": "way/673408539"
    },
    {
      "type": "Feature",
      "properties": {
        "@id": "way/691198108",
        "highway": "residential"
      },
      "geometry": {
        "type": "LineString",
        "coordinates": [
          [
            35.9370157,
            -0.2052389
          ],
          [
            35.9381649,
            -0.2058323
          ],
          [
            35.9400756,
            -0.2068547
          ]
        ]
      },
      "id": "way/691198108"
    },
    {
      "type": "Feature",
      "properties": {
        "@id": "way/691198109",
        "highway": "residential"
      },
      "geometry": {
        "type": "LineString",
        "coordinates": [
          [
            35.9400756,
            -0.2068547
          ],
          [
            35.9412897,
            -0.2074926
          ],
          [
            35.9429929,
            -0.208375
          ],
          [
            35.9436526,
            -0.2087236
          ]
        ]
      },
      "id": "way/691198109"
    },
    {
      "type": "Feature",
      "properties": {
        "@id": "way/691198110",
        "highway": "unclassified",
        "name": "Line ya Gatoto"
      },
      "geometry": {
        "type": "LineString",
        "coordinates": [
          [
            35.9441309,
            -0.2158809
          ],
          [
            35.9450743,
            -0.2139405
          ],
          [
            35.9457046,
            -0.212696
          ],
          [
            35.9463215,
            -0.2114273
          ],
          [
            35.9465683,
            -0.2109217
          ],
          [
            35.946866,
            -0.2103464
          ],
          [
            35.9474614,
            -0.2091636
          ],
          [
            35.9479576,
            -0.2081658
          ],
          [
            35.9483385,
            -0.2073879
          ],
          [
            35.9489286,
            -0.2061662
          ],
          [
            35.9494604,
            -0.2050973
          ]
        ]
      },
      "id": "way/691198110"
    },
    {
      "type": "Feature",
      "properties": {
        "@id": "way/691198111",
        "highway": "residential",
        "name": "Gatangi Line"
      },
      "geometry": {
        "type": "LineString",
        "coordinates": [
          [
            35.9408393,
            -0.2141516
          ],
          [
            35.9415391,
            -0.2127416
          ],
          [
            35.9421989,
            -0.2115051
          ],
          [
            35.9428105,
            -0.2103196
          ],
          [
            35.9435239,
            -0.2089785
          ],
          [
            35.9436526,
            -0.2087236
          ],
          [
            35.9442374,
            -0.207565
          ],
          [
            35.944849,
            -0.2064411
          ],
          [
            35.9455141,
            -0.2051349
          ],
          [
            35.9460372,
            -0.2040915
          ],
          [
            35.9462866,
            -0.2036034
          ]
        ]
      },
      "id": "way/691198111"
    },
    {
      "type": "Feature",
      "properties": {
        "@id": "way/691198112",
        "highway": "residential"
      },
      "geometry": {
        "type": "LineString",
        "coordinates": [
          [
            35.9372051,
            -0.2122579
          ],
          [
            35.937894,
            -0.2109204
          ],
          [
            35.9386021,
            -0.2096115
          ],
          [
            35.9391949,
            -0.2084984
          ],
          [
            35.9398466,
            -0.207278
          ],
          [
            35.9400756,
            -0.2068547
          ],
          [
            35.9402731,
            -0.2064894
          ],
          [
            35.9406728,
            -0.2057196
          ],
          [
            35.9409973,
            -0.2050974
          ],
          [
            35.9410831,
            -0.204923
          ],
          [
            35.9413634,
            -0.2044456
          ],
          [
            35.9416102,
            -0.2039749
          ]
        ]
      },
      "id": "way/691198112"
    },
    {
      "type": "Feature",
      "properties": {
        "@id": "way/691198113",
        "highway": "residential",
        "name": "Line ya Madam/ Mr. Gitau"
      },
      "geometry": {
        "type": "LineString",
        "coordinates": [
          [
            35.9340655,
            -0.2108906
          ],
          [
            35.9347317,
            -0.2095981
          ],
          [
            35.9353244,
            -0.208485
          ],
          [
            35.9357616,
            -0.2076562
          ],
          [
            35.9362793,
            -0.2066235
          ],
          [
            35.9367621,
            -0.2057625
          ],
          [
            35.9370157,
            -0.2052389
          ],
          [
            35.9371376,
            -0.2049874
          ],
          [
            35.9374353,
            -0.2044241
          ],
          [
            35.9378618,
            -0.2036517
          ],
          [
            35.9382293,
            -0.2029489
          ],
          [
            35.9383138,
            -0.2027793
          ],
          [
            35.9387801,
            -0.2019151
          ]
        ]
      },
      "id": "way/691198113"
    },
    {
      "type": "Feature",
      "properties": {
        "@id": "way/691199153",
        "highway": "residential"
      },
      "geometry": {
        "type": "LineString",
        "coordinates": [
          [
            35.95342,
            -0.1923784
          ],
          [
            35.9530364,
            -0.1929256
          ],
          [
            35.9525764,
            -0.1936055
          ],
          [
            35.9520574,
            -0.1943807
          ],
          [
            35.9515344,
            -0.1951156
          ],
          [
            35.9511347,
            -0.1957218
          ],
          [
            35.950723,
            -0.1962609
          ],
          [
            35.9503555,
            -0.1968094
          ],
          [
            35.9493497,
            -0.1982819
          ],
          [
            35.9486496,
            -0.1993172
          ],
          [
            35.9479147,
            -0.2004008
          ],
          [
            35.947094,
            -0.2016025
          ],
          [
            35.9465253,
            -0.2024286
          ],
          [
            35.9462061,
            -0.2028711
          ],
          [
            35.9461579,
            -0.2029744
          ],
          [
            35.9461538,
            -0.2030026
          ],
          [
            35.9461646,
            -0.2030227
          ],
          [
            35.9462021,
            -0.2030428
          ],
          [
            35.94722,
            -0.2032815
          ]
        ]
      },
      "id": "way/691199153"
    },
    {
      "type": "Feature",
      "properties": {
        "@id": "way/691203653",
        "highway": "unclassified"
      },
      "geometry": {
        "type": "LineString",
        "coordinates": [
          [
            35.9506539,
            -0.2044007
          ],
          [
            35.9500431,
            -0.2042551
          ],
          [
            35.9499733,
            -0.204235
          ],
          [
            35.9499197,
            -0.2042297
          ],
          [
            35.9498835,
            -0.2042404
          ],
          [
            35.9498526,
            -0.2042659
          ],
          [
            35.9497829,
            -0.2043879
          ],
          [
            35.9494604,
            -0.2050973
          ]
        ]
      },
      "id": "way/691203653"
    },
    {
      "type": "Feature",
      "properties": {
        "@id": "way/691203655",
        "highway": "residential"
      },
      "geometry": {
        "type": "LineString",
        "coordinates": [
          [
            35.9499492,
            -0.2038944
          ],
          [
            35.9486282,
            -0.2036168
          ],
          [
            35.9476988,
            -0.2033955
          ],
          [
            35.94722,
            -0.2032815
          ]
        ]
      },
      "id": "way/691203655"
    },
    {
      "type": "Feature",
      "properties": {
        "@id": "way/696726833",
        "highway": "residential"
      },
      "geometry": {
        "type": "LineString",
        "coordinates": [
          [
            35.9368479,
            -0.245062
          ],
          [
            35.9372368,
            -0.2443297
          ],
          [
            35.9376204,
            -0.2435787
          ],
          [
            35.9381166,
            -0.242659
          ],
          [
            35.9383916,
            -0.2421493
          ],
          [
            35.9385538,
            -0.2418487
          ]
        ]
      },
      "id": "way/696726833"
    },
    {
      "type": "Feature",
      "properties": {
        "@id": "way/696726834",
        "highway": "residential"
      },
      "geometry": {
        "type": "LineString",
        "coordinates": [
          [
            35.9363759,
            -0.2407302
          ],
          [
            35.9370436,
            -0.2410773
          ]
        ]
      },
      "id": "way/696726834"
    },
    {
      "type": "Feature",
      "properties": {
        "@id": "way/696726835",
        "highway": "residential"
      },
      "geometry": {
        "type": "LineString",
        "coordinates": [
          [
            35.9337152,
            -0.2446786
          ],
          [
            35.9343369,
            -0.2432475
          ],
          [
            35.9356061,
            -0.2404888
          ],
          [
            35.9364885,
            -0.2384691
          ],
          [
            35.9373414,
            -0.2365916
          ]
        ]
      },
      "id": "way/696726835"
    },
    {
      "type": "Feature",
      "properties": {
        "@id": "way/696726836",
        "highway": "residential"
      },
      "geometry": {
        "type": "LineString",
        "coordinates": [
          [
            35.9226974,
            -0.2420624
          ],
          [
            35.9238338,
            -0.2426158
          ],
          [
            35.9257543,
            -0.2435519
          ],
          [
            35.9260815,
            -0.2436833
          ],
          [
            35.9264329,
            -0.2438121
          ],
          [
            35.9268782,
            -0.2439354
          ],
          [
            35.9273636,
            -0.24404
          ],
          [
            35.9289703,
            -0.2441902
          ],
          [
            35.9315559,
            -0.2444611
          ],
          [
            35.9319153,
            -0.2436082
          ],
          [
            35.932374,
            -0.2426453
          ],
          [
            35.9332928,
            -0.2406209
          ],
          [
            35.9335998,
            -0.2399444
          ]
        ]
      },
      "id": "way/696726836"
    },
    {
      "type": "Feature",
      "properties": {
        "@id": "way/696726837",
        "highway": "residential"
      },
      "geometry": {
        "type": "LineString",
        "coordinates": [
          [
            35.9425221,
            -0.2452618
          ],
          [
            35.9424008,
            -0.2452195
          ],
          [
            35.9423558,
            -0.2452148
          ],
          [
            35.9423183,
            -0.2452229
          ],
          [
            35.9422834,
            -0.2452423
          ],
          [
            35.9422432,
            -0.2452873
          ],
          [
            35.9421077,
            -0.245479
          ],
          [
            35.9420554,
            -0.2455233
          ],
          [
            35.9419924,
            -0.2455528
          ],
          [
            35.9418958,
            -0.2455689
          ],
          [
            35.9414935,
            -0.2455555
          ],
          [
            35.9393692,
            -0.2453369
          ],
          [
            35.9368479,
            -0.245062
          ],
          [
            35.9352436,
            -0.244901
          ],
          [
            35.9344661,
            -0.2447911
          ],
          [
            35.9337152,
            -0.2446786
          ],
          [
            35.9315559,
            -0.2444611
          ],
          [
            35.9314688,
            -0.2447062
          ]
        ]
      },
      "id": "way/696726837"
    },
    {
      "type": "Feature",
      "properties": {
        "@id": "way/696726839",
        "highway": "residential"
      },
      "geometry": {
        "type": "LineString",
        "coordinates": [
          [
            35.9358193,
            -0.2436256
          ],
          [
            35.9351554,
            -0.2433024
          ],
          [
            35.9363759,
            -0.2407302
          ],
          [
            35.9369404,
            -0.2395366
          ],
          [
            35.9370571,
            -0.2392899
          ],
          [
            35.9378859,
            -0.2375733
          ]
        ]
      },
      "id": "way/696726839"
    },
    {
      "type": "Feature",
      "properties": {
        "@id": "way/696726840",
        "highway": "residential"
      },
      "geometry": {
        "type": "LineString",
        "coordinates": [
          [
            35.9341496,
            -0.2467678
          ],
          [
            35.933817,
            -0.2474598
          ],
          [
            35.93304,
            -0.2491229
          ],
          [
            35.9330094,
            -0.249152
          ],
          [
            35.9329292,
            -0.2492998
          ],
          [
            35.9320441,
            -0.2510969
          ],
          [
            35.9320137,
            -0.2511588
          ],
          [
            35.9314111,
            -0.252387
          ],
          [
            35.9306813,
            -0.2538879
          ]
        ]
      },
      "id": "way/696726840"
    },
    {
      "type": "Feature",
      "properties": {
        "@id": "way/696726841",
        "highway": "residential"
      },
      "geometry": {
        "type": "LineString",
        "coordinates": [
          [
            35.9357838,
            -0.247889
          ],
          [
            35.9341992,
            -0.2467987
          ],
          [
            35.9341496,
            -0.2467678
          ],
          [
            35.9341778,
            -0.2467061
          ],
          [
            35.9342006,
            -0.2466632
          ],
          [
            35.9349301,
            -0.2453396
          ],
          [
            35.9349677,
            -0.2453141
          ],
          [
            35.9350066,
            -0.245298
          ],
          [
            35.9350991,
            -0.2452752
          ],
          [
            35.9351782,
            -0.2452511
          ],
          [
            35.9352178,
            -0.2452309
          ],
          [
            35.9352453,
            -0.2452068
          ],
          [
            35.9352681,
            -0.2451692
          ],
          [
            35.9352875,
            -0.2451109
          ],
          [
            35.9352889,
            -0.2450184
          ],
          [
            35.9352862,
            -0.2449681
          ],
          [
            35.9352436,
            -0.244901
          ],
          [
            35.9352835,
            -0.2448011
          ],
          [
            35.9352963,
            -0.2447562
          ],
          [
            35.9352957,
            -0.2447035
          ],
          [
            35.9354277,
            -0.2444084
          ],
          [
            35.9358193,
            -0.2436256
          ],
          [
            35.9364966,
            -0.2422403
          ],
          [
            35.9368524,
            -0.2414839
          ],
          [
            35.9370436,
            -0.2410773
          ],
          [
            35.9380066,
            -0.2390297
          ]
        ]
      },
      "id": "way/696726841"
    },
    {
      "type": "Feature",
      "properties": {
        "@id": "way/696726842",
        "highway": "residential"
      },
      "geometry": {
        "type": "LineString",
        "coordinates": [
          [
            35.9376821,
            -0.2453677
          ],
          [
            35.9369445,
            -0.2463521
          ],
          [
            35.9358461,
            -0.2478045
          ],
          [
            35.9357838,
            -0.247889
          ],
          [
            35.9358448,
            -0.2479306
          ],
          [
            35.935944,
            -0.2479976
          ],
          [
            35.9373254,
            -0.2489672
          ],
          [
            35.937371,
            -0.2490101
          ],
          [
            35.9373897,
            -0.249041
          ],
          [
            35.9374018,
            -0.2490919
          ],
          [
            35.9374018,
            -0.2491469
          ],
          [
            35.937376,
            -0.2492312
          ],
          [
            35.9373374,
            -0.2493575
          ],
          [
            35.9371835,
            -0.2497901
          ],
          [
            35.9371793,
            -0.2498272
          ],
          [
            35.9372144,
            -0.2498547
          ],
          [
            35.9372449,
            -0.2498725
          ],
          [
            35.9375627,
            -0.2499556
          ],
          [
            35.9377196,
            -0.2499905
          ],
          [
            35.9378363,
            -0.250016
          ],
          [
            35.9392405,
            -0.2501581
          ],
          [
            35.9401508,
            -0.250289
          ]
        ]
      },
      "id": "way/696726842"
    },
    {
      "type": "Feature",
      "properties": {
        "@id": "way/696726843",
        "highway": "residential"
      },
      "geometry": {
        "type": "LineString",
        "coordinates": [
          [
            35.926803,
            -0.2441473
          ],
          [
            35.9265724,
            -0.2445014
          ],
          [
            35.926339,
            -0.2448501
          ],
          [
            35.9257194,
            -0.2457298
          ],
          [
            35.9246761,
            -0.2471997
          ],
          [
            35.923512,
            -0.2488385
          ]
        ]
      },
      "id": "way/696726843"
    },
    {
      "type": "Feature",
      "properties": {
        "@id": "way/696727449",
        "highway": "unclassified"
      },
      "geometry": {
        "type": "LineString",
        "coordinates": [
          [
            35.9460828,
            -0.2378201
          ],
          [
            35.944849,
            -0.2368947
          ],
          [
            35.9445244,
            -0.2366587
          ],
          [
            35.9443581,
            -0.2365219
          ],
          [
            35.9441784,
            -0.2363234
          ],
          [
            35.9440255,
            -0.2360793
          ],
          [
            35.9434247,
            -0.2347409
          ],
          [
            35.9432906,
            -0.2344164
          ],
          [
            35.9431887,
            -0.2340865
          ],
          [
            35.9431002,
            -0.2337619
          ],
          [
            35.9429419,
            -0.2330163
          ],
          [
            35.9427917,
            -0.2321982
          ],
          [
            35.9426308,
            -0.2306747
          ],
          [
            35.9425423,
            -0.229567
          ],
          [
            35.9425074,
            -0.2293095
          ],
          [
            35.9424672,
            -0.2290211
          ],
          [
            35.9423572,
            -0.2282581
          ],
          [
            35.9422201,
            -0.227183
          ],
          [
            35.9421828,
            -0.2268901
          ],
          [
            35.9420353,
            -0.2254954
          ],
          [
            35.9419817,
            -0.2252379
          ],
          [
            35.9419066,
            -0.2250207
          ],
          [
            35.9417698,
            -0.2247229
          ],
          [
            35.9416223,
            -0.2244654
          ],
          [
            35.9414399,
            -0.2241945
          ],
          [
            35.9405601,
            -0.2232182
          ],
          [
            35.9399968,
            -0.2226201
          ],
          [
            35.9398869,
            -0.2224699
          ],
          [
            35.9398144,
            -0.2223224
          ],
          [
            35.9397662,
            -0.2221534
          ],
          [
            35.9397233,
            -0.2217779
          ],
          [
            35.9396535,
            -0.2212388
          ],
          [
            35.9395784,
            -0.2209223
          ],
          [
            35.9394845,
            -0.2206406
          ],
          [
            35.9393477,
            -0.2203563
          ],
          [
            35.939227,
            -0.2201444
          ],
          [
            35.9382641,
            -0.2187953
          ],
          [
            35.9373334,
            -0.2172235
          ],
          [
            35.9368613,
            -0.2162499
          ],
          [
            35.9367916,
            -0.2160836
          ],
          [
            35.9367487,
            -0.2159039
          ],
          [
            35.9366548,
            -0.2155499
          ],
          [
            35.9366038,
            -0.2154184
          ],
          [
            35.9365448,
            -0.2153245
          ],
          [
            35.9363705,
            -0.2151904
          ],
          [
            35.9349006,
            -0.2141095
          ],
          [
            35.9344125,
            -0.213852
          ],
          [
            35.9341335,
            -0.213785
          ],
          [
            35.9339216,
            -0.2137635
          ],
          [
            35.9336454,
            -0.213793
          ],
          [
            35.932543,
            -0.2139244
          ],
          [
            35.9313709,
            -0.2141283
          ],
          [
            35.9312072,
            -0.2141417
          ],
          [
            35.9311053,
            -0.2141202
          ],
          [
            35.931049,
            -0.2140666
          ],
          [
            35.9310383,
            -0.2139915
          ],
          [
            35.9310919,
            -0.213616
          ],
          [
            35.9311295,
            -0.2133464
          ],
          [
            35.931112,
            -0.2132619
          ],
          [
            35.9310798,
            -0.2132043
          ],
          [
            35.9310195,
            -0.2131345
          ],
          [
            35.9305984,
            -0.2129159
          ],
          [
            35.9304562,
            -0.2128113
          ],
          [
            35.9303851,
            -0.2127563
          ],
          [
            35.9303355,
            -0.2126933
          ],
          [
            35.9304482,
            -0.2124171
          ],
          [
            35.9308585,
            -0.2112718
          ],
          [
            35.9311096,
            -0.2106789
          ],
          [
            35.9312072,
            -0.2104483
          ],
          [
            35.9313065,
            -0.2102123
          ],
          [
            35.931597,
            -0.2096527
          ]
        ]
      },
      "id": "way/696727449"
    },
    {
      "type": "Feature",
      "properties": {
        "@id": "way/696727450",
        "highway": "unclassified"
      },
      "geometry": {
        "type": "LineString",
        "coordinates": [
          [
            35.9434596,
            -0.2431871
          ],
          [
            35.943859,
            -0.2434086
          ],
          [
            35.9447604,
            -0.2439086
          ],
          [
            35.9448255,
            -0.2439381
          ],
          [
            35.9448905,
            -0.2439448
          ],
          [
            35.9449368,
            -0.2439267
          ],
          [
            35.9449831,
            -0.2438791
          ],
          [
            35.9455034,
            -0.2429591
          ],
          [
            35.9463644,
            -0.2414464
          ],
          [
            35.9470886,
            -0.2400624
          ],
          [
            35.9472173,
            -0.2398558
          ],
          [
            35.947271,
            -0.2398029
          ],
          [
            35.9473152,
            -0.2397928
          ],
          [
            35.9473608,
            -0.2397921
          ],
          [
            35.9474078,
            -0.2398076
          ],
          [
            35.9490117,
            -0.2406659
          ],
          [
            35.9503958,
            -0.241441
          ]
        ]
      },
      "id": "way/696727450"
    },
    {
      "type": "Feature",
      "properties": {
        "@id": "way/696728207",
        "highway": "residential"
      },
      "geometry": {
        "type": "LineString",
        "coordinates": [
          [
            35.9245124,
            -0.2379837
          ],
          [
            35.9213984,
            -0.2364682
          ]
        ]
      },
      "id": "way/696728207"
    },
    {
      "type": "Feature",
      "properties": {
        "@id": "way/696728208",
        "highway": "unclassified"
      },
      "geometry": {
        "type": "LineString",
        "coordinates": [
          [
            35.9226027,
            -0.2422752
          ],
          [
            35.9226974,
            -0.2420624
          ],
          [
            35.9245124,
            -0.2379837
          ],
          [
            35.9248398,
            -0.2372676
          ],
          [
            35.9257302,
            -0.2353203
          ],
          [
            35.926677,
            -0.233204
          ],
          [
            35.9274468,
            -0.2314713
          ],
          [
            35.9278893,
            -0.2304682
          ],
          [
            35.9281023,
            -0.2300203
          ],
          [
            35.9282193,
            -0.229752
          ],
          [
            35.9291768,
            -0.2276707
          ],
          [
            35.9292378,
            -0.2275527
          ],
          [
            35.9296167,
            -0.2268204
          ],
          [
            35.9297883,
            -0.2264878
          ]
        ]
      },
      "id": "way/696728208"
    },
    {
      "type": "Feature",
      "properties": {
        "@id": "way/696729639",
        "highway": "unclassified"
      },
      "geometry": {
        "type": "LineString",
        "coordinates": [
          [
            35.9297883,
            -0.2264878
          ],
          [
            35.9333664,
            -0.2289608
          ],
          [
            35.934737,
            -0.2299183
          ],
          [
            35.9350267,
            -0.2301356
          ],
          [
            35.9351394,
            -0.2301919
          ],
          [
            35.9352252,
            -0.2302214
          ],
          [
            35.9353459,
            -0.2302375
          ],
          [
            35.9355497,
            -0.2302241
          ],
          [
            35.9359869,
            -0.230141
          ],
          [
            35.9364134,
            -0.230082
          ],
          [
            35.936577,
            -0.2300766
          ],
          [
            35.9367353,
            -0.2300927
          ],
          [
            35.9369418,
            -0.2301436
          ],
          [
            35.9380683,
            -0.2306479
          ],
          [
            35.9383741,
            -0.2307766
          ],
          [
            35.9384921,
            -0.2308169
          ],
          [
            35.9386665,
            -0.2308276
          ],
          [
            35.9388676,
            -0.2307927
          ],
          [
            35.9393156,
            -0.2305916
          ],
          [
            35.9401336,
            -0.2301624
          ],
          [
            35.9402946,
            -0.2300927
          ],
          [
            35.9404957,
            -0.2300176
          ],
          [
            35.940941,
            -0.2298566
          ],
          [
            35.9412655,
            -0.2297386
          ],
          [
            35.9416491,
            -0.2295723
          ],
          [
            35.9419924,
            -0.2293792
          ],
          [
            35.9421936,
            -0.2292532
          ],
          [
            35.9424672,
            -0.2290211
          ]
        ]
      },
      "id": "way/696729639"
    },
    {
      "type": "Feature",
      "properties": {
        "@id": "way/696874533",
        "highway": "unclassified"
      },
      "geometry": {
        "type": "LineString",
        "coordinates": [
          [
            35.9104215,
            -0.2565068
          ],
          [
            35.9107393,
            -0.2565933
          ],
          [
            35.9108117,
            -0.2566101
          ],
          [
            35.9108982,
            -0.2566222
          ],
          [
            35.9109901,
            -0.2566396
          ],
          [
            35.9110504,
            -0.2566678
          ],
          [
            35.9111074,
            -0.256706
          ],
          [
            35.9116942,
            -0.2572149
          ],
          [
            35.9120648,
            -0.2575268
          ],
          [
            35.9131667,
            -0.2584541
          ],
          [
            35.9144463,
            -0.2594723
          ],
          [
            35.9146634,
            -0.259645
          ],
          [
            35.9161815,
            -0.2608654
          ],
          [
            35.9178016,
            -0.2621689
          ],
          [
            35.9178799,
            -0.2622335
          ],
          [
            35.93,
            -0.2722332
          ]
        ]
      },
      "id": "way/696874533"
    },
    {
      "type": "Feature",
      "properties": {
        "@id": "way/696876362",
        "highway": "residential"
      },
      "geometry": {
        "type": "LineString",
        "coordinates": [
          [
            35.9137863,
            -0.2504424
          ],
          [
            35.9109002,
            -0.2490048
          ],
          [
            35.9080536,
            -0.2476102
          ],
          [
            35.9066462,
            -0.2469207
          ]
        ]
      },
      "id": "way/696876362"
    },
    {
      "type": "Feature",
      "properties": {
        "@id": "way/696880010",
        "highway": "unclassified"
      },
      "geometry": {
        "type": "LineString",
        "coordinates": [
          [
            35.9297883,
            -0.2264878
          ],
          [
            35.9260654,
            -0.2239478
          ]
        ]
      },
      "id": "way/696880010"
    },
    {
      "type": "Feature",
      "properties": {
        "@id": "way/697782477",
        "highway": "unclassified",
        "surface": "asphalt"
      },
      "geometry": {
        "type": "LineString",
        "coordinates": [
          [
            35.9618437,
            -0.2054046
          ],
          [
            35.9619185,
            -0.2054702
          ],
          [
            35.9619923,
            -0.2055292
          ],
          [
            35.9620406,
            -0.2055842
          ]
        ]
      },
      "id": "way/697782477"
    },
    {
      "type": "Feature",
      "properties": {
        "@id": "way/697782478",
        "highway": "unclassified",
        "surface": "asphalt"
      },
      "geometry": {
        "type": "LineString",
        "coordinates": [
          [
            35.9617804,
            -0.2055506
          ],
          [
            35.961885,
            -0.2055748
          ],
          [
            35.9619641,
            -0.2055909
          ],
          [
            35.9620406,
            -0.2055842
          ]
        ]
      },
      "id": "way/697782478"
    },
    {
      "type": "Feature",
      "properties": {
        "@id": "way/697799290",
        "highway": "residential",
        "source": "LandSat"
      },
      "geometry": {
        "type": "LineString",
        "coordinates": [
          [
            35.9662007,
            -0.2198188
          ],
          [
            35.9661578,
            -0.2196844
          ],
          [
            35.9661551,
            -0.2196616
          ]
        ]
      },
      "id": "way/697799290"
    },
    {
      "type": "Feature",
      "properties": {
        "@id": "way/697799291",
        "highway": "residential",
        "source": "LandSat"
      },
      "geometry": {
        "type": "LineString",
        "coordinates": [
          [
            35.9661551,
            -0.2196616
          ],
          [
            35.9703711,
            -0.2134963
          ],
          [
            35.9761584,
            -0.205033
          ]
        ]
      },
      "id": "way/697799291"
    },
    {
      "type": "Feature",
      "properties": {
        "@id": "way/697799294",
        "highway": "unclassified"
      },
      "geometry": {
        "type": "LineString",
        "coordinates": [
          [
            35.961885,
            -0.2052958
          ],
          [
            35.9618367,
            -0.2052422
          ],
          [
            35.9618072,
            -0.2052046
          ],
          [
            35.961767,
            -0.2051564
          ]
        ]
      },
      "id": "way/697799294"
    },
    {
      "type": "Feature",
      "properties": {
        "@id": "way/697799295",
        "highway": "unclassified"
      },
      "geometry": {
        "type": "LineString",
        "coordinates": [
          [
            35.9619641,
            -0.2051094
          ],
          [
            35.9618984,
            -0.2051242
          ],
          [
            35.961834,
            -0.2051389
          ],
          [
            35.961767,
            -0.2051564
          ]
        ]
      },
      "id": "way/697799295"
    },
    {
      "type": "Feature",
      "properties": {
        "@id": "way/697807590",
        "highway": "residential"
      },
      "geometry": {
        "type": "LineString",
        "coordinates": [
          [
            35.9501118,
            -0.2121612
          ],
          [
            35.9507364,
            -0.2124948
          ],
          [
            35.9516296,
            -0.2129508
          ],
          [
            35.9516913,
            -0.2129857
          ],
          [
            35.9517342,
            -0.2130071
          ],
          [
            35.9517664,
            -0.2130098
          ],
          [
            35.9517878,
            -0.2129884
          ],
          [
            35.9518468,
            -0.2128569
          ],
          [
            35.9518844,
            -0.2127926
          ],
          [
            35.9519005,
            -0.2127684
          ],
          [
            35.95193,
            -0.2127577
          ],
          [
            35.9519568,
            -0.2127604
          ],
          [
            35.952327,
            -0.2129213
          ],
          [
            35.952997,
            -0.2132986
          ],
          [
            35.9535555,
            -0.2135998
          ]
        ]
      },
      "id": "way/697807590"
    },
    {
      "type": "Feature",
      "properties": {
        "@id": "way/697807591",
        "highway": "residential"
      },
      "geometry": {
        "type": "LineString",
        "coordinates": [
          [
            35.9498553,
            -0.2126604
          ],
          [
            35.9490171,
            -0.2122212
          ],
          [
            35.9479174,
            -0.2116472
          ],
          [
            35.9467989,
            -0.2110518
          ],
          [
            35.9465683,
            -0.2109217
          ]
        ]
      },
      "id": "way/697807591"
    },
    {
      "type": "Feature",
      "properties": {
        "@id": "way/697807592",
        "highway": "residential",
        "name": "Line ya Francis"
      },
      "geometry": {
        "type": "LineString",
        "coordinates": [
          [
            35.9474208,
            -0.2176028
          ],
          [
            35.9477082,
            -0.2170304
          ],
          [
            35.9481481,
            -0.2161748
          ],
          [
            35.9485128,
            -0.215397
          ],
          [
            35.9489179,
            -0.2145896
          ],
          [
            35.9494999,
            -0.2134202
          ],
          [
            35.9498553,
            -0.2126604
          ],
          [
            35.9499693,
            -0.2124412
          ],
          [
            35.9501118,
            -0.2121612
          ],
          [
            35.9504253,
            -0.2115453
          ],
          [
            35.95079,
            -0.2107756
          ],
          [
            35.951246,
            -0.2098368
          ],
          [
            35.9515572,
            -0.209236
          ],
          [
            35.9519488,
            -0.2084528
          ],
          [
            35.9523994,
            -0.2075489
          ],
          [
            35.9526971,
            -0.2069695
          ],
          [
            35.9529331,
            -0.2064519
          ],
          [
            35.9531564,
            -0.2059845
          ],
          [
            35.9531692,
            -0.2059557
          ],
          [
            35.9531725,
            -0.2059308
          ],
          [
            35.9531625,
            -0.2059094
          ],
          [
            35.9531477,
            -0.205894
          ],
          [
            35.9530002,
            -0.2058189
          ],
          [
            35.9529653,
            -0.2057947
          ],
          [
            35.9529546,
            -0.2057625
          ],
          [
            35.9529519,
            -0.2057169
          ],
          [
            35.9529707,
            -0.2056713
          ],
          [
            35.9532721,
            -0.2050536
          ]
        ]
      },
      "id": "way/697807592"
    },
    {
      "type": "Feature",
      "properties": {
        "@id": "way/697807593",
        "highway": "residential"
      },
      "geometry": {
        "type": "LineString",
        "coordinates": [
          [
            35.9542986,
            -0.2121061
          ],
          [
            35.9553659,
            -0.2126611
          ],
          [
            35.9567097,
            -0.2133531
          ],
          [
            35.9577208,
            -0.2138775
          ]
        ]
      },
      "id": "way/697807593"
    },
    {
      "type": "Feature",
      "properties": {
        "@id": "way/697807594",
        "highway": "residential"
      },
      "geometry": {
        "type": "LineString",
        "coordinates": [
          [
            35.9507933,
            -0.2193788
          ],
          [
            35.9509362,
            -0.2190595
          ],
          [
            35.9511682,
            -0.2185405
          ],
          [
            35.9514606,
            -0.2179491
          ],
          [
            35.9516497,
            -0.2175172
          ],
          [
            35.9518884,
            -0.217013
          ],
          [
            35.9520507,
            -0.2166844
          ],
          [
            35.9522022,
            -0.2163773
          ],
          [
            35.9522984,
            -0.2161865
          ],
          [
            35.9524664,
            -0.2158368
          ],
          [
            35.9528044,
            -0.2151569
          ],
          [
            35.9531263,
            -0.2145239
          ],
          [
            35.9534173,
            -0.2139553
          ],
          [
            35.9535555,
            -0.2135998
          ],
          [
            35.9536815,
            -0.2133786
          ],
          [
            35.9540395,
            -0.2126357
          ],
          [
            35.9542986,
            -0.2121061
          ],
          [
            35.95447,
            -0.2117613
          ],
          [
            35.9547476,
            -0.2111511
          ],
          [
            35.955036,
            -0.2105462
          ],
          [
            35.9552025,
            -0.210211
          ],
          [
            35.9553605,
            -0.2098931
          ],
          [
            35.9556743,
            -0.2092548
          ],
          [
            35.9561571,
            -0.2082731
          ],
          [
            35.9566319,
            -0.2072458
          ],
          [
            35.9570289,
            -0.2064626
          ],
          [
            35.957281,
            -0.2059852
          ],
          [
            35.9576079,
            -0.2053967
          ]
        ]
      },
      "id": "way/697807594"
    },
    {
      "type": "Feature",
      "properties": {
        "@id": "way/697817611",
        "highway": "residential"
      },
      "geometry": {
        "type": "LineString",
        "coordinates": [
          [
            35.9599363,
            -0.2154077
          ],
          [
            35.9605533,
            -0.2145843
          ],
          [
            35.9611756,
            -0.2136777
          ],
          [
            35.9618863,
            -0.2126477
          ],
          [
            35.9625703,
            -0.2116607
          ],
          [
            35.9634072,
            -0.2104349
          ],
          [
            35.9642571,
            -0.2091865
          ],
          [
            35.9653115,
            -0.2076723
          ],
          [
            35.9661591,
            -0.206417
          ],
          [
            35.9664783,
            -0.2059583
          ],
          [
            35.9664836,
            -0.2059262
          ],
          [
            35.9664702,
            -0.205894
          ],
          [
            35.9664354,
            -0.2058645
          ],
          [
            35.9658936,
            -0.2054782
          ],
          [
            35.9658533,
            -0.2054353
          ],
          [
            35.9658131,
            -0.2053843
          ],
          [
            35.9657777,
            -0.2053317
          ]
        ]
      },
      "id": "way/697817611"
    },
    {
      "type": "Feature",
      "properties": {
        "@id": "way/697817612",
        "highway": "residential"
      },
      "geometry": {
        "type": "LineString",
        "coordinates": [
          [
            35.9796287,
            -0.2199602
          ],
          [
            35.9782478,
            -0.2190206
          ],
          [
            35.9764862,
            -0.2178044
          ],
          [
            35.9747395,
            -0.2165664
          ],
          [
            35.9734265,
            -0.2156731
          ],
          [
            35.9722048,
            -0.2147747
          ],
          [
            35.9703711,
            -0.2134963
          ],
          [
            35.9689057,
            -0.212468
          ],
          [
            35.9673232,
            -0.2113308
          ],
          [
            35.9655234,
            -0.2100567
          ],
          [
            35.9642571,
            -0.2091865
          ],
          [
            35.963611,
            -0.2087425
          ],
          [
            35.961999,
            -0.2076025
          ],
          [
            35.9610763,
            -0.2069816
          ]
        ]
      },
      "id": "way/697817612"
    },
    {
      "type": "Feature",
      "properties": {
        "@id": "way/697817613",
        "highway": "residential"
      },
      "geometry": {
        "type": "LineString",
        "coordinates": [
          [
            35.9630423,
            -0.2175881
          ],
          [
            35.9634474,
            -0.2169392
          ],
          [
            35.963469,
            -0.2169178
          ],
          [
            35.9640965,
            -0.2160005
          ],
          [
            35.9648207,
            -0.2149651
          ],
          [
            35.965569,
            -0.2138654
          ],
          [
            35.9661698,
            -0.2130098
          ],
          [
            35.9668189,
            -0.212055
          ],
          [
            35.9673232,
            -0.2113308
          ],
          [
            35.9676048,
            -0.2109244
          ],
          [
            35.9680313,
            -0.2102914
          ],
          [
            35.9686804,
            -0.2093594
          ],
          [
            35.9696084,
            -0.2080236
          ],
          [
            35.9700303,
            -0.2073721
          ],
          [
            35.9705713,
            -0.2066342
          ],
          [
            35.9712274,
            -0.2057214
          ],
          [
            35.9713733,
            -0.2055185
          ],
          [
            35.9718078,
            -0.2048613
          ],
          [
            35.9718561,
            -0.2047835
          ],
          [
            35.9718803,
            -0.2047165
          ],
          [
            35.9719205,
            -0.2045931
          ],
          [
            35.9719513,
            -0.2044308
          ]
        ]
      },
      "id": "way/697817613"
    },
    {
      "type": "Feature",
      "properties": {
        "@id": "way/697819104",
        "highway": "residential"
      },
      "geometry": {
        "type": "LineString",
        "coordinates": [
          [
            35.9506586,
            -0.20406
          ],
          [
            35.9523055,
            -0.2044161
          ],
          [
            35.9537351,
            -0.204746
          ],
          [
            35.954698,
            -0.2049203
          ],
          [
            35.956471,
            -0.2050437
          ],
          [
            35.9578818,
            -0.2049927
          ],
          [
            35.9579194,
            -0.2049921
          ],
          [
            35.9579569,
            -0.2049793
          ],
          [
            35.9579814,
            -0.2049592
          ],
          [
            35.9580079,
            -0.2049317
          ],
          [
            35.9580374,
            -0.2048962
          ],
          [
            35.9586623,
            -0.2039762
          ],
          [
            35.9592672,
            -0.2030736
          ],
          [
            35.9595984,
            -0.2026271
          ],
          [
            35.9599739,
            -0.2020477
          ],
          [
            35.9605332,
            -0.2012712
          ],
          [
            35.9610884,
            -0.2004974
          ],
          [
            35.9616047,
            -0.1997437
          ],
          [
            35.9623611,
            -0.1986681
          ],
          [
            35.9626695,
            -0.1981907
          ]
        ]
      },
      "id": "way/697819104"
    },
    {
      "type": "Feature",
      "properties": {
        "@id": "way/697819105",
        "highway": "residential"
      },
      "geometry": {
        "type": "LineString",
        "coordinates": [
          [
            35.9537351,
            -0.204746
          ],
          [
            35.9540972,
            -0.2042203
          ],
          [
            35.9548214,
            -0.2031635
          ],
          [
            35.9556878,
            -0.2019002
          ],
          [
            35.9563027,
            -0.2010193
          ],
          [
            35.9567016,
            -0.2004277
          ],
          [
            35.9572233,
            -0.199678
          ],
          [
            35.9577383,
            -0.1989417
          ],
          [
            35.9582023,
            -0.1982618
          ],
          [
            35.9588233,
            -0.1973539
          ],
          [
            35.9590968,
            -0.1969703
          ]
        ]
      },
      "id": "way/697819105"
    },
    {
      "type": "Feature",
      "properties": {
        "@id": "way/697822709",
        "highway": "residential"
      },
      "geometry": {
        "type": "LineString",
        "coordinates": [
          [
            35.9533462,
            -0.1989055
          ],
          [
            35.9537747,
            -0.1982688
          ],
          [
            35.9538452,
            -0.198164
          ],
          [
            35.9540355,
            -0.1978933
          ],
          [
            35.9555571,
            -0.1957284
          ],
          [
            35.9561465,
            -0.1949132
          ]
        ]
      },
      "id": "way/697822709"
    },
    {
      "type": "Feature",
      "properties": {
        "@id": "way/698578650",
        "highway": "unclassified"
      },
      "geometry": {
        "type": "LineString",
        "coordinates": [
          [
            35.9740244,
            -0.2890467
          ],
          [
            35.9719545,
            -0.2876025
          ],
          [
            35.9679198,
            -0.2847874
          ],
          [
            35.966633,
            -0.2838896
          ]
        ]
      },
      "id": "way/698578650"
    },
    {
      "type": "Feature",
      "properties": {
        "@id": "way/698590651",
        "highway": "unclassified",
        "surface": "unpaved"
      },
      "geometry": {
        "type": "LineString",
        "coordinates": [
          [
            35.9594942,
            -0.3012438
          ],
          [
            35.95618,
            -0.2988392
          ]
        ]
      },
      "id": "way/698590651"
    },
    {
      "type": "Feature",
      "properties": {
        "@id": "way/698596502",
        "highway": "unclassified"
      },
      "geometry": {
        "type": "LineString",
        "coordinates": [
          [
            35.9334895,
            -0.2645622
          ],
          [
            35.9336735,
            -0.2646888
          ],
          [
            35.9337634,
            -0.264768
          ],
          [
            35.9338975,
            -0.2648793
          ],
          [
            35.9339592,
            -0.2649249
          ],
          [
            35.9340477,
            -0.2649959
          ],
          [
            35.9342287,
            -0.2651314
          ],
          [
            35.9344259,
            -0.2652735
          ],
          [
            35.9346297,
            -0.2654197
          ],
          [
            35.9347638,
            -0.2655136
          ],
          [
            35.9349342,
            -0.2656343
          ],
          [
            35.9350817,
            -0.2657429
          ],
          [
            35.9352453,
            -0.2658583
          ],
          [
            35.9353244,
            -0.2659119
          ],
          [
            35.9354183,
            -0.2659763
          ],
          [
            35.9355457,
            -0.2660702
          ],
          [
            35.9356771,
            -0.2661681
          ],
          [
            35.9358394,
            -0.2662914
          ],
          [
            35.9359977,
            -0.2663987
          ],
          [
            35.9361532,
            -0.2665114
          ],
          [
            35.9362967,
            -0.2666079
          ],
          [
            35.9364201,
            -0.2666897
          ],
          [
            35.9365529,
            -0.2667809
          ],
          [
            35.9367004,
            -0.2668869
          ],
          [
            35.9368546,
            -0.2669995
          ],
          [
            35.9370518,
            -0.2671538
          ],
          [
            35.937214,
            -0.2672745
          ],
          [
            35.937316,
            -0.2673428
          ],
          [
            35.9373803,
            -0.2673791
          ],
          [
            35.9374595,
            -0.2674314
          ],
          [
            35.9375399,
            -0.2674823
          ],
          [
            35.937603,
            -0.2675239
          ],
          [
            35.9376687,
            -0.2675695
          ],
          [
            35.9377532,
            -0.2676298
          ],
          [
            35.9378551,
            -0.2677049
          ],
          [
            35.9379664,
            -0.2677867
          ],
          [
            35.9380455,
            -0.2678458
          ],
          [
            35.9381689,
            -0.267941
          ],
          [
            35.938354,
            -0.2680737
          ],
          [
            35.9385471,
            -0.2682038
          ],
          [
            35.9387375,
            -0.2683326
          ],
          [
            35.9389937,
            -0.268523
          ],
          [
            35.9392364,
            -0.268688
          ],
          [
            35.9394094,
            -0.2688046
          ],
          [
            35.9395945,
            -0.2689361
          ],
          [
            35.9397715,
            -0.2690474
          ],
          [
            35.939903,
            -0.2691386
          ],
          [
            35.9400196,
            -0.2692164
          ],
          [
            35.9400988,
            -0.269278
          ],
          [
            35.9401967,
            -0.2693491
          ],
          [
            35.9403241,
            -0.2694363
          ],
          [
            35.9404367,
            -0.2695194
          ],
          [
            35.9405601,
            -0.2696066
          ],
          [
            35.9407304,
            -0.269726
          ],
          [
            35.9408618,
            -0.2698212
          ],
          [
            35.9409893,
            -0.2699084
          ],
          [
            35.9411086,
            -0.2699848
          ],
          [
            35.9412535,
            -0.2700814
          ],
          [
            35.9414197,
            -0.2702021
          ],
          [
            35.9415632,
            -0.2702973
          ],
          [
            35.9416746,
            -0.2703791
          ],
          [
            35.941802,
            -0.2704676
          ],
          [
            35.9419388,
            -0.2705668
          ],
          [
            35.9420729,
            -0.270662
          ],
          [
            35.9421976,
            -0.2707492
          ],
          [
            35.9423491,
            -0.2708552
          ],
          [
            35.9425114,
            -0.2709624
          ],
          [
            35.9426844,
            -0.2710805
          ],
          [
            35.9429057,
            -0.2712401
          ],
          [
            35.9431404,
            -0.271401
          ],
          [
            35.9433161,
            -0.271527
          ],
          [
            35.9437305,
            -0.2718167
          ],
          [
            35.9439303,
            -0.2719575
          ],
          [
            35.9441315,
            -0.2720957
          ],
          [
            35.9442843,
            -0.272207
          ],
          [
            35.9445029,
            -0.2723625
          ],
          [
            35.9447068,
            -0.2725101
          ],
          [
            35.9449469,
            -0.2726871
          ],
          [
            35.9451561,
            -0.2728453
          ],
          [
            35.9453438,
            -0.2729794
          ],
          [
            35.9455557,
            -0.2731243
          ],
          [
            35.945777,
            -0.2732678
          ],
          [
            35.9459607,
            -0.2733912
          ],
          [
            35.9461257,
            -0.2734984
          ],
          [
            35.946292,
            -0.2736044
          ],
          [
            35.9464435,
            -0.2737157
          ],
          [
            35.9466474,
            -0.2738565
          ],
          [
            35.9468392,
            -0.2739893
          ],
          [
            35.9470403,
            -0.2741274
          ],
          [
            35.9472442,
            -0.2742669
          ],
          [
            35.947625,
            -0.2745257
          ],
          [
            35.9477162,
            -0.2745767
          ],
          [
            35.9477913,
            -0.2746276
          ],
          [
            35.947845,
            -0.2746625
          ],
          [
            35.9478758,
            -0.2747068
          ],
          [
            35.9478745,
            -0.2747577
          ],
          [
            35.9478557,
            -0.2748288
          ],
          [
            35.9476291,
            -0.2753183
          ],
          [
            35.9473515,
            -0.2759231
          ],
          [
            35.9467185,
            -0.2774332
          ],
          [
            35.9466226,
            -0.2776793
          ],
          [
            35.9466051,
            -0.2777316
          ],
          [
            35.9465957,
            -0.2777765
          ],
          [
            35.9465931,
            -0.277808
          ],
          [
            35.9465937,
            -0.2778335
          ],
          [
            35.9465964,
            -0.2778523
          ],
          [
            35.9466092,
            -0.2778691
          ],
          [
            35.946705,
            -0.2779267
          ],
          [
            35.9467694,
            -0.2779636
          ],
          [
            35.9468405,
            -0.2780065
          ],
          [
            35.9469116,
            -0.2780528
          ],
          [
            35.9469833,
            -0.2781024
          ],
          [
            35.9470557,
            -0.278152
          ],
          [
            35.9471892,
            -0.2782452
          ],
          [
            35.9475097,
            -0.2784658
          ],
          [
            35.9490868,
            -0.2795548
          ],
          [
            35.9508383,
            -0.280794
          ],
          [
            35.9523377,
            -0.2818507
          ],
          [
            35.9536386,
            -0.2827788
          ],
          [
            35.9548563,
            -0.2836559
          ],
          [
            35.955103,
            -0.2838141
          ],
          [
            35.9552318,
            -0.2838892
          ],
          [
            35.9552479,
            -0.283904
          ],
          [
            35.9552626,
            -0.2839227
          ],
          [
            35.9552727,
            -0.2839455
          ],
          [
            35.9552794,
            -0.2839703
          ],
          [
            35.9552814,
            -0.2840166
          ],
          [
            35.9552814,
            -0.2840575
          ],
          [
            35.9552841,
            -0.2840964
          ],
          [
            35.9553183,
            -0.2840797
          ],
          [
            35.9552995,
            -0.2841568
          ],
          [
            35.9553116,
            -0.2841822
          ],
          [
            35.9553263,
            -0.284199
          ],
          [
            35.9556636,
            -0.2844551
          ],
          [
            35.9565226,
            -0.2850519
          ],
          [
            35.9568559,
            -0.2852953
          ],
          [
            35.9569799,
            -0.2853859
          ],
          [
            35.9570872,
            -0.285467
          ],
          [
            35.9572039,
            -0.2855548
          ],
          [
            35.9573028,
            -0.2856231
          ]
        ]
      },
      "id": "way/698596502"
    },
    {
      "type": "Feature",
      "properties": {
        "@id": "way/698596503",
        "highway": "unclassified"
      },
      "geometry": {
        "type": "LineString",
        "coordinates": [
          [
            35.9236901,
            -0.2861403
          ],
          [
            35.9242187,
            -0.2864775
          ],
          [
            35.9244829,
            -0.2866518
          ],
          [
            35.924786,
            -0.2868557
          ],
          [
            35.9249765,
            -0.2869791
          ],
          [
            35.9252313,
            -0.2871467
          ],
          [
            35.9254834,
            -0.2873157
          ],
          [
            35.9257007,
            -0.2874578
          ],
          [
            35.9257597,
            -0.2874967
          ],
          [
            35.9258401,
            -0.287541
          ],
          [
            35.9258958,
            -0.2875718
          ],
          [
            35.9259414,
            -0.2875973
          ],
          [
            35.9259917,
            -0.2876308
          ],
          [
            35.9260688,
            -0.2876818
          ],
          [
            35.9261291,
            -0.2877194
          ],
          [
            35.9262022,
            -0.2877663
          ],
          [
            35.926278,
            -0.2878173
          ],
          [
            35.9263632,
            -0.2878776
          ],
          [
            35.9264745,
            -0.2879567
          ],
          [
            35.9265932,
            -0.2880405
          ],
          [
            35.9267628,
            -0.2881565
          ],
          [
            35.9268507,
            -0.2882156
          ],
          [
            35.9269271,
            -0.2882685
          ],
          [
            35.9271209,
            -0.288404
          ],
          [
            35.9273013,
            -0.2885287
          ],
          [
            35.9274642,
            -0.288644
          ],
          [
            35.9275353,
            -0.2886929
          ],
          [
            35.9276426,
            -0.2887667
          ],
          [
            35.9279276,
            -0.2889679
          ],
          [
            35.9280107,
            -0.2890283
          ],
          [
            35.9281381,
            -0.2891161
          ],
          [
            35.9283272,
            -0.2892482
          ],
          [
            35.9284707,
            -0.2893474
          ],
          [
            35.9286303,
            -0.2894587
          ],
          [
            35.9289797,
            -0.2896988
          ],
          [
            35.9292465,
            -0.2898852
          ],
          [
            35.9296167,
            -0.290144
          ],
          [
            35.9302363,
            -0.2905692
          ],
          [
            35.9303771,
            -0.2906671
          ],
          [
            35.9305742,
            -0.2908052
          ],
          [
            35.9309363,
            -0.2910627
          ],
          [
            35.9313051,
            -0.2913161
          ],
          [
            35.931623,
            -0.2915441
          ],
          [
            35.9320267,
            -0.2918311
          ],
          [
            35.9322627,
            -0.2920028
          ],
          [
            35.9325899,
            -0.2922455
          ],
          [
            35.9329051,
            -0.2924668
          ],
          [
            35.9332471,
            -0.2927082
          ],
          [
            35.9335595,
            -0.2929241
          ],
          [
            35.9339203,
            -0.2931736
          ],
          [
            35.9342663,
            -0.2934136
          ],
          [
            35.9344581,
            -0.2935504
          ],
          [
            35.9346901,
            -0.2937113
          ],
          [
            35.9352587,
            -0.2941083
          ],
          [
            35.9356906,
            -0.2944087
          ],
          [
            35.935834,
            -0.294512
          ],
          [
            35.9360325,
            -0.2946474
          ],
          [
            35.9363785,
            -0.2948888
          ],
          [
            35.9367312,
            -0.2951302
          ],
          [
            35.9370491,
            -0.2953515
          ],
          [
            35.9372328,
            -0.2954789
          ],
          [
            35.93743,
            -0.2956184
          ],
          [
            35.9376056,
            -0.2957431
          ],
          [
            35.937843,
            -0.2959053
          ],
          [
            35.9380804,
            -0.2960716
          ],
          [
            35.9383164,
            -0.2962379
          ],
          [
            35.9386504,
            -0.296474
          ],
          [
            35.9390835,
            -0.2967744
          ],
          [
            35.9392619,
            -0.2969058
          ],
          [
            35.9394912,
            -0.297064
          ],
          [
            35.9396146,
            -0.2971566
          ],
          [
            35.9397903,
            -0.2972813
          ],
          [
            35.9399351,
            -0.2973872
          ],
          [
            35.940088,
            -0.2975603
          ],
          [
            35.9403321,
            -0.2977413
          ],
          [
            35.9406312,
            -0.2979411
          ],
          [
            35.9409772,
            -0.2981959
          ],
          [
            35.9411864,
            -0.2983408
          ],
          [
            35.9414023,
            -0.2984869
          ],
          [
            35.9416933,
            -0.2987055
          ],
          [
            35.9419656,
            -0.2988786
          ],
          [
            35.9423411,
            -0.2991521
          ],
          [
            35.9425851,
            -0.2993224
          ],
          [
            35.9428467,
            -0.2994928
          ],
          [
            35.9430599,
            -0.2996563
          ],
          [
            35.9434421,
            -0.2998897
          ],
          [
            35.9437587,
            -0.3001325
          ],
          [
            35.9441999,
            -0.3004182
          ]
        ]
      },
      "id": "way/698596503"
    },
    {
      "type": "Feature",
      "properties": {
        "@id": "way/698596504",
        "highway": "unclassified"
      },
      "geometry": {
        "type": "LineString",
        "coordinates": [
          [
            35.910456,
            -0.2848506
          ],
          [
            35.9106186,
            -0.2847636
          ],
          [
            35.9107983,
            -0.2846778
          ],
          [
            35.9109753,
            -0.2845879
          ],
          [
            35.9110719,
            -0.2845316
          ],
          [
            35.9111577,
            -0.2844686
          ],
          [
            35.9112596,
            -0.2843814
          ],
          [
            35.9113374,
            -0.2843103
          ],
          [
            35.9114085,
            -0.2842124
          ],
          [
            35.9114675,
            -0.2841212
          ],
          [
            35.9115091,
            -0.2840247
          ],
          [
            35.9115466,
            -0.2838852
          ],
          [
            35.9115775,
            -0.2836036
          ],
          [
            35.9115842,
            -0.2832897
          ],
          [
            35.9115775,
            -0.2831114
          ],
          [
            35.9115762,
            -0.282996
          ],
          [
            35.9115762,
            -0.2829209
          ],
          [
            35.9115815,
            -0.2828432
          ],
          [
            35.9115949,
            -0.2827533
          ],
          [
            35.9116231,
            -0.282638
          ],
          [
            35.9116633,
            -0.2825226
          ],
          [
            35.9116968,
            -0.2824596
          ],
          [
            35.911729,
            -0.2824194
          ],
          [
            35.911784,
            -0.2823671
          ],
          [
            35.9118484,
            -0.2823322
          ],
          [
            35.9119557,
            -0.2822839
          ],
          [
            35.9122239,
            -0.2821874
          ],
          [
            35.91235,
            -0.2821404
          ],
          [
            35.9124532,
            -0.2821002
          ],
          [
            35.9125471,
            -0.2820774
          ],
          [
            35.9126289,
            -0.2820747
          ],
          [
            35.9127201,
            -0.2820908
          ],
          [
            35.9128073,
            -0.2821176
          ],
          [
            35.912881,
            -0.2821632
          ],
          [
            35.9129521,
            -0.2822276
          ],
          [
            35.9130085,
            -0.2822866
          ],
          [
            35.9130728,
            -0.2823496
          ],
          [
            35.9131359,
            -0.2824019
          ],
          [
            35.9131975,
            -0.2824435
          ],
          [
            35.9132619,
            -0.2824703
          ],
          [
            35.9133182,
            -0.282469
          ],
          [
            35.9133933,
            -0.2824368
          ],
          [
            35.9134389,
            -0.2823966
          ],
          [
            35.9135288,
            -0.2822893
          ],
          [
            35.9135985,
            -0.2821927
          ],
          [
            35.9138024,
            -0.2818816
          ],
          [
            35.9139405,
            -0.2816643
          ],
          [
            35.914021,
            -0.2815664
          ],
          [
            35.9140894,
            -0.2814994
          ],
          [
            35.9141685,
            -0.2814337
          ],
          [
            35.9142342,
            -0.2813988
          ],
          [
            35.9142758,
            -0.2813948
          ],
          [
            35.914316,
            -0.2813948
          ],
          [
            35.9143683,
            -0.2814082
          ],
          [
            35.9144072,
            -0.2814431
          ],
          [
            35.9145145,
            -0.281549
          ],
          [
            35.91524,
            -0.2822491
          ],
          [
            35.915456,
            -0.2824422
          ],
          [
            35.9157684,
            -0.2827184
          ],
          [
            35.9160326,
            -0.2829974
          ],
          [
            35.9161949,
            -0.2831757
          ],
          [
            35.9163196,
            -0.2832978
          ],
          [
            35.9164269,
            -0.2833957
          ],
          [
            35.9164913,
            -0.2834534
          ],
          [
            35.9165972,
            -0.2835486
          ],
          [
            35.9166817,
            -0.2836371
          ],
          [
            35.9167568,
            -0.2837095
          ],
          [
            35.9168226,
            -0.2837538
          ],
          [
            35.916903,
            -0.2837913
          ],
          [
            35.9169781,
            -0.2838221
          ],
          [
            35.9170666,
            -0.2838637
          ],
          [
            35.9171538,
            -0.2839133
          ],
          [
            35.9172302,
            -0.2839817
          ],
          [
            35.9172866,
            -0.2840327
          ],
          [
            35.9173456,
            -0.2840796
          ],
          [
            35.9174167,
            -0.2841078
          ],
          [
            35.9175038,
            -0.2841051
          ],
          [
            35.917583,
            -0.284081
          ],
          [
            35.9176581,
            -0.2840354
          ],
          [
            35.9177466,
            -0.2839616
          ],
          [
            35.9178592,
            -0.2838463
          ],
          [
            35.9181248,
            -0.2836022
          ],
          [
            35.9183514,
            -0.2834024
          ],
          [
            35.918625,
            -0.2831462
          ],
          [
            35.9187269,
            -0.2830376
          ],
          [
            35.9188355,
            -0.2829156
          ],
          [
            35.9188905,
            -0.2828445
          ],
          [
            35.9189308,
            -0.2828016
          ],
          [
            35.9189643,
            -0.2827748
          ],
          [
            35.9190045,
            -0.2827654
          ],
          [
            35.9190528,
            -0.2827815
          ],
          [
            35.9191494,
            -0.2828445
          ],
          [
            35.9195611,
            -0.2831288
          ],
          [
            35.9202008,
            -0.2835848
          ],
          [
            35.9208284,
            -0.2840314
          ],
          [
            35.9215996,
            -0.2845624
          ],
          [
            35.9219402,
            -0.2848092
          ],
          [
            35.9223774,
            -0.2851176
          ],
          [
            35.9232035,
            -0.2856889
          ],
          [
            35.9237223,
            -0.2860719
          ]
        ]
      },
      "id": "way/698596504"
    },
    {
      "type": "Feature",
      "properties": {
        "@id": "way/698596505",
        "highway": "unclassified"
      },
      "geometry": {
        "type": "LineString",
        "coordinates": [
          [
            35.9241742,
            -0.2850513
          ],
          [
            35.9239693,
            -0.2848669
          ],
          [
            35.9237909,
            -0.2847327
          ],
          [
            35.9235053,
            -0.2845195
          ],
          [
            35.9230506,
            -0.2841909
          ],
          [
            35.9226041,
            -0.2838691
          ],
          [
            35.9223747,
            -0.2837041
          ],
          [
            35.9221025,
            -0.283511
          ],
          [
            35.9218034,
            -0.2833058
          ],
          [
            35.9214346,
            -0.283051
          ],
          [
            35.920873,
            -0.282659
          ],
          [
            35.9206353,
            -0.2824931
          ],
          [
            35.9198575,
            -0.2819419
          ],
          [
            35.9195866,
            -0.2817542
          ],
          [
            35.9192325,
            -0.2815021
          ],
          [
            35.9189951,
            -0.2813277
          ],
          [
            35.9187497,
            -0.2811467
          ],
          [
            35.9185781,
            -0.2810233
          ],
          [
            35.918401,
            -0.2808972
          ],
          [
            35.9179424,
            -0.2805727
          ],
          [
            35.9176661,
            -0.2803729
          ],
          [
            35.9173375,
            -0.2801328
          ],
          [
            35.9168963,
            -0.2798083
          ],
          [
            35.9164256,
            -0.2794743
          ],
          [
            35.9160595,
            -0.2792169
          ],
          [
            35.9157497,
            -0.2789915
          ],
          [
            35.9154426,
            -0.278773
          ],
          [
            35.915173,
            -0.2785825
          ],
          [
            35.914949,
            -0.2784283
          ],
          [
            35.9144649,
            -0.2780917
          ],
          [
            35.9138332,
            -0.2776464
          ],
          [
            35.913569,
            -0.2774654
          ],
          [
            35.9132887,
            -0.2772683
          ],
          [
            35.9130487,
            -0.2771033
          ],
          [
            35.9124479,
            -0.2766795
          ],
          [
            35.9120227,
            -0.2763804
          ],
          [
            35.9115493,
            -0.2760479
          ],
          [
            35.9113777,
            -0.2759218
          ],
          [
            35.9112181,
            -0.2758024
          ],
          [
            35.9110075,
            -0.2756415
          ],
          [
            35.9108157,
            -0.275494
          ],
          [
            35.9104899,
            -0.2752432
          ],
          [
            35.9101063,
            -0.2749535
          ],
          [
            35.9098917,
            -0.2747953
          ],
          [
            35.9096906,
            -0.2746518
          ],
          [
            35.909358,
            -0.2744158
          ]
        ]
      },
      "id": "way/698596505"
    },
    {
      "type": "Feature",
      "properties": {
        "@id": "way/698604810",
        "highway": "unclassified"
      },
      "geometry": {
        "type": "LineString",
        "coordinates": [
          [
            35.9238553,
            -0.2940077
          ],
          [
            35.9240913,
            -0.2936671
          ],
          [
            35.924263,
            -0.2934163
          ],
          [
            35.9243998,
            -0.2932138
          ],
          [
            35.9245393,
            -0.2930126
          ],
          [
            35.9247954,
            -0.2926385
          ],
          [
            35.9249228,
            -0.2924628
          ],
          [
            35.9250355,
            -0.2923112
          ],
          [
            35.9251884,
            -0.2921087
          ],
          [
            35.9252863,
            -0.2919666
          ],
          [
            35.9253842,
            -0.2918258
          ],
          [
            35.9255572,
            -0.2915763
          ],
          [
            35.9256993,
            -0.2913631
          ],
          [
            35.9258415,
            -0.2911552
          ],
          [
            35.9260011,
            -0.2909219
          ],
          [
            35.9261781,
            -0.2906604
          ],
          [
            35.9263162,
            -0.2904458
          ],
          [
            35.9265442,
            -0.2901186
          ],
          [
            35.9267306,
            -0.2898517
          ],
          [
            35.9268983,
            -0.2896156
          ],
          [
            35.9270404,
            -0.2894105
          ],
          [
            35.9271906,
            -0.2891865
          ],
          [
            35.92731,
            -0.2890148
          ],
          [
            35.9274401,
            -0.2888271
          ],
          [
            35.9275353,
            -0.2886929
          ]
        ]
      },
      "id": "way/698604810"
    },
    {
      "type": "Feature",
      "properties": {
        "@id": "way/698604812",
        "highway": "unclassified"
      },
      "geometry": {
        "type": "LineString",
        "coordinates": [
          [
            35.9220435,
            -0.29279
          ],
          [
            35.922313,
            -0.2924065
          ],
          [
            35.9225705,
            -0.2920403
          ],
          [
            35.9229755,
            -0.291465
          ],
          [
            35.9232424,
            -0.2910855
          ],
          [
            35.9239022,
            -0.2901467
          ],
          [
            35.9240994,
            -0.2898597
          ],
          [
            35.9242348,
            -0.2896612
          ],
          [
            35.9243394,
            -0.2895097
          ],
          [
            35.9245084,
            -0.289279
          ],
          [
            35.9247545,
            -0.2889283
          ],
          [
            35.9248303,
            -0.2888204
          ],
          [
            35.9250596,
            -0.2884932
          ],
          [
            35.9252474,
            -0.2882156
          ],
          [
            35.9255317,
            -0.2878159
          ],
          [
            35.9257597,
            -0.2874967
          ]
        ]
      },
      "id": "way/698604812"
    },
    {
      "type": "Feature",
      "properties": {
        "@id": "way/698608132",
        "highway": "unclassified"
      },
      "geometry": {
        "type": "LineString",
        "coordinates": [
          [
            35.9506923,
            -0.2908923
          ],
          [
            35.9515893,
            -0.2895386
          ],
          [
            35.9533837,
            -0.2868504
          ],
          [
            35.9540516,
            -0.2858875
          ],
          [
            35.9553183,
            -0.2840797
          ]
        ]
      },
      "id": "way/698608132"
    },
    {
      "type": "Feature",
      "properties": {
        "@id": "way/715630044",
        "highway": "trunk_link",
        "oneway": "yes",
        "surface": "asphalt"
      },
      "geometry": {
        "type": "LineString",
        "coordinates": [
          [
            35.9422698,
            -0.2458505
          ],
          [
            35.942329,
            -0.2458036
          ],
          [
            35.9423907,
            -0.2457526
          ],
          [
            35.9424657,
            -0.2456788
          ]
        ]
      },
      "id": "way/715630044"
    },
    {
      "type": "Feature",
      "properties": {
        "@id": "way/715630045",
        "highway": "tertiary",
        "oneway": "yes",
        "ref": "D369",
        "source": "LandSat"
      },
      "geometry": {
        "type": "LineString",
        "coordinates": [
          [
            35.9425154,
            -0.2454361
          ],
          [
            35.942538,
            -0.2455975
          ],
          [
            35.9425369,
            -0.2457634
          ],
          [
            35.9425355,
            -0.2458787
          ],
          [
            35.9425362,
            -0.2459451
          ]
        ]
      },
      "id": "way/715630045"
    },
    {
      "type": "Feature",
      "properties": {
        "@id": "way/715630046",
        "highway": "tertiary",
        "oneway": "yes",
        "ref": "D369",
        "source": "LandSat"
      },
      "geometry": {
        "type": "LineString",
        "coordinates": [
          [
            35.9424604,
            -0.2459337
          ],
          [
            35.9424591,
            -0.2458687
          ],
          [
            35.9424657,
            -0.2456788
          ],
          [
            35.9424658,
            -0.2455997
          ],
          [
            35.9425154,
            -0.2454361
          ]
        ]
      },
      "id": "way/715630046"
    },
    {
      "type": "Feature",
      "properties": {
        "@id": "way/715630047",
        "highway": "trunk_link",
        "oneway": "yes",
        "surface": "asphalt"
      },
      "geometry": {
        "type": "LineString",
        "coordinates": [
          [
            35.9419733,
            -0.2460557
          ],
          [
            35.9419347,
            -0.2459498
          ],
          [
            35.9418865,
            -0.2458975
          ],
          [
            35.9418143,
            -0.2458607
          ]
        ]
      },
      "id": "way/715630047"
    },
    {
      "type": "Feature",
      "properties": {
        "@id": "way/715630048",
        "highway": "trunk_link",
        "oneway": "yes",
        "surface": "asphalt"
      },
      "geometry": {
        "type": "LineString",
        "coordinates": [
          [
            35.9422631,
            -0.2459107
          ],
          [
            35.9421426,
            -0.2459846
          ],
          [
            35.9420462,
            -0.2460703
          ]
        ]
      },
      "id": "way/715630048"
    },
    {
      "type": "Feature",
      "properties": {
        "@id": "way/715630049",
        "highway": "tertiary",
        "oneway": "yes",
        "ref": "D318"
      },
      "geometry": {
        "type": "LineString",
        "coordinates": [
          [
            35.9419787,
            -0.2463488
          ],
          [
            35.941973,
            -0.2462005
          ],
          [
            35.9419733,
            -0.2460557
          ],
          [
            35.9419807,
            -0.2458837
          ],
          [
            35.9419816,
            -0.2458204
          ]
        ]
      },
      "id": "way/715630049"
    },
    {
      "type": "Feature",
      "properties": {
        "@id": "way/715630050",
        "highway": "tertiary",
        "oneway": "yes",
        "ref": "D318"
      },
      "geometry": {
        "type": "LineString",
        "coordinates": [
          [
            35.9420608,
            -0.2458304
          ],
          [
            35.9420561,
            -0.2458907
          ],
          [
            35.9420462,
            -0.2460703
          ],
          [
            35.94203,
            -0.2461965
          ],
          [
            35.9419787,
            -0.2463488
          ]
        ]
      },
      "id": "way/715630050"
    },
    {
      "type": "Feature",
      "properties": {
        "@id": "way/715630051",
        "AUTO_ID": "7257",
        "highway": "trunk",
        "maxspeed": "80",
        "name": "Nakuru - Eldoret Road",
        "oneway": "yes",
        "ref": "A8",
        "source": "survey",
        "surface": "asphalt"
      },
      "geometry": {
        "type": "LineString",
        "coordinates": [
          [
            35.9385183,
            -0.2454609
          ],
          [
            35.9386933,
            -0.2454616
          ],
          [
            35.9401068,
            -0.2456118
          ],
          [
            35.9410657,
            -0.2457271
          ],
          [
            35.941523,
            -0.2457821
          ],
          [
            35.9419816,
            -0.2458204
          ],
          [
            35.9420608,
            -0.2458304
          ],
          [
            35.9422698,
            -0.2458505
          ],
          [
            35.9424591,
            -0.2458687
          ],
          [
            35.9425355,
            -0.2458787
          ],
          [
            35.9447873,
            -0.2461214
          ],
          [
            35.9459701,
            -0.2462448
          ],
          [
            35.9461378,
            -0.2462749
          ]
        ]
      },
      "id": "way/715630051"
    },
    {
      "type": "Feature",
      "properties": {
        "@id": "way/715630052",
        "AUTO_ID": "7257",
        "highway": "trunk",
        "maxspeed": "80",
        "name": "Nakuru - Eldoret Road",
        "oneway": "yes",
        "ref": "A8",
        "source": "survey",
        "surface": "asphalt"
      },
      "geometry": {
        "type": "LineString",
        "coordinates": [
          [
            35.9461378,
            -0.2462749
          ],
          [
            35.9459688,
            -0.2462824
          ],
          [
            35.9448141,
            -0.2461751
          ],
          [
            35.9442066,
            -0.2461174
          ],
          [
            35.9435534,
            -0.246045
          ],
          [
            35.9425362,
            -0.2459451
          ],
          [
            35.9424604,
            -0.2459337
          ],
          [
            35.9422631,
            -0.2459107
          ],
          [
            35.9420561,
            -0.2458907
          ],
          [
            35.9419807,
            -0.2458837
          ],
          [
            35.9418143,
            -0.2458607
          ],
          [
            35.9415016,
            -0.2458304
          ],
          [
            35.9400947,
            -0.2456708
          ],
          [
            35.938704,
            -0.2455025
          ],
          [
            35.9385183,
            -0.2454609
          ]
        ]
      },
      "id": "way/715630052"
    },
    {
      "type": "Feature",
      "properties": {
        "@id": "way/715630053",
        "AUTO_ID": "7257",
        "highway": "trunk",
        "maxspeed": "80",
        "name": "Nakuru - Eldoret Road",
        "ref": "A8",
        "source": "survey",
        "surface": "asphalt"
      },
      "geometry": {
        "type": "LineString",
        "coordinates": [
          [
            35.9573159,
            -0.247484
          ],
          [
            35.9564951,
            -0.2473901
          ],
          [
            35.9546378,
            -0.2471972
          ],
          [
            35.9529465,
            -0.2470441
          ],
          [
            35.9503072,
            -0.2467303
          ],
          [
            35.9492248,
            -0.2466152
          ],
          [
            35.9478611,
            -0.2464701
          ],
          [
            35.9461378,
            -0.2462749
          ]
        ]
      },
      "id": "way/715630053"
    },
    {
      "type": "Feature",
      "properties": {
        "@id": "way/770326803",
        "highway": "residential"
      },
      "geometry": {
        "type": "LineString",
        "coordinates": [
          [
            35.9922798,
            -0.2586969
          ],
          [
            35.9917501,
            -0.259527
          ],
          [
            35.9913424,
            -0.260168
          ]
        ]
      },
      "id": "way/770326803"
    },
    {
      "type": "Feature",
      "properties": {
        "@id": "way/891496102",
        "highway": "footway"
      },
      "geometry": {
        "type": "LineString",
        "coordinates": [
          [
            35.9728013,
            -0.2751272
          ],
          [
            35.9726842,
            -0.2750301
          ],
          [
            35.9726198,
            -0.2749803
          ]
        ]
      },
      "id": "way/891496102"
    },
    {
      "type": "Feature",
      "properties": {
        "@id": "way/891496104",
        "highway": "footway"
      },
      "geometry": {
        "type": "LineString",
        "coordinates": [
          [
            35.9730942,
            -0.2744934
          ],
          [
            35.9729405,
            -0.2746942
          ],
          [
            35.9726842,
            -0.2750301
          ],
          [
            35.9724594,
            -0.2753246
          ]
        ]
      },
      "id": "way/891496104"
    },
    {
      "type": "Feature",
      "properties": {
        "@id": "way/891496105",
        "highway": "footway"
      },
      "geometry": {
        "type": "LineString",
        "coordinates": [
          [
            35.9730413,
            -0.2747695
          ],
          [
            35.9729405,
            -0.2746942
          ],
          [
            35.9723995,
            -0.2742904
          ]
        ]
      },
      "id": "way/891496105"
    },
    {
      "type": "Feature",
      "properties": {
        "@id": "way/1026993024",
        "highway": "residential",
        "source": "maxar"
      },
      "geometry": {
        "type": "LineString",
        "coordinates": [
          [
            35.9379795,
            -0.241983
          ],
          [
            35.9383916,
            -0.2421493
          ],
          [
            35.9388488,
            -0.2423585
          ],
          [
            35.9394551,
            -0.2425892
          ],
          [
            35.9395303,
            -0.2424819
          ],
          [
            35.939541,
            -0.2424336
          ],
          [
            35.9396912,
            -0.24216
          ]
        ]
      },
      "id": "way/1026993024"
    },
    {
      "type": "Feature",
      "properties": {
        "@id": "way/1026993028",
        "highway": "residential",
        "source": "maxar"
      },
      "geometry": {
        "type": "LineString",
        "coordinates": [
          [
            35.9386218,
            -0.241699
          ],
          [
            35.9385698,
            -0.2417898
          ],
          [
            35.9385538,
            -0.2418487
          ]
        ]
      },
      "id": "way/1026993028"
    },
    {
      "type": "Feature",
      "properties": {
        "@id": "way/1026993047",
        "highway": "residential",
        "source": "maxar"
      },
      "geometry": {
        "type": "LineString",
        "coordinates": [
          [
            35.9381166,
            -0.242659
          ],
          [
            35.9385966,
            -0.2429326
          ]
        ]
      },
      "id": "way/1026993047"
    },
    {
      "type": "Feature",
      "properties": {
        "@id": "way/1026993107",
        "highway": "residential",
        "source": "maxar"
      },
      "geometry": {
        "type": "LineString",
        "coordinates": [
          [
            35.943859,
            -0.2434086
          ],
          [
            35.9430488,
            -0.2450353
          ],
          [
            35.9429468,
            -0.245325
          ]
        ]
      },
      "id": "way/1026993107"
    },
    {
      "type": "Feature",
      "properties": {
        "@id": "way/1026993108",
        "highway": "residential",
        "source": "maxar"
      },
      "geometry": {
        "type": "LineString",
        "coordinates": [
          [
            35.9430488,
            -0.2450353
          ],
          [
            35.9428449,
            -0.2449709
          ],
          [
            35.9426489,
            -0.2448743
          ]
        ]
      },
      "id": "way/1026993108"
    },
    {
      "type": "Feature",
      "properties": {
        "@id": "way/1026994613",
        "highway": "residential",
        "source": "maxar"
      },
      "geometry": {
        "type": "LineString",
        "coordinates": [
          [
            35.9831347,
            -0.2200178
          ],
          [
            35.9828359,
            -0.2197634
          ]
        ]
      },
      "id": "way/1026994613"
    },
    {
      "type": "Feature",
      "properties": {
        "@id": "way/1026999084",
        "highway": "unclassified",
        "source": "maxar"
      },
      "geometry": {
        "type": "LineString",
        "coordinates": [
          [
            35.9254311,
            -0.2234941
          ],
          [
            35.9255102,
            -0.2235548
          ],
          [
            35.9260654,
            -0.2239478
          ]
        ]
      },
      "id": "way/1026999084"
    },
    {
      "type": "Feature",
      "properties": {
        "@id": "way/1026999085",
        "highway": "unclassified",
        "source": "maxar"
      },
      "geometry": {
        "type": "LineString",
        "coordinates": [
          [
            35.9254003,
            -0.2236934
          ],
          [
            35.925419,
            -0.2235951
          ],
          [
            35.9254311,
            -0.2234941
          ],
          [
            35.925439,
            -0.2233468
          ],
          [
            35.9255116,
            -0.2231324
          ]
        ]
      },
      "id": "way/1026999085"
    },
    {
      "type": "Feature",
      "properties": {
        "@id": "way/1026999086",
        "highway": "track",
        "source": "maxar"
      },
      "geometry": {
        "type": "LineString",
        "coordinates": [
          [
            35.9255116,
            -0.2231324
          ],
          [
            35.9253324,
            -0.2232273
          ],
          [
            35.9252357,
            -0.2232487
          ],
          [
            35.9250573,
            -0.2232816
          ]
        ]
      },
      "id": "way/1026999086"
    },
    {
      "type": "Feature",
      "properties": {
        "@id": "way/1026999087",
        "highway": "unclassified",
        "source": "maxar"
      },
      "geometry": {
        "type": "LineString",
        "coordinates": [
          [
            35.9283325,
            -0.2169473
          ],
          [
            35.9261357,
            -0.2220327
          ],
          [
            35.9258836,
            -0.222655
          ],
          [
            35.9256247,
            -0.2229634
          ],
          [
            35.9255116,
            -0.2231324
          ]
        ]
      },
      "id": "way/1026999087"
    },
    {
      "type": "Feature",
      "properties": {
        "@id": "way/1026999100",
        "highway": "residential",
        "source": "maxar"
      },
      "geometry": {
        "type": "LineString",
        "coordinates": [
          [
            35.9292378,
            -0.2275527
          ],
          [
            35.9291178,
            -0.2274561
          ],
          [
            35.9253252,
            -0.2255518
          ]
        ]
      },
      "id": "way/1026999100"
    },
    {
      "type": "Feature",
      "properties": {
        "@id": "way/1026999115",
        "highway": "track",
        "source": "maxar"
      },
      "geometry": {
        "type": "LineString",
        "coordinates": [
          [
            35.9251374,
            -0.2285991
          ],
          [
            35.9281023,
            -0.2300203
          ]
        ]
      },
      "id": "way/1026999115"
    },
    {
      "type": "Feature",
      "properties": {
        "@id": "way/1026999124",
        "highway": "residential",
        "source": "maxar"
      },
      "geometry": {
        "type": "LineString",
        "coordinates": [
          [
            35.9321004,
            -0.2305889
          ],
          [
            35.9323579,
            -0.2309108
          ],
          [
            35.9325778,
            -0.2313077
          ],
          [
            35.9326047,
            -0.2315759
          ],
          [
            35.9325886,
            -0.2319139
          ],
          [
            35.9325242,
            -0.2321606
          ],
          [
            35.9324062,
            -0.2324771
          ],
          [
            35.932374,
            -0.2326327
          ],
          [
            35.9324491,
            -0.2328097
          ],
          [
            35.9324652,
            -0.2328902
          ],
          [
            35.9324545,
            -0.2329975
          ],
          [
            35.9323794,
            -0.2332013
          ],
          [
            35.9318429,
            -0.2342957
          ],
          [
            35.9315854,
            -0.2349233
          ],
          [
            35.9312689,
            -0.2355563
          ],
          [
            35.9312636,
            -0.2355992
          ],
          [
            35.9311134,
            -0.235905
          ],
          [
            35.9310865,
            -0.2360015
          ],
          [
            35.9307593,
            -0.2366828
          ],
          [
            35.9294584,
            -0.2395474
          ],
          [
            35.9284499,
            -0.2416583
          ],
          [
            35.9273636,
            -0.24404
          ],
          [
            35.9272751,
            -0.2442385
          ]
        ]
      },
      "id": "way/1026999124"
    },
    {
      "type": "Feature",
      "properties": {
        "@id": "way/1026999134",
        "highway": "residential",
        "source": "maxar"
      },
      "geometry": {
        "type": "LineString",
        "coordinates": [
          [
            35.9332928,
            -0.2406209
          ],
          [
            35.9332112,
            -0.2405995
          ],
          [
            35.9322562,
            -0.2404814
          ]
        ]
      },
      "id": "way/1026999134"
    },
    {
      "type": "Feature",
      "properties": {
        "@id": "way/1026999152",
        "highway": "residential",
        "source": "maxar"
      },
      "geometry": {
        "type": "LineString",
        "coordinates": [
          [
            35.9372095,
            -0.241699
          ],
          [
            35.9368524,
            -0.2414839
          ]
        ]
      },
      "id": "way/1026999152"
    },
    {
      "type": "Feature",
      "properties": {
        "@id": "way/1026999153",
        "highway": "residential",
        "source": "maxar"
      },
      "geometry": {
        "type": "LineString",
        "coordinates": [
          [
            35.9372095,
            -0.241699
          ],
          [
            35.9375556,
            -0.2410118
          ],
          [
            35.93762,
            -0.2409153
          ]
        ]
      },
      "id": "way/1026999153"
    },
    {
      "type": "Feature",
      "properties": {
        "@id": "way/1027000450",
        "highway": "residential",
        "noname": "yes"
      },
      "geometry": {
        "type": "LineString",
        "coordinates": [
          [
            36.0097839,
            -0.2636763
          ],
          [
            36.0098228,
            -0.2638574
          ],
          [
            36.0098441,
            -0.2639789
          ]
        ]
      },
      "id": "way/1027000450"
    },
    {
      "type": "Feature",
      "properties": {
        "@id": "way/1027000452",
        "highway": "residential",
        "noname": "yes"
      },
      "geometry": {
        "type": "LineString",
        "coordinates": [
          [
            36.0073726,
            -0.2638641
          ],
          [
            36.0074383,
            -0.2640639
          ],
          [
            36.0074812,
            -0.2640639
          ],
          [
            36.0076515,
            -0.263966
          ],
          [
            36.0078499,
            -0.2638787
          ]
        ]
      },
      "id": "way/1027000452"
    },
    {
      "type": "Feature",
      "properties": {
        "@id": "way/1027000459",
        "highway": "residential",
        "noname": "yes"
      },
      "geometry": {
        "type": "LineString",
        "coordinates": [
          [
            36.0089618,
            -0.2690393
          ],
          [
            36.0092555,
            -0.2692056
          ],
          [
            36.0093521,
            -0.2693102
          ],
          [
            36.0093666,
            -0.2693626
          ]
        ]
      },
      "id": "way/1027000459"
    },
    {
      "type": "Feature",
      "properties": {
        "@id": "way/1027000468",
        "highway": "residential",
        "noname": "yes"
      },
      "geometry": {
        "type": "LineString",
        "coordinates": [
          [
            36.00325,
            -0.26962
          ],
          [
            36.0033654,
            -0.2696187
          ],
          [
            36.0035531,
            -0.2697139
          ],
          [
            36.0037664,
            -0.2698292
          ],
          [
            36.0040373,
            -0.269962
          ],
          [
            36.0043377,
            -0.2701229
          ],
          [
            36.004622,
            -0.2702986
          ],
          [
            36.004921,
            -0.2705105
          ],
          [
            36.0051084,
            -0.2706308
          ]
        ]
      },
      "id": "way/1027000468"
    },
    {
      "type": "Feature",
      "properties": {
        "@id": "way/1027000470",
        "highway": "unclassified"
      },
      "geometry": {
        "type": "LineString",
        "coordinates": [
          [
            36.0026061,
            -0.268587
          ],
          [
            36.0026532,
            -0.2685163
          ],
          [
            36.0027404,
            -0.2684479
          ],
          [
            36.0027592,
            -0.2683165
          ],
          [
            36.0027471,
            -0.2678793
          ],
          [
            36.002727,
            -0.2673952
          ],
          [
            36.002735,
            -0.2672208
          ],
          [
            36.0027766,
            -0.267143
          ],
          [
            36.0031052,
            -0.2669673
          ],
          [
            36.0033109,
            -0.2668741
          ]
        ]
      },
      "id": "way/1027000470"
    },
    {
      "type": "Feature",
      "properties": {
        "@id": "way/1027000471",
        "highway": "unclassified"
      },
      "geometry": {
        "type": "LineString",
        "coordinates": [
          [
            36.0034257,
            -0.2686263
          ],
          [
            36.0035115,
            -0.2685954
          ],
          [
            36.0035585,
            -0.2682722
          ],
          [
            36.0036081,
            -0.2678176
          ],
          [
            36.003647,
            -0.2675507
          ],
          [
            36.0036081,
            -0.2674112
          ],
          [
            36.0036115,
            -0.2673078
          ]
        ]
      },
      "id": "way/1027000471"
    },
    {
      "type": "Feature",
      "properties": {
        "@id": "way/1027000472",
        "highway": "unclassified",
        "surface": "unpaved"
      },
      "geometry": {
        "type": "LineString",
        "coordinates": [
          [
            36.0050204,
            -0.2693348
          ],
          [
            36.0048828,
            -0.2691661
          ],
          [
            36.0045764,
            -0.2686973
          ],
          [
            36.0040265,
            -0.2678739
          ],
          [
            36.0036115,
            -0.2673078
          ],
          [
            36.003474,
            -0.2671202
          ],
          [
            36.0033109,
            -0.2668741
          ],
          [
            36.0030314,
            -0.2664524
          ],
          [
            36.0026988,
            -0.265921
          ],
          [
            36.0023984,
            -0.265476
          ],
          [
            36.0021624,
            -0.2651569
          ]
        ]
      },
      "id": "way/1027000472"
    },
    {
      "type": "Feature",
      "properties": {
        "@id": "way/1027000485",
        "highway": "residential",
        "noname": "yes",
        "source": "maxar"
      },
      "geometry": {
        "type": "LineString",
        "coordinates": [
          [
            36.0118668,
            -0.2689138
          ],
          [
            36.0117055,
            -0.269097
          ],
          [
            36.0115582,
            -0.2692821
          ],
          [
            36.0114026,
            -0.2694738
          ],
          [
            36.0112886,
            -0.2696991
          ],
          [
            36.0112685,
            -0.2697863
          ]
        ]
      },
      "id": "way/1027000485"
    },
    {
      "type": "Feature",
      "properties": {
        "@id": "way/1027000622",
        "highway": "residential",
        "noname": "yes",
        "source": "maxar"
      },
      "geometry": {
        "type": "LineString",
        "coordinates": [
          [
            36.0053574,
            -0.2701244
          ],
          [
            36.0054932,
            -0.2698689
          ]
        ]
      },
      "id": "way/1027000622"
    },
    {
      "type": "Feature",
      "properties": {
        "@id": "way/1027000650",
        "highway": "residential",
        "noname": "yes",
        "source": "maxar"
      },
      "geometry": {
        "type": "LineString",
        "coordinates": [
          [
            36.0081069,
            -0.2698817
          ],
          [
            36.0084648,
            -0.2701224
          ]
        ]
      },
      "id": "way/1027000650"
    },
    {
      "type": "Feature",
      "properties": {
        "@id": "way/1027000701",
        "highway": "unclassified",
        "source": "maxar"
      },
      "geometry": {
        "type": "LineString",
        "coordinates": [
          [
            36.0036524,
            -0.2666126
          ],
          [
            36.0041503,
            -0.2672955
          ],
          [
            36.0045442,
            -0.2678298
          ],
          [
            36.005411,
            -0.2690983
          ],
          [
            36.0055773,
            -0.2693451
          ],
          [
            36.0057934,
            -0.2696911
          ]
        ]
      },
      "id": "way/1027000701"
    },
    {
      "type": "Feature",
      "properties": {
        "@id": "way/1027000776",
        "highway": "residential",
        "noname": "yes",
        "source": "maxar"
      },
      "geometry": {
        "type": "LineString",
        "coordinates": [
          [
            36.0053574,
            -0.2701244
          ],
          [
            36.0051964,
            -0.2704384
          ],
          [
            36.0051374,
            -0.2706007
          ],
          [
            36.0051084,
            -0.2706308
          ],
          [
            36.0050833,
            -0.2706567
          ]
        ]
      },
      "id": "way/1027000776"
    },
    {
      "type": "Feature",
      "properties": {
        "@id": "way/1027000837",
        "highway": "residential",
        "noname": "yes",
        "source": "maxar"
      },
      "geometry": {
        "type": "LineString",
        "coordinates": [
          [
            36.0095717,
            -0.269523
          ],
          [
            36.0097261,
            -0.269314
          ],
          [
            36.0099531,
            -0.2690206
          ]
        ]
      },
      "id": "way/1027000837"
    },
    {
      "type": "Feature",
      "properties": {
        "@id": "way/1027000863",
        "highway": "residential",
        "noname": "yes",
        "source": "maxar"
      },
      "geometry": {
        "type": "LineString",
        "coordinates": [
          [
            36.0093729,
            -0.2655472
          ],
          [
            36.0091933,
            -0.2653263
          ],
          [
            36.0090892,
            -0.2652293
          ],
          [
            36.0089721,
            -0.2651696
          ],
          [
            36.0085729,
            -0.2643844
          ]
        ]
      },
      "id": "way/1027000863"
    },
    {
      "type": "Feature",
      "properties": {
        "@id": "way/1027000911",
        "highway": "residential",
        "noname": "yes",
        "source": "maxar"
      },
      "geometry": {
        "type": "LineString",
        "coordinates": [
          [
            36.0102539,
            -0.2673686
          ],
          [
            36.0111623,
            -0.268111
          ]
        ]
      },
      "id": "way/1027000911"
    },
    {
      "type": "Feature",
      "properties": {
        "@id": "way/1027000930",
        "highway": "residential",
        "noname": "yes",
        "source": "maxar"
      },
      "geometry": {
        "type": "LineString",
        "coordinates": [
          [
            36.0026414,
            -0.2707468
          ],
          [
            36.0025714,
            -0.2715459
          ]
        ]
      },
      "id": "way/1027000930"
    },
    {
      "type": "Feature",
      "properties": {
        "@id": "way/1027000984",
        "highway": "residential",
        "noname": "yes",
        "source": "maxar"
      },
      "geometry": {
        "type": "LineString",
        "coordinates": [
          [
            36.0041985,
            -0.2658038
          ],
          [
            36.0043541,
            -0.2657502
          ],
          [
            36.004676,
            -0.2655999
          ],
          [
            36.0049916,
            -0.265491
          ]
        ]
      },
      "id": "way/1027000984"
    },
    {
      "type": "Feature",
      "properties": {
        "@id": "way/1027001086",
        "highway": "residential",
        "noname": "yes",
        "source": "maxar"
      },
      "geometry": {
        "type": "LineString",
        "coordinates": [
          [
            36.0026827,
            -0.2645547
          ],
          [
            36.0029496,
            -0.2647076
          ]
        ]
      },
      "id": "way/1027001086"
    },
    {
      "type": "Feature",
      "properties": {
        "@id": "way/1027001108",
        "highway": "residential",
        "noname": "yes",
        "source": "maxar"
      },
      "geometry": {
        "type": "LineString",
        "coordinates": [
          [
            36.0041985,
            -0.2658038
          ],
          [
            36.0039088,
            -0.2652887
          ],
          [
            36.0036459,
            -0.2649185
          ],
          [
            36.0034904,
            -0.2646127
          ],
          [
            36.0033506,
            -0.2644448
          ]
        ]
      },
      "id": "way/1027001108"
    },
    {
      "type": "Feature",
      "properties": {
        "@id": "way/1027001126",
        "highway": "residential",
        "noname": "yes",
        "source": "maxar"
      },
      "geometry": {
        "type": "LineString",
        "coordinates": [
          [
            36.0121764,
            -0.2711569
          ],
          [
            36.0120155,
            -0.2713862
          ],
          [
            36.0119994,
            -0.2714975
          ],
          [
            36.0120369,
            -0.2717094
          ],
          [
            36.0120623,
            -0.2718133
          ],
          [
            36.0124312,
            -0.2720138
          ]
        ]
      },
      "id": "way/1027001126"
    },
    {
      "type": "Feature",
      "properties": {
        "@id": "way/1027001156",
        "highway": "residential",
        "noname": "yes",
        "source": "maxar"
      },
      "geometry": {
        "type": "LineString",
        "coordinates": [
          [
            36.0041985,
            -0.2658038
          ],
          [
            36.0040859,
            -0.2658789
          ],
          [
            36.0039013,
            -0.2659695
          ]
        ]
      },
      "id": "way/1027001156"
    },
    {
      "type": "Feature",
      "properties": {
        "@id": "way/1027001171",
        "highway": "residential",
        "noname": "yes",
        "source": "maxar"
      },
      "geometry": {
        "type": "LineString",
        "coordinates": [
          [
            36.0053574,
            -0.2701244
          ],
          [
            36.004727,
            -0.2696966
          ],
          [
            36.0028251,
            -0.2687039
          ],
          [
            36.0026061,
            -0.268587
          ],
          [
            36.0020673,
            -0.2682995
          ],
          [
            36.001903,
            -0.2682325
          ]
        ]
      },
      "id": "way/1027001171"
    },
    {
      "type": "Feature",
      "properties": {
        "@id": "way/1027001172",
        "highway": "unclassified",
        "source": "maxar"
      },
      "geometry": {
        "type": "LineString",
        "coordinates": [
          [
            36.0196745,
            -0.2753733
          ],
          [
            36.0196745,
            -0.2752513
          ],
          [
            36.0196477,
            -0.2751708
          ],
          [
            36.0195847,
            -0.2751145
          ],
          [
            36.0189383,
            -0.2748141
          ],
          [
            36.0181269,
            -0.2744184
          ],
          [
            36.0176548,
            -0.2742468
          ],
          [
            36.0170352,
            -0.2740349
          ],
          [
            36.0158711,
            -0.2737023
          ],
          [
            36.015552,
            -0.2736674
          ],
          [
            36.0152543,
            -0.273662
          ],
          [
            36.0144815,
            -0.273673
          ],
          [
            36.0133043,
            -0.2736647
          ],
          [
            36.0124606,
            -0.2736268
          ],
          [
            36.0117498,
            -0.2734873
          ],
          [
            36.0111086,
            -0.2733371
          ],
          [
            36.010371,
            -0.2730849
          ],
          [
            36.0094803,
            -0.272653
          ],
          [
            36.0086587,
            -0.2720662
          ],
          [
            36.007934,
            -0.2713679
          ],
          [
            36.0078105,
            -0.2713009
          ],
          [
            36.0076609,
            -0.2712326
          ],
          [
            36.0075275,
            -0.2711681
          ],
          [
            36.0074517,
            -0.2711019
          ]
        ]
      },
      "id": "way/1027001172"
    },
    {
      "type": "Feature",
      "properties": {
        "@id": "way/1027001199",
        "highway": "trunk_link",
        "source": "maxar",
        "surface": "asphalt"
      },
      "geometry": {
        "type": "LineString",
        "coordinates": [
          [
            36.0122423,
            -0.2737742
          ],
          [
            36.0124606,
            -0.2736268
          ]
        ]
      },
      "id": "way/1027001199"
    },
    {
      "type": "Feature",
      "properties": {
        "@id": "way/1027001229",
        "highway": "residential",
        "noname": "yes",
        "source": "maxar"
      },
      "geometry": {
        "type": "LineString",
        "coordinates": [
          [
            36.0046357,
            -0.2641124
          ],
          [
            36.0043327,
            -0.2642639
          ]
        ]
      },
      "id": "way/1027001229"
    },
    {
      "type": "Feature",
      "properties": {
        "@id": "way/1027001254",
        "highway": "residential",
        "noname": "yes",
        "source": "maxar"
      },
      "geometry": {
        "type": "LineString",
        "coordinates": [
          [
            36.0062305,
            -0.2706507
          ],
          [
            36.0060999,
            -0.2708297
          ],
          [
            36.0059577,
            -0.271004
          ],
          [
            36.0058544,
            -0.2711565
          ],
          [
            36.0056365,
            -0.2713595
          ]
        ]
      },
      "id": "way/1027001254"
    },
    {
      "type": "Feature",
      "properties": {
        "@id": "way/1027001286",
        "highway": "residential",
        "noname": "yes",
        "source": "maxar"
      },
      "geometry": {
        "type": "LineString",
        "coordinates": [
          [
            36.0098802,
            -0.2659483
          ],
          [
            36.010087,
            -0.265633
          ]
        ]
      },
      "id": "way/1027001286"
    },
    {
      "type": "Feature",
      "properties": {
        "@id": "way/1027001302",
        "highway": "residential",
        "noname": "yes",
        "source": "maxar"
      },
      "geometry": {
        "type": "LineString",
        "coordinates": [
          [
            36.0125774,
            -0.2686824
          ],
          [
            36.0127691,
            -0.268771
          ],
          [
            36.0128751,
            -0.2688127
          ]
        ]
      },
      "id": "way/1027001302"
    },
    {
      "type": "Feature",
      "properties": {
        "@id": "way/1027011323",
        "highway": "residential",
        "source": "maxar"
      },
      "geometry": {
        "type": "LineString",
        "coordinates": [
          [
            35.937341,
            -0.237643
          ],
          [
            35.9370405,
            -0.2382599
          ],
          [
            35.9366166,
            -0.239306
          ],
          [
            35.9369404,
            -0.2395366
          ],
          [
            35.9372337,
            -0.2397458
          ]
        ]
      },
      "id": "way/1027011323"
    },
    {
      "type": "Feature",
      "properties": {
        "@id": "way/1027011343",
        "highway": "residential",
        "source": "maxar"
      },
      "geometry": {
        "type": "LineString",
        "coordinates": [
          [
            35.9374644,
            -0.233491
          ],
          [
            35.9373947,
            -0.2336251
          ],
          [
            35.9373786,
            -0.233845
          ],
          [
            35.9379849,
            -0.2351754
          ],
          [
            35.9379742,
            -0.2352505
          ],
          [
            35.9375717,
            -0.2360927
          ],
          [
            35.9373414,
            -0.2365916
          ]
        ]
      },
      "id": "way/1027011343"
    },
    {
      "type": "Feature",
      "properties": {
        "@id": "way/1027011344",
        "highway": "residential",
        "source": "maxar"
      },
      "geometry": {
        "type": "LineString",
        "coordinates": [
          [
            35.936343,
            -0.2341237
          ],
          [
            35.9365039,
            -0.2340486
          ],
          [
            35.9367722,
            -0.2339627
          ],
          [
            35.9373786,
            -0.233845
          ]
        ]
      },
      "id": "way/1027011344"
    },
    {
      "type": "Feature",
      "properties": {
        "@id": "way/1027011346",
        "highway": "residential",
        "source": "maxar"
      },
      "geometry": {
        "type": "LineString",
        "coordinates": [
          [
            35.9389722,
            -0.2410869
          ],
          [
            35.9386218,
            -0.241699
          ]
        ]
      },
      "id": "way/1027011346"
    },
    {
      "type": "Feature",
      "properties": {
        "@id": "way/1027011391",
        "highway": "residential",
        "source": "maxar"
      },
      "geometry": {
        "type": "LineString",
        "coordinates": [
          [
            35.9422201,
            -0.227183
          ],
          [
            35.9419173,
            -0.2270811
          ],
          [
            35.9413326,
            -0.226668
          ],
          [
            35.9406245,
            -0.2261422
          ],
          [
            35.9398895,
            -0.2256541
          ],
          [
            35.9394872,
            -0.225359
          ],
          [
            35.9391975,
            -0.2251229
          ],
          [
            35.9390098,
            -0.2250103
          ],
          [
            35.9388649,
            -0.2248869
          ],
          [
            35.9388167,
            -0.2248762
          ],
          [
            35.9387094,
            -0.2247957
          ],
          [
            35.9386343,
            -0.2247689
          ],
          [
            35.9385484,
            -0.2246938
          ],
          [
            35.9381515,
            -0.2244416
          ],
          [
            35.9380871,
            -0.2243772
          ],
          [
            35.9378189,
            -0.2241841
          ],
          [
            35.9376418,
            -0.2240768
          ],
          [
            35.9375346,
            -0.2240017
          ],
          [
            35.9356463,
            -0.222682
          ],
          [
            35.9353405,
            -0.2224996
          ],
          [
            35.9352171,
            -0.2223977
          ],
          [
            35.9348684,
            -0.2222528
          ],
          [
            35.9347719,
            -0.2221402
          ],
          [
            35.9344768,
            -0.2219309
          ],
          [
            35.9322345,
            -0.2203376
          ]
        ]
      },
      "id": "way/1027011391"
    },
    {
      "type": "Feature",
      "properties": {
        "@id": "way/1027011411",
        "highway": "residential",
        "source": "maxar"
      },
      "geometry": {
        "type": "LineString",
        "coordinates": [
          [
            35.9378859,
            -0.2375733
          ],
          [
            35.9379795,
            -0.237407
          ],
          [
            35.9381405,
            -0.2370583
          ]
        ]
      },
      "id": "way/1027011411"
    },
    {
      "type": "Feature",
      "properties": {
        "@id": "way/1027012182",
        "highway": "residential",
        "source": "maxar"
      },
      "geometry": {
        "type": "LineString",
        "coordinates": [
          [
            35.938661,
            -0.2407543
          ],
          [
            35.9379795,
            -0.241983
          ]
        ]
      },
      "id": "way/1027012182"
    },
    {
      "type": "Feature",
      "properties": {
        "@id": "way/1027015533",
        "highway": "unclassified",
        "source": "maxar"
      },
      "geometry": {
        "type": "LineString",
        "coordinates": [
          [
            35.918155,
            -0.2351571
          ],
          [
            35.9184748,
            -0.2347682
          ],
          [
            35.9187484,
            -0.2343927
          ],
          [
            35.9193063,
            -0.2335665
          ],
          [
            35.9193814,
            -0.2334592
          ],
          [
            35.9195959,
            -0.2331964
          ],
          [
            35.9197193,
            -0.2330784
          ],
          [
            35.9210175,
            -0.2320752
          ],
          [
            35.9215808,
            -0.2316085
          ],
          [
            35.9219885,
            -0.2311096
          ],
          [
            35.9222352,
            -0.2309057
          ],
          [
            35.9224015,
            -0.230616
          ],
          [
            35.9229728,
            -0.2292078
          ],
          [
            35.9230346,
            -0.2290871
          ],
          [
            35.9234405,
            -0.2282649
          ],
          [
            35.9236382,
            -0.2278481
          ],
          [
            35.9252071,
            -0.2242161
          ],
          [
            35.9254003,
            -0.2236934
          ]
        ]
      },
      "id": "way/1027015533"
    },
    {
      "type": "Feature",
      "properties": {
        "@id": "way/1027015534",
        "highway": "track",
        "source": "maxar"
      },
      "geometry": {
        "type": "LineString",
        "coordinates": [
          [
            35.9236382,
            -0.2278481
          ],
          [
            35.9251374,
            -0.2285991
          ]
        ]
      },
      "id": "way/1027015534"
    },
    {
      "type": "Feature",
      "properties": {
        "@id": "way/1027015535",
        "highway": "unclassified",
        "source": "maxar"
      },
      "geometry": {
        "type": "LineString",
        "coordinates": [
          [
            35.9173812,
            -0.2389554
          ],
          [
            35.9180033,
            -0.2391507
          ],
          [
            35.9183004,
            -0.2392556
          ],
          [
            35.9184174,
            -0.2392691
          ],
          [
            35.9184962,
            -0.2392489
          ],
          [
            35.9186196,
            -0.2391403
          ],
          [
            35.9193975,
            -0.237531
          ],
          [
            35.9194028,
            -0.237488
          ],
          [
            35.9194457,
            -0.2374237
          ],
          [
            35.9194511,
            -0.2373807
          ],
          [
            35.9195208,
            -0.2372574
          ],
          [
            35.9196228,
            -0.2370213
          ],
          [
            35.9197193,
            -0.2368067
          ],
          [
            35.9197247,
            -0.2367638
          ],
          [
            35.9201056,
            -0.2358894
          ],
          [
            35.9207922,
            -0.2343229
          ],
          [
            35.9213287,
            -0.2330247
          ],
          [
            35.9218758,
            -0.2318499
          ],
          [
            35.9222084,
            -0.2310935
          ],
          [
            35.9222352,
            -0.2309057
          ]
        ]
      },
      "id": "way/1027015535"
    },
    {
      "type": "Feature",
      "properties": {
        "@id": "way/1027015536",
        "highway": "residential",
        "source": "maxar"
      },
      "geometry": {
        "type": "LineString",
        "coordinates": [
          [
            35.9248398,
            -0.2372676
          ],
          [
            35.9229487,
            -0.2363342
          ],
          [
            35.9217578,
            -0.235787
          ]
        ]
      },
      "id": "way/1027015536"
    },
    {
      "type": "Feature",
      "properties": {
        "@id": "way/1027015537",
        "highway": "residential",
        "source": "maxar"
      },
      "geometry": {
        "type": "LineString",
        "coordinates": [
          [
            35.9201056,
            -0.2358894
          ],
          [
            35.9201807,
            -0.2359104
          ],
          [
            35.9213984,
            -0.2364682
          ]
        ]
      },
      "id": "way/1027015537"
    },
    {
      "type": "Feature",
      "properties": {
        "@id": "way/1027061625",
        "highway": "residential",
        "source": "maxar"
      },
      "geometry": {
        "type": "LineString",
        "coordinates": [
          [
            35.931899,
            -0.2092173
          ],
          [
            35.9311518,
            -0.2088122
          ]
        ]
      },
      "id": "way/1027061625"
    },
    {
      "type": "Feature",
      "properties": {
        "@id": "way/1027061643",
        "highway": "unclassified",
        "source": "maxar"
      },
      "geometry": {
        "type": "LineString",
        "coordinates": [
          [
            35.9303149,
            -0.2127577
          ],
          [
            35.9302076,
            -0.2129562
          ],
          [
            35.9296872,
            -0.2141685
          ],
          [
            35.9296175,
            -0.2143724
          ],
          [
            35.9295585,
            -0.2144797
          ],
          [
            35.9295209,
            -0.2146245
          ],
          [
            35.9295316,
            -0.2146674
          ]
        ]
      },
      "id": "way/1027061643"
    },
    {
      "type": "Feature",
      "properties": {
        "@id": "way/1027061752",
        "highway": "residential",
        "source": "maxar"
      },
      "geometry": {
        "type": "LineString",
        "coordinates": [
          [
            35.9461538,
            -0.2030026
          ],
          [
            35.9460979,
            -0.2030159
          ],
          [
            35.9450304,
            -0.202796
          ]
        ]
      },
      "id": "way/1027061752"
    },
    {
      "type": "Feature",
      "properties": {
        "@id": "way/1027061777",
        "highway": "residential",
        "source": "maxar"
      },
      "geometry": {
        "type": "LineString",
        "coordinates": [
          [
            35.931049,
            -0.2140666
          ],
          [
            35.9298267,
            -0.2145333
          ],
          [
            35.9295316,
            -0.2146674
          ]
        ]
      },
      "id": "way/1027061777"
    },
    {
      "type": "Feature",
      "properties": {
        "@id": "way/1027061814",
        "highway": "track",
        "source": "maxar"
      },
      "geometry": {
        "type": "LineString",
        "coordinates": [
          [
            35.9189185,
            -0.2199484
          ],
          [
            35.9193279,
            -0.2193452
          ],
          [
            35.9194835,
            -0.2192004
          ],
          [
            35.9197155,
            -0.2191065
          ],
          [
            35.9197182,
            -0.219018
          ],
          [
            35.9197142,
            -0.2189281
          ],
          [
            35.9201112,
            -0.2187806
          ],
          [
            35.9202719,
            -0.2187698
          ],
          [
            35.920587,
            -0.2188892
          ],
          [
            35.9208944,
            -0.2188732
          ],
          [
            35.9215275,
            -0.2186693
          ],
          [
            35.9220371,
            -0.2185727
          ],
          [
            35.922638,
            -0.2185459
          ],
          [
            35.9228794,
            -0.2185995
          ],
          [
            35.9233193,
            -0.2188409
          ],
          [
            35.9238236,
            -0.2190662
          ],
          [
            35.9243279,
            -0.2192164
          ],
          [
            35.9246175,
            -0.2192594
          ],
          [
            35.9252452,
            -0.2192755
          ],
          [
            35.9256154,
            -0.2193291
          ],
          [
            35.9257173,
            -0.2193237
          ],
          [
            35.9259802,
            -0.2192594
          ],
          [
            35.9260875,
            -0.2192218
          ],
          [
            35.9261841,
            -0.2191574
          ],
          [
            35.9262484,
            -0.2190555
          ],
          [
            35.9262913,
            -0.2189214
          ],
          [
            35.9264308,
            -0.2180685
          ],
          [
            35.9264523,
            -0.2174837
          ],
          [
            35.9265167,
            -0.2173014
          ],
          [
            35.9265757,
            -0.2172316
          ],
          [
            35.9267366,
            -0.2171404
          ],
          [
            35.9272731,
            -0.2169741
          ],
          [
            35.9276701,
            -0.2167971
          ],
          [
            35.9278364,
            -0.2166684
          ],
          [
            35.9279759,
            -0.2165128
          ],
          [
            35.9282709,
            -0.2162928
          ],
          [
            35.9283139,
            -0.2162821
          ],
          [
            35.9283729,
            -0.2162177
          ],
          [
            35.9287001,
            -0.2160568
          ],
          [
            35.9287645,
            -0.2160783
          ]
        ]
      },
      "id": "way/1027061814"
    },
    {
      "type": "Feature",
      "properties": {
        "@id": "way/1027061975",
        "highway": "track",
        "source": "maxar"
      },
      "geometry": {
        "type": "LineString",
        "coordinates": [
          [
            35.9161944,
            -0.2200049
          ],
          [
            35.9163258,
            -0.2199339
          ],
          [
            35.9163751,
            -0.2198853
          ],
          [
            35.9170747,
            -0.219195
          ],
          [
            35.91774,
            -0.2186854
          ],
          [
            35.9184106,
            -0.2182884
          ],
          [
            35.9187217,
            -0.218106
          ],
          [
            35.9190919,
            -0.2181114
          ],
          [
            35.9192099,
            -0.2179934
          ],
          [
            35.9197946,
            -0.2179397
          ],
          [
            35.920653,
            -0.2175749
          ],
          [
            35.9218172,
            -0.2168454
          ],
          [
            35.9221069,
            -0.2167059
          ],
          [
            35.9223483,
            -0.216663
          ],
          [
            35.9229706,
            -0.2166254
          ],
          [
            35.9233461,
            -0.2165825
          ],
          [
            35.9236304,
            -0.2165128
          ],
          [
            35.9249448,
            -0.2158852
          ],
          [
            35.9253472,
            -0.2156169
          ],
          [
            35.926168,
            -0.2150161
          ],
          [
            35.9264094,
            -0.2148659
          ],
          [
            35.9267473,
            -0.2147264
          ],
          [
            35.9278967,
            -0.2143027
          ],
          [
            35.9288342,
            -0.2139164
          ],
          [
            35.9296872,
            -0.2141685
          ]
        ]
      },
      "id": "way/1027061975"
    },
    {
      "type": "Feature",
      "properties": {
        "@id": "way/1027061987",
        "highway": "residential",
        "source": "maxar"
      },
      "geometry": {
        "type": "LineString",
        "coordinates": [
          [
            35.9416102,
            -0.2039749
          ],
          [
            35.9421334,
            -0.2029999
          ]
        ]
      },
      "id": "way/1027061987"
    },
    {
      "type": "Feature",
      "properties": {
        "@id": "way/1027061993",
        "highway": "unclassified",
        "source": "maxar"
      },
      "geometry": {
        "type": "LineString",
        "coordinates": [
          [
            35.9295316,
            -0.2146674
          ],
          [
            35.9294297,
            -0.2148123
          ],
          [
            35.9288825,
            -0.2159281
          ],
          [
            35.9287645,
            -0.2160783
          ],
          [
            35.9283325,
            -0.2169473
          ]
        ]
      },
      "id": "way/1027061993"
    },
    {
      "type": "Feature",
      "properties": {
        "@id": "way/1027061996",
        "highway": "track",
        "source": "maxar"
      },
      "geometry": {
        "type": "LineString",
        "coordinates": [
          [
            35.9311096,
            -0.2106789
          ],
          [
            35.9308889,
            -0.2105851
          ],
          [
            35.9294887,
            -0.2102633
          ],
          [
            35.9288771,
            -0.2100433
          ],
          [
            35.9285553,
            -0.2099629
          ],
          [
            35.9283407,
            -0.2099521
          ],
          [
            35.9276969,
            -0.2100004
          ],
          [
            35.9274179,
            -0.2100433
          ],
          [
            35.9267259,
            -0.2100326
          ],
          [
            35.926007,
            -0.2099629
          ],
          [
            35.9253847,
            -0.2099521
          ],
          [
            35.9250896,
            -0.2099253
          ],
          [
            35.9248214,
            -0.2098663
          ],
          [
            35.9235446,
            -0.2095391
          ],
          [
            35.9222249,
            -0.209523
          ],
          [
            35.9216026,
            -0.2095552
          ],
          [
            35.921286,
            -0.2094854
          ],
          [
            35.9207442,
            -0.2092547
          ],
          [
            35.9197571,
            -0.2090831
          ],
          [
            35.9191348,
            -0.2089168
          ],
          [
            35.919065,
            -0.2086808
          ],
          [
            35.9191938,
            -0.2083374
          ],
          [
            35.9195211,
            -0.2078761
          ],
          [
            35.9195962,
            -0.2077205
          ],
          [
            35.9196444,
            -0.2075703
          ],
          [
            35.919564,
            -0.2073933
          ],
          [
            35.9191241,
            -0.2069373
          ],
          [
            35.9191348,
            -0.2068032
          ],
          [
            35.9192796,
            -0.2066316
          ],
          [
            35.9194996,
            -0.2062292
          ],
          [
            35.9195371,
            -0.2061058
          ],
          [
            35.9195264,
            -0.2060361
          ],
          [
            35.9194728,
            -0.2059342
          ],
          [
            35.9192904,
            -0.2057625
          ],
          [
            35.9191455,
            -0.2055909
          ],
          [
            35.9190382,
            -0.2055211
          ],
          [
            35.9187432,
            -0.2053817
          ],
          [
            35.9185554,
            -0.2052475
          ],
          [
            35.9184266,
            -0.2050705
          ],
          [
            35.9184052,
            -0.2049954
          ],
          [
            35.9184052,
            -0.2048881
          ],
          [
            35.9184481,
            -0.2044053
          ],
          [
            35.9184696,
            -0.2043249
          ],
          [
            35.9185661,
            -0.2041639
          ],
          [
            35.9185661,
            -0.2039654
          ],
          [
            35.9183569,
            -0.2037562
          ],
          [
            35.9172893,
            -0.2031554
          ],
          [
            35.9170211,
            -0.2030857
          ]
        ]
      },
      "id": "way/1027061996"
    },
    {
      "type": "Feature",
      "properties": {
        "@id": "way/1027062014",
        "highway": "unclassified",
        "source": "maxar"
      },
      "geometry": {
        "type": "LineString",
        "coordinates": [
          [
            35.9303149,
            -0.2127577
          ],
          [
            35.9303355,
            -0.2126933
          ]
        ]
      },
      "id": "way/1027062014"
    },
    {
      "type": "Feature",
      "properties": {
        "@id": "way/1027062084",
        "highway": "residential",
        "source": "maxar"
      },
      "geometry": {
        "type": "LineString",
        "coordinates": [
          [
            35.9427868,
            -0.2011973
          ],
          [
            35.9432117,
            -0.2014871
          ],
          [
            35.9432922,
            -0.2015515
          ],
          [
            35.9433727,
            -0.2015837
          ],
          [
            35.9444737,
            -0.2023897
          ]
        ]
      },
      "id": "way/1027062084"
    },
    {
      "type": "Feature",
      "properties": {
        "@id": "way/1027230321",
        "highway": "residential",
        "source": "maxar"
      },
      "geometry": {
        "type": "LineString",
        "coordinates": [
          [
            35.9827133,
            -0.2530532
          ],
          [
            35.9840168,
            -0.2537987
          ],
          [
            35.9841348,
            -0.2538523
          ],
          [
            35.9843652,
            -0.2540059
          ]
        ]
      },
      "id": "way/1027230321"
    },
    {
      "type": "Feature",
      "properties": {
        "@id": "way/1027230355",
        "highway": "residential",
        "source": "maxar"
      },
      "geometry": {
        "type": "LineString",
        "coordinates": [
          [
            35.9802816,
            -0.2542741
          ],
          [
            35.980817,
            -0.2531469
          ],
          [
            35.9808231,
            -0.2531407
          ],
          [
            35.9808288,
            -0.253138
          ],
          [
            35.9808771,
            -0.2531481
          ],
          [
            35.9810963,
            -0.2532399
          ],
          [
            35.9813143,
            -0.2533425
          ],
          [
            35.9815074,
            -0.2534404
          ],
          [
            35.9815389,
            -0.2534498
          ]
        ]
      },
      "id": "way/1027230355"
    },
    {
      "type": "Feature",
      "properties": {
        "@id": "way/1027276407",
        "highway": "residential",
        "source": "maxar"
      },
      "geometry": {
        "type": "LineString",
        "coordinates": [
          [
            35.9537747,
            -0.1982688
          ],
          [
            35.9543138,
            -0.1986658
          ],
          [
            35.9544426,
            -0.198757
          ],
          [
            35.9546518,
            -0.1988858
          ]
        ]
      },
      "id": "way/1027276407"
    },
    {
      "type": "Feature",
      "properties": {
        "@id": "way/1027276437",
        "highway": "residential",
        "source": "maxar"
      },
      "geometry": {
        "type": "LineString",
        "coordinates": [
          [
            35.9627057,
            -0.2036385
          ],
          [
            35.961717,
            -0.2030108
          ],
          [
            35.9614434,
            -0.2030322
          ],
          [
            35.9613737,
            -0.203
          ],
          [
            35.9610678,
            -0.2027801
          ],
          [
            35.9599739,
            -0.2020477
          ],
          [
            35.9597373,
            -0.2019485
          ],
          [
            35.9596837,
            -0.2018949
          ],
          [
            35.9595227,
            -0.2017929
          ],
          [
            35.9588306,
            -0.2012779
          ]
        ]
      },
      "id": "way/1027276437"
    },
    {
      "type": "Feature",
      "properties": {
        "@id": "way/1027276530",
        "highway": "residential",
        "source": "maxar"
      },
      "geometry": {
        "type": "LineString",
        "coordinates": [
          [
            35.9641045,
            -0.2022918
          ],
          [
            35.9641796,
            -0.2027102
          ],
          [
            35.964142,
            -0.2028443
          ],
          [
            35.9640294,
            -0.2029892
          ],
          [
            35.9640078,
            -0.2033595
          ]
        ]
      },
      "id": "way/1027276530"
    },
    {
      "type": "Feature",
      "properties": {
        "@id": "way/1027276531",
        "highway": "residential",
        "source": "maxar"
      },
      "geometry": {
        "type": "LineString",
        "coordinates": [
          [
            35.9647536,
            -0.20344
          ],
          [
            35.964421,
            -0.2034614
          ],
          [
            35.9640078,
            -0.2033595
          ],
          [
            35.9634553,
            -0.2033809
          ],
          [
            35.9634177,
            -0.203397
          ],
          [
            35.9633963,
            -0.2034507
          ],
          [
            35.9633855,
            -0.203947
          ]
        ]
      },
      "id": "way/1027276531"
    },
    {
      "type": "Feature",
      "properties": {
        "@id": "way/1027276579",
        "highway": "residential",
        "source": "maxar"
      },
      "geometry": {
        "type": "LineString",
        "coordinates": [
          [
            35.9665507,
            -0.20373
          ],
          [
            35.9663844,
            -0.2032359
          ],
          [
            35.9662771,
            -0.2029892
          ],
          [
            35.9661162,
            -0.2025064
          ]
        ]
      },
      "id": "way/1027276579"
    },
    {
      "type": "Feature",
      "properties": {
        "@id": "way/1027276580",
        "highway": "residential",
        "source": "maxar"
      },
      "geometry": {
        "type": "LineString",
        "coordinates": [
          [
            35.9681466,
            -0.2036206
          ],
          [
            35.9684336,
            -0.2036226
          ],
          [
            35.9691954,
            -0.2036548
          ]
        ]
      },
      "id": "way/1027276580"
    },
    {
      "type": "Feature",
      "properties": {
        "@id": "way/1027335633",
        "highway": "residential",
        "source": "maxar"
      },
      "geometry": {
        "type": "LineString",
        "coordinates": [
          [
            35.9546031,
            -0.2157118
          ],
          [
            35.9553341,
            -0.216019
          ],
          [
            35.9563897,
            -0.2165784
          ]
        ]
      },
      "id": "way/1027335633"
    },
    {
      "type": "Feature",
      "properties": {
        "@id": "way/1027335759",
        "highway": "residential",
        "source": "maxar"
      },
      "geometry": {
        "type": "LineString",
        "coordinates": [
          [
            35.9539253,
            -0.2170094
          ],
          [
            35.9557902,
            -0.2178541
          ]
        ]
      },
      "id": "way/1027335759"
    },
    {
      "type": "Feature",
      "properties": {
        "@id": "way/1027335760",
        "highway": "residential",
        "source": "maxar"
      },
      "geometry": {
        "type": "LineString",
        "coordinates": [
          [
            35.9539253,
            -0.2170094
          ],
          [
            35.9536023,
            -0.217203
          ],
          [
            35.9532349,
            -0.2174043
          ],
          [
            35.9530072,
            -0.2175508
          ],
          [
            35.9528878,
            -0.2176213
          ],
          [
            35.9525321,
            -0.2178433
          ]
        ]
      },
      "id": "way/1027335760"
    },
    {
      "type": "Feature",
      "properties": {
        "@id": "way/1027335761",
        "highway": "residential",
        "source": "maxar"
      },
      "geometry": {
        "type": "LineString",
        "coordinates": [
          [
            35.9539253,
            -0.2170094
          ],
          [
            35.9538738,
            -0.2169818
          ],
          [
            35.9522984,
            -0.2161865
          ]
        ]
      },
      "id": "way/1027335761"
    },
    {
      "type": "Feature",
      "properties": {
        "@id": "way/1027335922",
        "highway": "residential",
        "source": "maxar"
      },
      "geometry": {
        "type": "LineString",
        "coordinates": [
          [
            35.9608229,
            -0.2075066
          ],
          [
            35.9604401,
            -0.207292
          ],
          [
            35.9603919,
            -0.2072276
          ],
          [
            35.9603972,
            -0.2071418
          ],
          [
            35.9603597,
            -0.2070666
          ],
          [
            35.9593457,
            -0.2065516
          ]
        ]
      },
      "id": "way/1027335922"
    },
    {
      "type": "Feature",
      "properties": {
        "@id": "way/1027336011",
        "highway": "residential",
        "source": "maxar"
      },
      "geometry": {
        "type": "LineString",
        "coordinates": [
          [
            35.9603327,
            -0.204787
          ],
          [
            35.9606386,
            -0.2047651
          ],
          [
            35.960923,
            -0.2047383
          ],
          [
            35.9609659,
            -0.204749
          ],
          [
            35.9610893,
            -0.2047168
          ],
          [
            35.9611912,
            -0.2045827
          ],
          [
            35.9612342,
            -0.2045559
          ],
          [
            35.9613415,
            -0.2044164
          ],
          [
            35.9615614,
            -0.2041247
          ]
        ]
      },
      "id": "way/1027336011"
    },
    {
      "type": "Feature",
      "properties": {
        "@id": "way/1027338539",
        "highway": "residential",
        "noname": "yes",
        "source": "maxar"
      },
      "geometry": {
        "type": "LineString",
        "coordinates": [
          [
            36.0135698,
            -0.2670022
          ],
          [
            36.0134505,
            -0.2669904
          ],
          [
            36.013075,
            -0.2672932
          ],
          [
            36.0129837,
            -0.2673536
          ]
        ]
      },
      "id": "way/1027338539"
    },
    {
      "type": "Feature",
      "properties": {
        "@id": "way/1027460223",
        "highway": "residential",
        "source": "maxar"
      },
      "geometry": {
        "type": "LineString",
        "coordinates": [
          [
            36.0169816,
            -0.2491282
          ],
          [
            36.0161007,
            -0.2484415
          ],
          [
            36.014117,
            -0.2472265
          ]
        ]
      },
      "id": "way/1027460223"
    },
    {
      "type": "Feature",
      "properties": {
        "@id": "way/1027460239",
        "highway": "residential",
        "source": "maxar"
      },
      "geometry": {
        "type": "LineString",
        "coordinates": [
          [
            36.0136919,
            -0.2521416
          ],
          [
            36.0137616,
            -0.252685
          ]
        ]
      },
      "id": "way/1027460239"
    },
    {
      "type": "Feature",
      "properties": {
        "@id": "way/1027460265",
        "highway": "residential",
        "source": "maxar"
      },
      "geometry": {
        "type": "LineString",
        "coordinates": [
          [
            36.0165144,
            -0.2491858
          ],
          [
            36.0167553,
            -0.2509305
          ],
          [
            36.0169162,
            -0.2524004
          ],
          [
            36.0169662,
            -0.252685
          ]
        ]
      },
      "id": "way/1027460265"
    },
    {
      "type": "Feature",
      "properties": {
        "@id": "way/1027467687",
        "highway": "residential",
        "source": "maxar"
      },
      "geometry": {
        "type": "LineString",
        "coordinates": [
          [
            35.9576602,
            -0.2342956
          ],
          [
            35.9569645,
            -0.2353042
          ],
          [
            35.9564817,
            -0.2360606
          ],
          [
            35.9559142,
            -0.2368084
          ]
        ]
      },
      "id": "way/1027467687"
    },
    {
      "type": "Feature",
      "properties": {
        "@id": "way/1027467697",
        "highway": "residential",
        "source": "maxar"
      },
      "geometry": {
        "type": "LineString",
        "coordinates": [
          [
            35.9523561,
            -0.2343132
          ],
          [
            35.9533218,
            -0.2329169
          ],
          [
            35.9541265,
            -0.2317956
          ],
          [
            35.9552156,
            -0.2300896
          ],
          [
            35.9559774,
            -0.2289952
          ],
          [
            35.956192,
            -0.2288075
          ]
        ]
      },
      "id": "way/1027467697"
    },
    {
      "type": "Feature",
      "properties": {
        "@id": "way/1027467698",
        "highway": "residential",
        "source": "maxar"
      },
      "geometry": {
        "type": "LineString",
        "coordinates": [
          [
            35.963256,
            -0.2402233
          ],
          [
            35.964152,
            -0.2388983
          ],
          [
            35.9639594,
            -0.238732
          ],
          [
            35.9613621,
            -0.2368812
          ],
          [
            35.9613084,
            -0.2368437
          ],
          [
            35.9612333,
            -0.2368061
          ],
          [
            35.9607344,
            -0.2364575
          ],
          [
            35.9579928,
            -0.2345317
          ],
          [
            35.9576602,
            -0.2342956
          ],
          [
            35.9541265,
            -0.2317956
          ]
        ]
      },
      "id": "way/1027467698"
    },
    {
      "type": "Feature",
      "properties": {
        "@id": "way/1027467699",
        "highway": "residential",
        "source": "maxar"
      },
      "geometry": {
        "type": "LineString",
        "coordinates": [
          [
            35.9576602,
            -0.2342956
          ],
          [
            35.9577691,
            -0.2341401
          ],
          [
            35.9579086,
            -0.2339041
          ],
          [
            35.9582519,
            -0.2334159
          ]
        ]
      },
      "id": "way/1027467699"
    },
    {
      "type": "Feature",
      "properties": {
        "@id": "way/1027467820",
        "highway": "residential",
        "source": "maxar"
      },
      "geometry": {
        "type": "LineString",
        "coordinates": [
          [
            35.963256,
            -0.2402233
          ],
          [
            35.9624992,
            -0.2413574
          ]
        ]
      },
      "id": "way/1027467820"
    },
    {
      "type": "Feature",
      "properties": {
        "@id": "way/1027467821",
        "highway": "residential",
        "source": "maxar"
      },
      "geometry": {
        "type": "LineString",
        "coordinates": [
          [
            35.963256,
            -0.2402233
          ],
          [
            35.9652464,
            -0.2416421
          ]
        ]
      },
      "id": "way/1027467821"
    },
    {
      "type": "Feature",
      "properties": {
        "@id": "way/1027467829",
        "highway": "residential",
        "source": "maxar"
      },
      "geometry": {
        "type": "LineString",
        "coordinates": [
          [
            35.9518532,
            -0.241699
          ],
          [
            35.9539926,
            -0.2377949
          ]
        ]
      },
      "id": "way/1027467829"
    },
    {
      "type": "Feature",
      "properties": {
        "@id": "way/1027467835",
        "highway": "unclassified",
        "source": "maxar"
      },
      "geometry": {
        "type": "LineString",
        "coordinates": [
          [
            35.9503958,
            -0.241441
          ],
          [
            35.9508685,
            -0.241699
          ]
        ]
      },
      "id": "way/1027467835"
    },
    {
      "type": "Feature",
      "properties": {
        "@id": "way/1027467851",
        "highway": "residential",
        "source": "maxar"
      },
      "geometry": {
        "type": "LineString",
        "coordinates": [
          [
            35.9497158,
            -0.2354048
          ],
          [
            35.947817,
            -0.2342426
          ]
        ]
      },
      "id": "way/1027467851"
    },
    {
      "type": "Feature",
      "properties": {
        "@id": "way/1027467852",
        "highway": "residential",
        "source": "maxar"
      },
      "geometry": {
        "type": "LineString",
        "coordinates": [
          [
            35.9670013,
            -0.2365165
          ],
          [
            35.9658151,
            -0.2357655
          ],
          [
            35.9645168,
            -0.234875
          ],
          [
            35.9639965,
            -0.2345429
          ]
        ]
      },
      "id": "way/1027467852"
    },
    {
      "type": "Feature",
      "properties": {
        "@id": "way/1027467853",
        "highway": "residential",
        "source": "maxar"
      },
      "geometry": {
        "type": "LineString",
        "coordinates": [
          [
            35.9670013,
            -0.2365165
          ],
          [
            35.9674354,
            -0.2367793
          ],
          [
            35.9688303,
            -0.2377556
          ],
          [
            35.969238,
            -0.23805
          ]
        ]
      },
      "id": "way/1027467853"
    },
    {
      "type": "Feature",
      "properties": {
        "@id": "way/1027467854",
        "highway": "residential",
        "source": "maxar"
      },
      "geometry": {
        "type": "LineString",
        "coordinates": [
          [
            35.9639594,
            -0.238732
          ],
          [
            35.9658049,
            -0.2378415
          ],
          [
            35.9659659,
            -0.2376967
          ],
          [
            35.9663843,
            -0.2372622
          ],
          [
            35.9670013,
            -0.2365165
          ],
          [
            35.9672105,
            -0.2363288
          ],
          [
            35.9672051,
            -0.2359854
          ],
          [
            35.9667384,
            -0.2336144
          ],
          [
            35.966674,
            -0.2329385
          ],
          [
            35.9665882,
            -0.2319675
          ],
          [
            35.966379,
            -0.231195
          ],
          [
            35.9661912,
            -0.2308195
          ],
          [
            35.9657781,
            -0.2302616
          ],
          [
            35.9645603,
            -0.2287918
          ],
          [
            35.9631761,
            -0.2274346
          ],
          [
            35.9631225,
            -0.2273273
          ]
        ]
      },
      "id": "way/1027467854"
    },
    {
      "type": "Feature",
      "properties": {
        "@id": "way/1027467859",
        "highway": "residential",
        "source": "maxar"
      },
      "geometry": {
        "type": "LineString",
        "coordinates": [
          [
            35.966674,
            -0.2329385
          ],
          [
            35.969238,
            -0.2326141
          ]
        ]
      },
      "id": "way/1027467859"
    },
    {
      "type": "Feature",
      "properties": {
        "@id": "way/1027467920",
        "highway": "residential",
        "source": "maxar"
      },
      "geometry": {
        "type": "LineString",
        "coordinates": [
          [
            35.9619252,
            -0.2168052
          ],
          [
            35.9618662,
            -0.2168816
          ],
          [
            35.9618622,
            -0.2169982
          ],
          [
            35.9617469,
            -0.2171806
          ],
          [
            35.961716,
            -0.2173161
          ],
          [
            35.9634692,
            -0.2225322
          ],
          [
            35.9634957,
            -0.2225557
          ],
          [
            35.96355,
            -0.2225591
          ],
          [
            35.9636217,
            -0.2224726
          ],
          [
            35.9641208,
            -0.2215767
          ],
          [
            35.9645608,
            -0.2208042
          ],
          [
            35.964652,
            -0.2207345
          ],
          [
            35.964947,
            -0.2207935
          ]
        ]
      },
      "id": "way/1027467920"
    },
    {
      "type": "Feature",
      "properties": {
        "@id": "way/1027467940",
        "highway": "residential",
        "source": "maxar"
      },
      "geometry": {
        "type": "LineString",
        "coordinates": [
          [
            35.9578657,
            -0.2227929
          ],
          [
            35.9587884,
            -0.221169
          ]
        ]
      },
      "id": "way/1027467940"
    },
    {
      "type": "Feature",
      "properties": {
        "@id": "way/1027506806",
        "highway": "residential",
        "source": "maxar"
      },
      "geometry": {
        "type": "LineString",
        "coordinates": [
          [
            36.0137616,
            -0.252685
          ],
          [
            36.0138804,
            -0.2536063
          ]
        ]
      },
      "id": "way/1027506806"
    },
    {
      "type": "Feature",
      "properties": {
        "@id": "way/1027506818",
        "highway": "residential",
        "source": "maxar"
      },
      "geometry": {
        "type": "LineString",
        "coordinates": [
          [
            36.0169662,
            -0.252685
          ],
          [
            36.0170567,
            -0.2531997
          ]
        ]
      },
      "id": "way/1027506818"
    },
    {
      "type": "Feature",
      "properties": {
        "@id": "way/1027526075",
        "highway": "residential",
        "source": "maxar"
      },
      "geometry": {
        "type": "LineString",
        "coordinates": [
          [
            36.0160683,
            -0.2611228
          ],
          [
            36.0160026,
            -0.2612061
          ]
        ]
      },
      "id": "way/1027526075"
    },
    {
      "type": "Feature",
      "properties": {
        "@id": "way/1027526249",
        "highway": "residential",
        "source": "maxar"
      },
      "geometry": {
        "type": "LineString",
        "coordinates": [
          [
            36.0145066,
            -0.262638
          ],
          [
            36.0142292,
            -0.2625127
          ]
        ]
      },
      "id": "way/1027526249"
    },
    {
      "type": "Feature",
      "properties": {
        "@id": "way/1027526265",
        "highway": "residential",
        "source": "maxar"
      },
      "geometry": {
        "type": "LineString",
        "coordinates": [
          [
            36.0140194,
            -0.2611374
          ],
          [
            36.013317,
            -0.2606346
          ]
        ]
      },
      "id": "way/1027526265"
    },
    {
      "type": "Feature",
      "properties": {
        "@id": "way/1027572809",
        "highway": "residential",
        "source": "maxar"
      },
      "geometry": {
        "type": "LineString",
        "coordinates": [
          [
            35.959621,
            -0.2465479
          ],
          [
            35.9602593,
            -0.2452122
          ]
        ]
      },
      "id": "way/1027572809"
    },
    {
      "type": "Feature",
      "properties": {
        "@id": "way/1027572814",
        "highway": "residential",
        "source": "maxar"
      },
      "geometry": {
        "type": "LineString",
        "coordinates": [
          [
            35.9475201,
            -0.2502386
          ],
          [
            35.9468948,
            -0.2542843
          ]
        ]
      },
      "id": "way/1027572814"
    },
    {
      "type": "Feature",
      "properties": {
        "@id": "way/1027572822",
        "highway": "residential",
        "source": "maxar"
      },
      "geometry": {
        "type": "LineString",
        "coordinates": [
          [
            35.9493129,
            -0.2495667
          ],
          [
            35.9493974,
            -0.2487902
          ],
          [
            35.9494993,
            -0.2481143
          ],
          [
            35.9496334,
            -0.2472667
          ]
        ]
      },
      "id": "way/1027572822"
    },
    {
      "type": "Feature",
      "properties": {
        "@id": "way/1027572851",
        "highway": "residential",
        "source": "maxar"
      },
      "geometry": {
        "type": "LineString",
        "coordinates": [
          [
            35.9492419,
            -0.2452712
          ],
          [
            35.9491936,
            -0.2453302
          ],
          [
            35.9488879,
            -0.2459417
          ]
        ]
      },
      "id": "way/1027572851"
    },
    {
      "type": "Feature",
      "properties": {
        "@id": "way/1027572860",
        "highway": "residential",
        "source": "maxar"
      },
      "geometry": {
        "type": "LineString",
        "coordinates": [
          [
            35.9487377,
            -0.2449815
          ],
          [
            35.9483944,
            -0.2456091
          ]
        ]
      },
      "id": "way/1027572860"
    },
    {
      "type": "Feature",
      "properties": {
        "@id": "way/1027572868",
        "highway": "residential",
        "source": "maxar"
      },
      "geometry": {
        "type": "LineString",
        "coordinates": [
          [
            35.955362,
            -0.2451692
          ],
          [
            35.9542946,
            -0.2445792
          ],
          [
            35.9535812,
            -0.244209
          ]
        ]
      },
      "id": "way/1027572868"
    },
    {
      "type": "Feature",
      "properties": {
        "@id": "way/1027572873",
        "highway": "residential",
        "source": "maxar"
      },
      "geometry": {
        "type": "LineString",
        "coordinates": [
          [
            35.969238,
            -0.2478979
          ],
          [
            35.9690936,
            -0.2481679
          ],
          [
            35.9690453,
            -0.2482323
          ],
          [
            35.9690346,
            -0.2482752
          ],
          [
            35.9688629,
            -0.2485595
          ],
          [
            35.9688415,
            -0.2486293
          ],
          [
            35.9687342,
            -0.2488009
          ],
          [
            35.9686162,
            -0.249053
          ],
          [
            35.9682193,
            -0.2497397
          ],
          [
            35.9678605,
            -0.2504734
          ]
        ]
      },
      "id": "way/1027572873"
    },
    {
      "type": "Feature",
      "properties": {
        "@id": "way/1027572883",
        "highway": "residential",
        "source": "maxar"
      },
      "geometry": {
        "type": "LineString",
        "coordinates": [
          [
            35.9556544,
            -0.2443767
          ],
          [
            35.955362,
            -0.2451692
          ],
          [
            35.9550094,
            -0.2461349
          ],
          [
            35.9546378,
            -0.2471972
          ]
        ]
      },
      "id": "way/1027572883"
    },
    {
      "type": "Feature",
      "properties": {
        "@id": "way/1027572934",
        "highway": "residential",
        "source": "maxar"
      },
      "geometry": {
        "type": "LineString",
        "coordinates": [
          [
            35.9550094,
            -0.2461349
          ],
          [
            35.9531749,
            -0.2450982
          ]
        ]
      },
      "id": "way/1027572934"
    },
    {
      "type": "Feature",
      "properties": {
        "@id": "way/1027572941",
        "highway": "residential",
        "source": "maxar"
      },
      "geometry": {
        "type": "LineString",
        "coordinates": [
          [
            35.9516288,
            -0.2421115
          ],
          [
            35.9518532,
            -0.241699
          ]
        ]
      },
      "id": "way/1027572941"
    },
    {
      "type": "Feature",
      "properties": {
        "@id": "way/1027572960",
        "highway": "residential",
        "source": "maxar"
      },
      "geometry": {
        "type": "LineString",
        "coordinates": [
          [
            35.9581822,
            -0.2456936
          ],
          [
            35.9585589,
            -0.2448366
          ],
          [
            35.9588807,
            -0.244268
          ]
        ]
      },
      "id": "way/1027572960"
    },
    {
      "type": "Feature",
      "properties": {
        "@id": "way/1027572971",
        "highway": "residential",
        "source": "maxar"
      },
      "geometry": {
        "type": "LineString",
        "coordinates": [
          [
            35.9493129,
            -0.2495667
          ],
          [
            35.9501765,
            -0.2497196
          ],
          [
            35.9503174,
            -0.2497544
          ],
          [
            35.9525372,
            -0.2500306
          ]
        ]
      },
      "id": "way/1027572971"
    },
    {
      "type": "Feature",
      "properties": {
        "@id": "way/1027572973",
        "highway": "service",
        "source": "maxar"
      },
      "geometry": {
        "type": "LineString",
        "coordinates": [
          [
            35.9546268,
            -0.2474884
          ],
          [
            35.9544717,
            -0.2481304
          ],
          [
            35.9538917,
            -0.2499804
          ],
          [
            35.9538561,
            -0.2500106
          ],
          [
            35.9532675,
            -0.2499181
          ],
          [
            35.9525312,
            -0.2497931
          ]
        ]
      },
      "id": "way/1027572973"
    },
    {
      "type": "Feature",
      "properties": {
        "@id": "way/1027572978",
        "highway": "residential",
        "source": "maxar"
      },
      "geometry": {
        "type": "LineString",
        "coordinates": [
          [
            35.9493129,
            -0.2495667
          ],
          [
            35.9492633,
            -0.2495734
          ],
          [
            35.9486518,
            -0.249509
          ],
          [
            35.9480189,
            -0.24945
          ],
          [
            35.9476595,
            -0.249391
          ],
          [
            35.9475737,
            -0.2493642
          ],
          [
            35.9468566,
            -0.2490052
          ]
        ]
      },
      "id": "way/1027572978"
    },
    {
      "type": "Feature",
      "properties": {
        "@id": "way/1027572983",
        "highway": "service",
        "source": "maxar"
      },
      "geometry": {
        "type": "LineString",
        "coordinates": [
          [
            35.95356,
            -0.2473788
          ],
          [
            35.9535759,
            -0.2477441
          ],
          [
            35.9534364,
            -0.2488975
          ],
          [
            35.9532675,
            -0.2499181
          ],
          [
            35.9531773,
            -0.25056
          ]
        ]
      },
      "id": "way/1027572983"
    },
    {
      "type": "Feature",
      "properties": {
        "@id": "way/1027573000",
        "highway": "service",
        "source": "maxar"
      },
      "geometry": {
        "type": "LineString",
        "coordinates": [
          [
            35.957277,
            -0.2500562
          ],
          [
            35.9574164,
            -0.2497343
          ],
          [
            35.9574486,
            -0.2497021
          ],
          [
            35.9575237,
            -0.2495197
          ],
          [
            35.9575827,
            -0.2494339
          ],
          [
            35.9576953,
            -0.2491711
          ],
          [
            35.9583115,
            -0.247942
          ]
        ]
      },
      "id": "way/1027573000"
    },
    {
      "type": "Feature",
      "properties": {
        "@id": "way/1027573026",
        "highway": "service",
        "source": "maxar"
      },
      "geometry": {
        "type": "LineString",
        "coordinates": [
          [
            35.9475201,
            -0.2502386
          ],
          [
            35.9475844,
            -0.2499167
          ],
          [
            35.9476595,
            -0.249391
          ],
          [
            35.9480615,
            -0.2467963
          ]
        ]
      },
      "id": "way/1027573026"
    },
    {
      "type": "Feature",
      "properties": {
        "@id": "way/1027573036",
        "highway": "service",
        "source": "maxar"
      },
      "geometry": {
        "type": "LineString",
        "coordinates": [
          [
            35.9647001,
            -0.2500381
          ],
          [
            35.9642627,
            -0.2508179
          ]
        ]
      },
      "id": "way/1027573036"
    },
    {
      "type": "Feature",
      "properties": {
        "@id": "way/1027573057",
        "highway": "residential",
        "source": "maxar"
      },
      "geometry": {
        "type": "LineString",
        "coordinates": [
          [
            35.9500625,
            -0.2449547
          ],
          [
            35.9482978,
            -0.2439354
          ],
          [
            35.9478687,
            -0.2437048
          ],
          [
            35.9477454,
            -0.2436565
          ]
        ]
      },
      "id": "way/1027573057"
    },
    {
      "type": "Feature",
      "properties": {
        "@id": "way/1027573064",
        "highway": "residential",
        "source": "maxar"
      },
      "geometry": {
        "type": "LineString",
        "coordinates": [
          [
            35.9492419,
            -0.2452712
          ],
          [
            35.9487377,
            -0.2449815
          ],
          [
            35.9477883,
            -0.244445
          ],
          [
            35.9476756,
            -0.2444343
          ]
        ]
      },
      "id": "way/1027573064"
    },
    {
      "type": "Feature",
      "properties": {
        "@id": "way/1027573067",
        "highway": "residential",
        "source": "maxar"
      },
      "geometry": {
        "type": "LineString",
        "coordinates": [
          [
            35.9475201,
            -0.2502386
          ],
          [
            35.9463471,
            -0.2495094
          ]
        ]
      },
      "id": "way/1027573067"
    },
    {
      "type": "Feature",
      "properties": {
        "@id": "way/1027573090",
        "highway": "residential",
        "source": "maxar"
      },
      "geometry": {
        "type": "LineString",
        "coordinates": [
          [
            35.9647274,
            -0.2437471
          ],
          [
            35.9640193,
            -0.2450512
          ],
          [
            35.9636439,
            -0.2457915
          ],
          [
            35.9635741,
            -0.2458827
          ],
          [
            35.9621836,
            -0.2485099
          ],
          [
            35.962083,
            -0.2486667
          ]
        ]
      },
      "id": "way/1027573090"
    },
    {
      "type": "Feature",
      "properties": {
        "@id": "way/1027573094",
        "highway": "unclassified",
        "source": "maxar"
      },
      "geometry": {
        "type": "LineString",
        "coordinates": [
          [
            35.9556544,
            -0.2443767
          ],
          [
            35.9534338,
            -0.2431174
          ],
          [
            35.9516288,
            -0.2421115
          ],
          [
            35.9508685,
            -0.241699
          ]
        ]
      },
      "id": "way/1027573094"
    },
    {
      "type": "Feature",
      "properties": {
        "@id": "way/1027573101",
        "highway": "residential",
        "source": "maxar"
      },
      "geometry": {
        "type": "LineString",
        "coordinates": [
          [
            35.9492419,
            -0.2452712
          ],
          [
            35.9497461,
            -0.2455501
          ]
        ]
      },
      "id": "way/1027573101"
    },
    {
      "type": "Feature",
      "properties": {
        "@id": "way/1027573102",
        "highway": "residential",
        "source": "maxar"
      },
      "geometry": {
        "type": "LineString",
        "coordinates": [
          [
            35.9569485,
            -0.2450606
          ],
          [
            35.9566501,
            -0.2457358
          ],
          [
            35.9561345,
            -0.2471111
          ]
        ]
      },
      "id": "way/1027573102"
    },
    {
      "type": "Feature",
      "properties": {
        "@id": "way/1027573105",
        "highway": "residential",
        "source": "maxar"
      },
      "geometry": {
        "type": "LineString",
        "coordinates": [
          [
            35.9556544,
            -0.2443767
          ],
          [
            35.9569485,
            -0.2450606
          ],
          [
            35.9581822,
            -0.2456936
          ],
          [
            35.9588836,
            -0.2461737
          ],
          [
            35.959621,
            -0.2465479
          ],
          [
            35.9604511,
            -0.2470669
          ],
          [
            35.9609392,
            -0.2474907
          ],
          [
            35.9621836,
            -0.2485099
          ]
        ]
      },
      "id": "way/1027573105"
    },
    {
      "type": "Feature",
      "properties": {
        "@id": "way/1027573111",
        "highway": "service",
        "source": "maxar"
      },
      "geometry": {
        "type": "LineString",
        "coordinates": [
          [
            35.9486518,
            -0.249509
          ],
          [
            35.9488074,
            -0.248404
          ],
          [
            35.949006,
            -0.2468796
          ]
        ]
      },
      "id": "way/1027573111"
    },
    {
      "type": "Feature",
      "properties": {
        "@id": "way/1027573132",
        "highway": "residential",
        "source": "maxar"
      },
      "geometry": {
        "type": "LineString",
        "coordinates": [
          [
            35.9516288,
            -0.2421115
          ],
          [
            35.9511192,
            -0.2430289
          ],
          [
            35.9507652,
            -0.2437048
          ],
          [
            35.9500625,
            -0.2449547
          ],
          [
            35.9497461,
            -0.2455501
          ],
          [
            35.9492955,
            -0.2464191
          ],
          [
            35.9492248,
            -0.2466152
          ]
        ]
      },
      "id": "way/1027573132"
    },
    {
      "type": "Feature",
      "properties": {
        "@id": "way/1027586412",
        "highway": "residential",
        "source": "maxar"
      },
      "geometry": {
        "type": "LineString",
        "coordinates": [
          [
            35.9646655,
            -0.1995736
          ],
          [
            35.9645817,
            -0.1995345
          ],
          [
            35.9638575,
            -0.1990141
          ],
          [
            35.9631976,
            -0.1984938
          ],
          [
            35.9626695,
            -0.1981907
          ],
          [
            35.959877,
            -0.1961603
          ],
          [
            35.9596946,
            -0.1960691
          ],
          [
            35.95948,
            -0.195876
          ],
          [
            35.9583642,
            -0.1951249
          ],
          [
            35.957479,
            -0.1944973
          ],
          [
            35.9571733,
            -0.1942559
          ],
          [
            35.9567817,
            -0.193993
          ],
          [
            35.9565403,
            -0.1937463
          ],
          [
            35.9564437,
            -0.1933976
          ]
        ]
      },
      "id": "way/1027586412"
    },
    {
      "type": "Feature",
      "properties": {
        "@id": "way/1027586484",
        "highway": "residential",
        "source": "maxar"
      },
      "geometry": {
        "type": "LineString",
        "coordinates": [
          [
            35.9548665,
            -0.2100701
          ],
          [
            35.9552025,
            -0.210211
          ],
          [
            35.9564169,
            -0.210848
          ],
          [
            35.9586238,
            -0.2119937
          ]
        ]
      },
      "id": "way/1027586484"
    },
    {
      "type": "Feature",
      "properties": {
        "@id": "way/1027586557",
        "highway": "residential",
        "source": "maxar"
      },
      "geometry": {
        "type": "LineString",
        "coordinates": [
          [
            35.959877,
            -0.2094747
          ],
          [
            35.9591313,
            -0.209126
          ]
        ]
      },
      "id": "way/1027586557"
    },
    {
      "type": "Feature",
      "properties": {
        "@id": "way/1027586654",
        "highway": "residential",
        "source": "maxar"
      },
      "geometry": {
        "type": "LineString",
        "coordinates": [
          [
            35.963469,
            -0.2169178
          ],
          [
            35.9624587,
            -0.2162137
          ]
        ]
      },
      "id": "way/1027586654"
    },
    {
      "type": "Feature",
      "properties": {
        "@id": "way/1027586658",
        "highway": "residential",
        "source": "maxar"
      },
      "geometry": {
        "type": "LineString",
        "coordinates": [
          [
            35.953858,
            -0.2049632
          ],
          [
            35.9537351,
            -0.204746
          ]
        ]
      },
      "id": "way/1027586658"
    },
    {
      "type": "Feature",
      "properties": {
        "@id": "way/1027599387",
        "highway": "track",
        "source": "maxar"
      },
      "geometry": {
        "type": "LineString",
        "coordinates": [
          [
            35.991211,
            -0.2067067
          ],
          [
            35.9919834,
            -0.2069427
          ],
          [
            35.9930563,
            -0.2073826
          ],
          [
            35.9937,
            -0.2077152
          ],
          [
            35.9942311,
            -0.2080424
          ],
          [
            35.9951269,
            -0.2086862
          ],
          [
            35.9957707,
            -0.2092119
          ],
          [
            35.9964359,
            -0.2098931
          ],
          [
            35.9971601,
            -0.2107944
          ],
          [
            35.9972352,
            -0.2109285
          ],
          [
            35.9973049,
            -0.2110358
          ],
          [
            35.9974605,
            -0.2112718
          ],
          [
            35.9975141,
            -0.2113308
          ],
          [
            35.9975356,
            -0.2113844
          ],
          [
            35.997777,
            -0.2117385
          ],
          [
            35.9981149,
            -0.2123554
          ],
          [
            35.9986675,
            -0.213734
          ],
          [
            35.999102,
            -0.2150751
          ],
          [
            36.0009862,
            -0.220524
          ],
          [
            36.0010426,
            -0.22065
          ],
          [
            36.0011432,
            -0.2207922
          ],
          [
            36.0015871,
            -0.2212294
          ],
          [
            36.0017681,
            -0.221393
          ],
          [
            36.001858,
            -0.2214748
          ],
          [
            36.0019921,
            -0.221629
          ],
          [
            36.0021409,
            -0.2218664
          ],
          [
            36.0022885,
            -0.2221588
          ],
          [
            36.0023436,
            -0.2223055
          ]
        ]
      },
      "id": "way/1027599387"
    },
    {
      "type": "Feature",
      "properties": {
        "@id": "way/1028112735",
        "highway": "residential",
        "source": "maxar"
      },
      "geometry": {
        "type": "LineString",
        "coordinates": [
          [
            35.9765181,
            -0.2531252
          ],
          [
            35.9765718,
            -0.2528885
          ],
          [
            35.9765252,
            -0.252685
          ]
        ]
      },
      "id": "way/1028112735"
    },
    {
      "type": "Feature",
      "properties": {
        "@id": "way/1029681865",
        "highway": "residential",
        "source": "maxar"
      },
      "geometry": {
        "type": "LineString",
        "coordinates": [
          [
            35.9457002,
            -0.2980988
          ],
          [
            35.9464733,
            -0.2987098
          ],
          [
            35.9468489,
            -0.2990048
          ],
          [
            35.9469562,
            -0.2990638
          ],
          [
            35.947262,
            -0.2992945
          ]
        ]
      },
      "id": "way/1029681865"
    },
    {
      "type": "Feature",
      "properties": {
        "@id": "way/1029681927",
        "highway": "residential",
        "source": "maxar"
      },
      "geometry": {
        "type": "LineString",
        "coordinates": [
          [
            35.9453398,
            -0.2986117
          ],
          [
            35.9464626,
            -0.2994179
          ]
        ]
      },
      "id": "way/1029681927"
    },
    {
      "type": "Feature",
      "properties": {
        "@id": "way/1029681992",
        "highway": "residential",
        "source": "maxar"
      },
      "geometry": {
        "type": "LineString",
        "coordinates": [
          [
            35.931193,
            -0.2871926
          ],
          [
            35.9426533,
            -0.2952712
          ],
          [
            35.9436673,
            -0.2959632
          ],
          [
            35.9443111,
            -0.2964299
          ],
          [
            35.9443648,
            -0.2964675
          ],
          [
            35.9444452,
            -0.2965211
          ],
          [
            35.9449549,
            -0.2968591
          ],
          [
            35.9450623,
            -0.2969503
          ],
          [
            35.9460962,
            -0.2975522
          ]
        ]
      },
      "id": "way/1029681992"
    },
    {
      "type": "Feature",
      "properties": {
        "@id": "way/1029682006",
        "highway": "residential",
        "source": "maxar"
      },
      "geometry": {
        "type": "LineString",
        "coordinates": [
          [
            35.9396897,
            -0.297343
          ],
          [
            35.9401859,
            -0.297689
          ],
          [
            35.9405829,
            -0.2979653
          ],
          [
            35.9407814,
            -0.2981222
          ],
          [
            35.9407894,
            -0.2981852
          ],
          [
            35.9406795,
            -0.2983595
          ],
          [
            35.9403542,
            -0.298801
          ],
          [
            35.9398284,
            -0.2995064
          ],
          [
            35.9393987,
            -0.3001056
          ],
          [
            35.9392838,
            -0.3001716
          ]
        ]
      },
      "id": "way/1029682006"
    },
    {
      "type": "Feature",
      "properties": {
        "@id": "way/1029683823",
        "highway": "residential",
        "source": "maxar"
      },
      "geometry": {
        "type": "LineString",
        "coordinates": [
          [
            35.9446156,
            -0.2745765
          ],
          [
            35.9443689,
            -0.2744049
          ],
          [
            35.9441919,
            -0.2743727
          ],
          [
            35.9439719,
            -0.2748072
          ],
          [
            35.9436393,
            -0.2753973
          ],
          [
            35.9434998,
            -0.2755475
          ],
          [
            35.9433872,
            -0.2755583
          ],
          [
            35.9432316,
            -0.2754992
          ],
          [
            35.9428132,
            -0.2752364
          ],
          [
            35.9408659,
            -0.2738148
          ],
          [
            35.9401417,
            -0.2733427
          ],
          [
            35.9399808,
            -0.2731978
          ],
          [
            35.9395999,
            -0.2729189
          ],
          [
            35.9389884,
            -0.2725487
          ],
          [
            35.9388006,
            -0.2724039
          ],
          [
            35.9381462,
            -0.2719747
          ],
          [
            35.9373213,
            -0.2713889
          ],
          [
            35.9320948,
            -0.2677084
          ]
        ]
      },
      "id": "way/1029683823"
    },
    {
      "type": "Feature",
      "properties": {
        "@id": "way/1029683833",
        "highway": "residential",
        "source": "maxar"
      },
      "geometry": {
        "type": "LineString",
        "coordinates": [
          [
            35.9264606,
            -0.2799238
          ],
          [
            35.9258992,
            -0.2795173
          ],
          [
            35.9258455,
            -0.2794959
          ],
          [
            35.9252984,
            -0.2790989
          ],
          [
            35.9252555,
            -0.2790828
          ],
          [
            35.9252179,
            -0.2790399
          ],
          [
            35.9243971,
            -0.2784444
          ],
          [
            35.924322,
            -0.2784122
          ],
          [
            35.9239626,
            -0.2781816
          ],
          [
            35.9238339,
            -0.2780528
          ],
          [
            35.9229327,
            -0.2774305
          ],
          [
            35.9218222,
            -0.2766902
          ],
          [
            35.9215701,
            -0.2764917
          ],
          [
            35.9211302,
            -0.2761913
          ],
          [
            35.9207064,
            -0.275864
          ],
          [
            35.92017,
            -0.2755153
          ],
          [
            35.9199822,
            -0.2753759
          ],
          [
            35.9199447,
            -0.2753276
          ],
          [
            35.919773,
            -0.275231
          ],
          [
            35.9193653,
            -0.2749252
          ],
          [
            35.9191829,
            -0.2748126
          ],
          [
            35.9185231,
            -0.2743351
          ],
          [
            35.9184641,
            -0.274319
          ],
          [
            35.9183032,
            -0.2742171
          ],
          [
            35.9178901,
            -0.2739006
          ],
          [
            35.9177614,
            -0.2738255
          ],
          [
            35.9165275,
            -0.2729564
          ],
          [
            35.9163827,
            -0.2728491
          ],
          [
            35.9162432,
            -0.2727526
          ],
          [
            35.9150523,
            -0.271921
          ],
          [
            35.9140063,
            -0.2711915
          ],
          [
            35.9126437,
            -0.2702741
          ],
          [
            35.9121073,
            -0.2698771
          ],
          [
            35.9081912,
            -0.2670929
          ],
          [
            35.9074992,
            -0.2666154
          ],
          [
            35.907467,
            -0.2665779
          ],
          [
            35.907172,
            -0.2663901
          ]
        ]
      },
      "id": "way/1029683833"
    },
    {
      "type": "Feature",
      "properties": {
        "@id": "way/1029683836",
        "highway": "residential",
        "source": "maxar"
      },
      "geometry": {
        "type": "LineString",
        "coordinates": [
          [
            35.9465964,
            -0.2778523
          ],
          [
            35.9439182,
            -0.2760948
          ],
          [
            35.9438391,
            -0.2760988
          ],
          [
            35.9437546,
            -0.2761913
          ],
          [
            35.9437117,
            -0.2763228
          ],
          [
            35.9437385,
            -0.2765669
          ],
          [
            35.9437573,
            -0.2767492
          ],
          [
            35.9438297,
            -0.2773956
          ],
          [
            35.9438404,
            -0.2776022
          ],
          [
            35.9437573,
            -0.2777792
          ],
          [
            35.943355,
            -0.2780582
          ],
          [
            35.9430653,
            -0.2781708
          ],
          [
            35.9426093,
            -0.2781869
          ],
          [
            35.9418369,
            -0.2782781
          ],
          [
            35.9413112,
            -0.2782298
          ],
          [
            35.9408927,
            -0.2782406
          ],
          [
            35.9403617,
            -0.2783103
          ],
          [
            35.9401524,
            -0.2783586
          ],
          [
            35.9400237,
            -0.278423
          ],
          [
            35.9395892,
            -0.2787019
          ],
          [
            35.9390045,
            -0.2793403
          ],
          [
            35.9387952,
            -0.2794154
          ],
          [
            35.9387523,
            -0.279453
          ],
          [
            35.938055,
            -0.2796461
          ],
          [
            35.9379477,
            -0.2796461
          ],
          [
            35.9377867,
            -0.2796139
          ],
          [
            35.9376902,
            -0.2795764
          ],
          [
            35.9372127,
            -0.2792652
          ],
          [
            35.9344662,
            -0.27735
          ]
        ]
      },
      "id": "way/1029683836"
    },
    {
      "type": "Feature",
      "properties": {
        "@id": "way/1029697543",
        "highway": "residential",
        "source": "maxar"
      },
      "geometry": {
        "type": "LineString",
        "coordinates": [
          [
            35.9397122,
            -0.2493378
          ],
          [
            35.9404259,
            -0.2497292
          ]
        ]
      },
      "id": "way/1029697543"
    },
    {
      "type": "Feature",
      "properties": {
        "@id": "way/1029697544",
        "highway": "residential",
        "source": "maxar"
      },
      "geometry": {
        "type": "LineString",
        "coordinates": [
          [
            35.9397122,
            -0.2493378
          ],
          [
            35.9393421,
            -0.2491876
          ]
        ]
      },
      "id": "way/1029697544"
    },
    {
      "type": "Feature",
      "properties": {
        "@id": "way/1029697566",
        "highway": "residential",
        "source": "maxar"
      },
      "geometry": {
        "type": "LineString",
        "coordinates": [
          [
            35.9278047,
            -0.2552977
          ],
          [
            35.9281909,
            -0.2544555
          ],
          [
            35.9283089,
            -0.2541497
          ],
          [
            35.9289419,
            -0.2526692
          ]
        ]
      },
      "id": "way/1029697566"
    },
    {
      "type": "Feature",
      "properties": {
        "@id": "way/1029697594",
        "highway": "residential",
        "source": "maxar"
      },
      "geometry": {
        "type": "LineString",
        "coordinates": [
          [
            35.9399696,
            -0.2478786
          ],
          [
            35.9388969,
            -0.2477499
          ],
          [
            35.9385161,
            -0.2477338
          ]
        ]
      },
      "id": "way/1029697594"
    },
    {
      "type": "Feature",
      "properties": {
        "@id": "way/1029697604",
        "highway": "residential",
        "source": "maxar"
      },
      "geometry": {
        "type": "LineString",
        "coordinates": [
          [
            35.9400125,
            -0.2475192
          ],
          [
            35.9406133,
            -0.2475889
          ]
        ]
      },
      "id": "way/1029697604"
    },
    {
      "type": "Feature",
      "properties": {
        "@id": "way/1029697618",
        "highway": "residential",
        "source": "maxar"
      },
      "geometry": {
        "type": "LineString",
        "coordinates": [
          [
            35.9394976,
            -0.2488442
          ],
          [
            35.9393957,
            -0.2488121
          ],
          [
            35.9380816,
            -0.2486618
          ],
          [
            35.9380119,
            -0.2486726
          ],
          [
            35.9377598,
            -0.2492627
          ],
          [
            35.9377299,
            -0.2493537
          ]
        ]
      },
      "id": "way/1029697618"
    },
    {
      "type": "Feature",
      "properties": {
        "@id": "way/1029697623",
        "highway": "residential",
        "source": "maxar"
      },
      "geometry": {
        "type": "LineString",
        "coordinates": [
          [
            35.9400447,
            -0.2471973
          ],
          [
            35.9406669,
            -0.2472778
          ],
          [
            35.9415359,
            -0.2474857
          ]
        ]
      },
      "id": "way/1029697623"
    },
    {
      "type": "Feature",
      "properties": {
        "@id": "way/1029697635",
        "highway": "residential",
        "source": "maxar"
      },
      "geometry": {
        "type": "LineString",
        "coordinates": [
          [
            35.9332864,
            -0.2536401
          ],
          [
            35.9332543,
            -0.253742
          ],
          [
            35.9329164,
            -0.2543965
          ],
          [
            35.9325448,
            -0.2551829
          ]
        ]
      },
      "id": "way/1029697635"
    },
    {
      "type": "Feature",
      "properties": {
        "@id": "way/1029697641",
        "highway": "residential",
        "source": "maxar"
      },
      "geometry": {
        "type": "LineString",
        "coordinates": [
          [
            35.9381728,
            -0.2515909
          ],
          [
            35.9391686,
            -0.2523086
          ]
        ]
      },
      "id": "way/1029697641"
    },
    {
      "type": "Feature",
      "properties": {
        "@id": "way/1029697642",
        "highway": "residential",
        "source": "maxar"
      },
      "geometry": {
        "type": "LineString",
        "coordinates": [
          [
            35.9320137,
            -0.2511588
          ],
          [
            35.9328627,
            -0.251725
          ]
        ]
      },
      "id": "way/1029697642"
    },
    {
      "type": "Feature",
      "properties": {
        "@id": "way/1029697658",
        "highway": "residential",
        "source": "maxar"
      },
      "geometry": {
        "type": "LineString",
        "coordinates": [
          [
            35.9302077,
            -0.2471008
          ],
          [
            35.9310498,
            -0.2476748
          ],
          [
            35.9318972,
            -0.2482541
          ],
          [
            35.9319777,
            -0.2483239
          ],
          [
            35.932085,
            -0.2483883
          ],
          [
            35.9323693,
            -0.2485814
          ],
          [
            35.9324175,
            -0.2486136
          ],
          [
            35.9324497,
            -0.2486458
          ],
          [
            35.9325141,
            -0.2486833
          ],
          [
            35.9325784,
            -0.2487262
          ],
          [
            35.9326803,
            -0.2488067
          ],
          [
            35.9327662,
            -0.2488711
          ],
          [
            35.9329271,
            -0.2489998
          ],
          [
            35.9330223,
            -0.2490897
          ],
          [
            35.93304,
            -0.2491229
          ],
          [
            35.9330987,
            -0.2491768
          ],
          [
            35.9342519,
            -0.2499547
          ]
        ]
      },
      "id": "way/1029697658"
    },
    {
      "type": "Feature",
      "properties": {
        "@id": "way/1029697669",
        "highway": "residential",
        "source": "maxar"
      },
      "geometry": {
        "type": "LineString",
        "coordinates": [
          [
            35.9379368,
            -0.2527818
          ],
          [
            35.9385911,
            -0.2532378
          ],
          [
            35.9386771,
            -0.2533292
          ]
        ]
      },
      "id": "way/1029697669"
    },
    {
      "type": "Feature",
      "properties": {
        "@id": "way/1029697670",
        "highway": "residential",
        "source": "maxar"
      },
      "geometry": {
        "type": "LineString",
        "coordinates": [
          [
            35.9260549,
            -0.2506548
          ],
          [
            35.9274347,
            -0.2478625
          ],
          [
            35.9276814,
            -0.2474441
          ],
          [
            35.9278852,
            -0.2470149
          ],
          [
            35.9280998,
            -0.2461137
          ],
          [
            35.9281588,
            -0.2460332
          ],
          [
            35.92862,
            -0.2462693
          ],
          [
            35.9290491,
            -0.2465268
          ],
          [
            35.92921,
            -0.2466019
          ],
          [
            35.9292583,
            -0.2465965
          ],
          [
            35.9293066,
            -0.2465268
          ],
          [
            35.9293924,
            -0.2463444
          ],
          [
            35.9296284,
            -0.245824
          ],
          [
            35.9300039,
            -0.2449818
          ],
          [
            35.9301211,
            -0.2445556
          ]
        ]
      },
      "id": "way/1029697670"
    },
    {
      "type": "Feature",
      "properties": {
        "@id": "way/1029697690",
        "highway": "residential",
        "source": "maxar"
      },
      "geometry": {
        "type": "LineString",
        "coordinates": [
          [
            35.9397122,
            -0.2493378
          ],
          [
            35.9397658,
            -0.2492519
          ],
          [
            35.9403826,
            -0.2479376
          ]
        ]
      },
      "id": "way/1029697690"
    },
    {
      "type": "Feature",
      "properties": {
        "@id": "way/1029697727",
        "highway": "residential",
        "source": "maxar"
      },
      "geometry": {
        "type": "LineString",
        "coordinates": [
          [
            35.9472213,
            -0.262454
          ],
          [
            35.9438529,
            -0.2600239
          ],
          [
            35.9404845,
            -0.2575991
          ],
          [
            35.9402432,
            -0.2574167
          ],
          [
            35.9401895,
            -0.2573684
          ],
          [
            35.9401198,
            -0.2573309
          ],
          [
            35.9398623,
            -0.2571378
          ],
          [
            35.9395512,
            -0.2569071
          ],
          [
            35.9394279,
            -0.2568266
          ],
          [
            35.939385,
            -0.2567944
          ],
          [
            35.9393367,
            -0.2567515
          ],
          [
            35.9392938,
            -0.2567247
          ],
          [
            35.9390846,
            -0.2565852
          ],
          [
            35.9390149,
            -0.2565262
          ],
          [
            35.9389881,
            -0.2565048
          ],
          [
            35.9384571,
            -0.25614
          ],
          [
            35.9375862,
            -0.255564
          ]
        ]
      },
      "id": "way/1029697727"
    },
    {
      "type": "Feature",
      "properties": {
        "@id": "way/1029697728",
        "highway": "residential",
        "source": "maxar"
      },
      "geometry": {
        "type": "LineString",
        "coordinates": [
          [
            35.9399696,
            -0.2478786
          ],
          [
            35.9403826,
            -0.2479376
          ],
          [
            35.9408064,
            -0.2479859
          ],
          [
            35.9409351,
            -0.2480181
          ],
          [
            35.9411406,
            -0.2482843
          ]
        ]
      },
      "id": "way/1029697728"
    },
    {
      "type": "Feature",
      "properties": {
        "@id": "way/1029697801",
        "highway": "residential",
        "source": "maxar"
      },
      "geometry": {
        "type": "LineString",
        "coordinates": [
          [
            35.928357,
            -0.2522618
          ],
          [
            35.9270914,
            -0.255169
          ]
        ]
      },
      "id": "way/1029697801"
    },
    {
      "type": "Feature",
      "properties": {
        "@id": "way/1029697816",
        "highway": "residential",
        "source": "maxar"
      },
      "geometry": {
        "type": "LineString",
        "coordinates": [
          [
            35.9414015,
            -0.2477573
          ],
          [
            35.941509,
            -0.2478786
          ],
          [
            35.9417075,
            -0.2484151
          ],
          [
            35.9419113,
            -0.2486779
          ],
          [
            35.9421902,
            -0.2489408
          ],
          [
            35.9428338,
            -0.249327
          ],
          [
            35.9430698,
            -0.2494451
          ],
          [
            35.943102,
            -0.2494773
          ],
          [
            35.9437188,
            -0.2497616
          ],
          [
            35.9440407,
            -0.2499386
          ],
          [
            35.9444966,
            -0.2501532
          ],
          [
            35.9446039,
            -0.250239
          ],
          [
            35.944636,
            -0.2502873
          ],
          [
            35.944459,
            -0.2507433
          ]
        ]
      },
      "id": "way/1029697816"
    },
    {
      "type": "Feature",
      "properties": {
        "@id": "way/1029697819",
        "highway": "residential",
        "source": "maxar"
      },
      "geometry": {
        "type": "LineString",
        "coordinates": [
          [
            35.9262385,
            -0.2540746
          ],
          [
            35.9268446,
            -0.252653
          ],
          [
            35.9273388,
            -0.2515572
          ]
        ]
      },
      "id": "way/1029697819"
    },
    {
      "type": "Feature",
      "properties": {
        "@id": "way/1029697846",
        "highway": "residential",
        "source": "maxar"
      },
      "geometry": {
        "type": "LineString",
        "coordinates": [
          [
            35.9385911,
            -0.2480771
          ],
          [
            35.9397336,
            -0.2482166
          ],
          [
            35.939798,
            -0.2482434
          ]
        ]
      },
      "id": "way/1029697846"
    },
    {
      "type": "Feature",
      "properties": {
        "@id": "way/1029697849",
        "highway": "residential",
        "source": "maxar"
      },
      "geometry": {
        "type": "LineString",
        "coordinates": [
          [
            35.9400125,
            -0.2475192
          ],
          [
            35.9385643,
            -0.247369
          ]
        ]
      },
      "id": "way/1029697849"
    },
    {
      "type": "Feature",
      "properties": {
        "@id": "way/1029697870",
        "highway": "residential",
        "source": "maxar"
      },
      "geometry": {
        "type": "LineString",
        "coordinates": [
          [
            35.9341496,
            -0.2467678
          ],
          [
            35.9336887,
            -0.2465751
          ]
        ]
      },
      "id": "way/1029697870"
    },
    {
      "type": "Feature",
      "properties": {
        "@id": "way/1029697892",
        "highway": "residential",
        "source": "maxar"
      },
      "geometry": {
        "type": "LineString",
        "coordinates": [
          [
            35.9400447,
            -0.2471973
          ],
          [
            35.9385429,
            -0.2470364
          ]
        ]
      },
      "id": "way/1029697892"
    },
    {
      "type": "Feature",
      "properties": {
        "@id": "way/1029697933",
        "highway": "residential",
        "source": "maxar"
      },
      "geometry": {
        "type": "LineString",
        "coordinates": [
          [
            35.9394976,
            -0.2488442
          ],
          [
            35.9393421,
            -0.2491876
          ],
          [
            35.9392133,
            -0.2494665
          ],
          [
            35.9391758,
            -0.249488
          ],
          [
            35.9377299,
            -0.2493537
          ],
          [
            35.937376,
            -0.2492312
          ]
        ]
      },
      "id": "way/1029697933"
    },
    {
      "type": "Feature",
      "properties": {
        "@id": "way/1029697940",
        "highway": "residential",
        "source": "maxar"
      },
      "geometry": {
        "type": "LineString",
        "coordinates": [
          [
            35.9394976,
            -0.2488442
          ],
          [
            35.9396049,
            -0.2486565
          ],
          [
            35.939798,
            -0.2482434
          ],
          [
            35.9399696,
            -0.2478786
          ],
          [
            35.9399911,
            -0.2477982
          ],
          [
            35.9400125,
            -0.2475192
          ],
          [
            35.9400447,
            -0.2471973
          ]
        ]
      },
      "id": "way/1029697940"
    },
    {
      "type": "Feature",
      "properties": {
        "@id": "way/1029912512",
        "highway": "service",
        "source": "maxar"
      },
      "geometry": {
        "type": "LineString",
        "coordinates": [
          [
            35.9631012,
            -0.2570796
          ],
          [
            35.9639864,
            -0.2555385
          ],
          [
            35.9655582,
            -0.2526965
          ],
          [
            35.9659498,
            -0.2520367
          ],
          [
            35.9661215,
            -0.2517362
          ],
          [
            35.9664487,
            -0.2511569
          ],
          [
            35.9666579,
            -0.2508189
          ],
          [
            35.9668348,
            -0.2504543
          ]
        ]
      },
      "id": "way/1029912512"
    },
    {
      "type": "Feature",
      "properties": {
        "@id": "way/1029912587",
        "highway": "residential",
        "source": "maxar"
      },
      "geometry": {
        "type": "LineString",
        "coordinates": [
          [
            35.9633856,
            -0.2523465
          ],
          [
            35.9634204,
            -0.2522821
          ],
          [
            35.9642627,
            -0.2508179
          ]
        ]
      },
      "id": "way/1029912587"
    },
    {
      "type": "Feature",
      "properties": {
        "@id": "way/1029912672",
        "highway": "residential",
        "source": "maxar"
      },
      "geometry": {
        "type": "LineString",
        "coordinates": [
          [
            35.9647964,
            -0.2591986
          ],
          [
            35.9658157,
            -0.2604325
          ],
          [
            35.9659444,
            -0.2606257
          ],
          [
            35.9678059,
            -0.2629432
          ],
          [
            35.9680634,
            -0.2631793
          ],
          [
            35.9686696,
            -0.263646
          ]
        ]
      },
      "id": "way/1029912672"
    },
    {
      "type": "Feature",
      "properties": {
        "@id": "way/1029912677",
        "highway": "residential",
        "source": "maxar"
      },
      "geometry": {
        "type": "LineString",
        "coordinates": [
          [
            35.9620069,
            -0.2635977
          ],
          [
            35.9621034,
            -0.2633617
          ],
          [
            35.9629618,
            -0.2618649
          ],
          [
            35.9643458,
            -0.2593971
          ],
          [
            35.9644102,
            -0.2593274
          ],
          [
            35.9646516,
            -0.2594186
          ],
          [
            35.9647897,
            -0.2595299
          ],
          [
            35.964826,
            -0.2596316
          ],
          [
            35.964555,
            -0.2601375
          ],
          [
            35.9645067,
            -0.2602179
          ],
          [
            35.9634124,
            -0.2621439
          ],
          [
            35.9625433,
            -0.2636675
          ]
        ]
      },
      "id": "way/1029912677"
    },
    {
      "type": "Feature",
      "properties": {
        "@id": "way/1029912720",
        "highway": "residential",
        "source": "maxar"
      },
      "geometry": {
        "type": "LineString",
        "coordinates": [
          [
            35.9631012,
            -0.2570796
          ],
          [
            35.9596077,
            -0.2632082
          ]
        ]
      },
      "id": "way/1029912720"
    },
    {
      "type": "Feature",
      "properties": {
        "@id": "way/1029912734",
        "highway": "residential",
        "source": "maxar"
      },
      "geometry": {
        "type": "LineString",
        "coordinates": [
          [
            35.9639864,
            -0.2555385
          ],
          [
            35.9623288,
            -0.2550021
          ],
          [
            35.9617655,
            -0.2548465
          ],
          [
            35.9603975,
            -0.254428
          ],
          [
            35.9553442,
            -0.2528132
          ],
          [
            35.9529516,
            -0.2520729
          ],
          [
            35.9528926,
            -0.2520729
          ],
          [
            35.9522202,
            -0.2519121
          ]
        ]
      },
      "id": "way/1029912734"
    },
    {
      "type": "Feature",
      "properties": {
        "@id": "way/1029912743",
        "highway": "residential",
        "source": "maxar"
      },
      "geometry": {
        "type": "LineString",
        "coordinates": [
          [
            35.9632568,
            -0.2607222
          ],
          [
            35.96242,
            -0.2622458
          ]
        ]
      },
      "id": "way/1029912743"
    },
    {
      "type": "Feature",
      "properties": {
        "@id": "way/1029912761",
        "highway": "residential",
        "source": "maxar"
      },
      "geometry": {
        "type": "LineString",
        "coordinates": [
          [
            35.9535739,
            -0.2627179
          ],
          [
            35.9544497,
            -0.2612801
          ],
          [
            35.9545248,
            -0.2612587
          ],
          [
            35.9547394,
            -0.2613767
          ],
          [
            35.9548359,
            -0.2613981
          ],
          [
            35.955367,
            -0.2605559
          ],
          [
            35.9555454,
            -0.2604457
          ]
        ]
      },
      "id": "way/1029912761"
    },
    {
      "type": "Feature",
      "properties": {
        "@id": "way/1029912776",
        "highway": "residential",
        "source": "maxar"
      },
      "geometry": {
        "type": "LineString",
        "coordinates": [
          [
            35.9514924,
            -0.2589894
          ],
          [
            35.9505429,
            -0.2607007
          ],
          [
            35.9505,
            -0.2607812
          ],
          [
            35.9502908,
            -0.2611567
          ],
          [
            35.9498723,
            -0.2619775
          ],
          [
            35.9498348,
            -0.2620151
          ],
          [
            35.9497919,
            -0.2620956
          ],
          [
            35.9496953,
            -0.2622994
          ],
          [
            35.9493627,
            -0.2629003
          ],
          [
            35.9489443,
            -0.2636835
          ],
          [
            35.948896,
            -0.2636835
          ],
          [
            35.947233,
            -0.2625247
          ]
        ]
      },
      "id": "way/1029912776"
    },
    {
      "type": "Feature",
      "properties": {
        "@id": "way/1029912778",
        "highway": "residential",
        "source": "maxar"
      },
      "geometry": {
        "type": "LineString",
        "coordinates": [
          [
            35.9578816,
            -0.2588338
          ],
          [
            35.9580586,
            -0.2584851
          ],
          [
            35.9583483,
            -0.2579755
          ],
          [
            35.9584127,
            -0.2578896
          ],
          [
            35.9584234,
            -0.2578413
          ],
          [
            35.9585843,
            -0.2575892
          ],
          [
            35.9586058,
            -0.2575248
          ],
          [
            35.9589652,
            -0.2569079
          ],
          [
            35.9590564,
            -0.2567469
          ],
          [
            35.9594587,
            -0.2560227
          ],
          [
            35.9595124,
            -0.2559637
          ],
          [
            35.9603975,
            -0.254428
          ]
        ]
      },
      "id": "way/1029912778"
    },
    {
      "type": "Feature",
      "properties": {
        "@id": "way/1029912786",
        "highway": "residential",
        "source": "maxar"
      },
      "geometry": {
        "type": "LineString",
        "coordinates": [
          [
            35.9680902,
            -0.2516826
          ],
          [
            35.9678971,
            -0.2522942
          ],
          [
            35.9677523,
            -0.2527663
          ],
          [
            35.9676125,
            -0.2530619
          ]
        ]
      },
      "id": "way/1029912786"
    },
    {
      "type": "Feature",
      "properties": {
        "@id": "way/1029912789",
        "highway": "service",
        "source": "maxar"
      },
      "geometry": {
        "type": "LineString",
        "coordinates": [
          [
            35.9531773,
            -0.25056
          ],
          [
            35.9529516,
            -0.2520729
          ]
        ]
      },
      "id": "way/1029912789"
    },
    {
      "type": "Feature",
      "properties": {
        "@id": "way/1029912807",
        "highway": "residential",
        "source": "maxar"
      },
      "geometry": {
        "type": "LineString",
        "coordinates": [
          [
            35.9633856,
            -0.2523465
          ],
          [
            35.9625541,
            -0.2538339
          ],
          [
            35.9622483,
            -0.2544186
          ],
          [
            35.9622751,
            -0.2544615
          ],
          [
            35.9624521,
            -0.2545688
          ],
          [
            35.9625004,
            -0.2546225
          ],
          [
            35.9627472,
            -0.2547244
          ],
          [
            35.9628116,
            -0.2546815
          ],
          [
            35.9630047,
            -0.2543167
          ],
          [
            35.9631334,
            -0.2541182
          ],
          [
            35.9631871,
            -0.2539948
          ],
          [
            35.9633909,
            -0.2536622
          ],
          [
            35.9639381,
            -0.2526644
          ],
          [
            35.9641849,
            -0.2522191
          ],
          [
            35.9644209,
            -0.2518382
          ],
          [
            35.9644316,
            -0.2517899
          ],
          [
            35.964496,
            -0.2517041
          ],
          [
            35.9645067,
            -0.2516558
          ],
          [
            35.9645872,
            -0.2515431
          ],
          [
            35.9646409,
            -0.2514144
          ],
          [
            35.9647642,
            -0.2512212
          ],
          [
            35.964775,
            -0.2511729
          ],
          [
            35.9648233,
            -0.2511139
          ],
          [
            35.9650003,
            -0.2507706
          ],
          [
            35.965412,
            -0.2500465
          ]
        ]
      },
      "id": "way/1029912807"
    },
    {
      "type": "Feature",
      "properties": {
        "@id": "way/1029912820",
        "highway": "residential",
        "source": "maxar"
      },
      "geometry": {
        "type": "LineString",
        "coordinates": [
          [
            35.9647964,
            -0.2591986
          ],
          [
            35.9646516,
            -0.2594186
          ]
        ]
      },
      "id": "way/1029912820"
    },
    {
      "type": "Feature",
      "properties": {
        "@id": "way/1029912899",
        "highway": "residential",
        "source": "maxar"
      },
      "geometry": {
        "type": "LineString",
        "coordinates": [
          [
            35.9632568,
            -0.2607222
          ],
          [
            35.9628062,
            -0.260454
          ]
        ]
      },
      "id": "way/1029912899"
    },
    {
      "type": "Feature",
      "properties": {
        "@id": "way/1029912904",
        "highway": "residential",
        "source": "maxar"
      },
      "geometry": {
        "type": "LineString",
        "coordinates": [
          [
            35.9659444,
            -0.2606257
          ],
          [
            35.9657728,
            -0.2608134
          ],
          [
            35.9650325,
            -0.2620902
          ]
        ]
      },
      "id": "way/1029912904"
    },
    {
      "type": "Feature",
      "properties": {
        "@id": "way/1029912929",
        "highway": "residential",
        "source": "maxar"
      },
      "geometry": {
        "type": "LineString",
        "coordinates": [
          [
            35.9632568,
            -0.2607222
          ],
          [
            35.9632944,
            -0.2606793
          ],
          [
            35.9644048,
            -0.2587158
          ]
        ]
      },
      "id": "way/1029912929"
    },
    {
      "type": "Feature",
      "properties": {
        "@id": "way/1029912930",
        "highway": "residential",
        "source": "maxar"
      },
      "geometry": {
        "type": "LineString",
        "coordinates": [
          [
            35.9680902,
            -0.2516826
          ],
          [
            35.9676557,
            -0.2515378
          ],
          [
            35.9669261,
            -0.2513285
          ],
          [
            35.9664487,
            -0.2511569
          ]
        ]
      },
      "id": "way/1029912930"
    },
    {
      "type": "Feature",
      "properties": {
        "@id": "way/1029912936",
        "highway": "residential",
        "source": "maxar"
      },
      "geometry": {
        "type": "LineString",
        "coordinates": [
          [
            35.9647964,
            -0.2591986
          ],
          [
            35.9644048,
            -0.2587158
          ],
          [
            35.9631012,
            -0.2570796
          ]
        ]
      },
      "id": "way/1029912936"
    },
    {
      "type": "Feature",
      "properties": {
        "@id": "way/1029912943",
        "highway": "residential",
        "source": "maxar"
      },
      "geometry": {
        "type": "LineString",
        "coordinates": [
          [
            35.9677523,
            -0.2527663
          ],
          [
            35.9691256,
            -0.2531955
          ]
        ]
      },
      "id": "way/1029912943"
    },
    {
      "type": "Feature",
      "properties": {
        "@id": "way/1029912958",
        "highway": "residential",
        "source": "maxar"
      },
      "geometry": {
        "type": "LineString",
        "coordinates": [
          [
            35.9535739,
            -0.2627179
          ],
          [
            35.9526417,
            -0.2621305
          ],
          [
            35.952572,
            -0.2621037
          ],
          [
            35.9520892,
            -0.2618086
          ]
        ]
      },
      "id": "way/1029912958"
    },
    {
      "type": "Feature",
      "properties": {
        "@id": "way/1029912972",
        "highway": "residential",
        "source": "maxar"
      },
      "geometry": {
        "type": "LineString",
        "coordinates": [
          [
            35.9661215,
            -0.2517362
          ],
          [
            35.9678971,
            -0.2522942
          ],
          [
            35.969238,
            -0.2526995
          ]
        ]
      },
      "id": "way/1029912972"
    },
    {
      "type": "Feature",
      "properties": {
        "@id": "way/1029912982",
        "highway": "service",
        "source": "maxar"
      },
      "geometry": {
        "type": "LineString",
        "coordinates": [
          [
            35.9666579,
            -0.2508189
          ],
          [
            35.9682834,
            -0.2513071
          ],
          [
            35.9683263,
            -0.2513071
          ],
          [
            35.9687125,
            -0.2514305
          ],
          [
            35.9688359,
            -0.2514519
          ],
          [
            35.9689271,
            -0.2515002
          ],
          [
            35.9689915,
            -0.2514841
          ],
          [
            35.9691814,
            -0.2511552
          ]
        ]
      },
      "id": "way/1029912982"
    },
    {
      "type": "Feature",
      "properties": {
        "@id": "way/1029912988",
        "highway": "residential",
        "source": "maxar"
      },
      "geometry": {
        "type": "LineString",
        "coordinates": [
          [
            35.9633856,
            -0.2523465
          ],
          [
            35.9634607,
            -0.2523639
          ],
          [
            35.9639381,
            -0.2526644
          ]
        ]
      },
      "id": "way/1029912988"
    },
    {
      "type": "Feature",
      "properties": {
        "@id": "way/1029912999",
        "highway": "residential",
        "source": "maxar"
      },
      "geometry": {
        "type": "LineString",
        "coordinates": [
          [
            35.9535739,
            -0.2627179
          ],
          [
            35.9529777,
            -0.263671
          ],
          [
            35.9527149,
            -0.2640894
          ],
          [
            35.9525701,
            -0.2643845
          ],
          [
            35.9522483,
            -0.2648995
          ],
          [
            35.9518148,
            -0.2657044
          ],
          [
            35.9511381,
            -0.2667934
          ],
          [
            35.9485314,
            -0.2712526
          ]
        ]
      },
      "id": "way/1029912999"
    },
    {
      "type": "Feature",
      "properties": {
        "@id": "way/1029913009",
        "highway": "track",
        "source": "maxar"
      },
      "geometry": {
        "type": "LineString",
        "coordinates": [
          [
            35.9659498,
            -0.2520367
          ],
          [
            35.9666614,
            -0.2524713
          ]
        ]
      },
      "id": "way/1029913009"
    },
    {
      "type": "Feature",
      "properties": {
        "@id": "way/1029917198",
        "highway": "residential",
        "source": "maxar"
      },
      "geometry": {
        "type": "LineString",
        "coordinates": [
          [
            35.9212271,
            -0.2821086
          ],
          [
            35.9202399,
            -0.2814058
          ],
          [
            35.9192528,
            -0.2807084
          ],
          [
            35.9191347,
            -0.2806064
          ],
          [
            35.9190543,
            -0.2805582
          ],
          [
            35.9189577,
            -0.2804991
          ],
          [
            35.9188719,
            -0.2804348
          ],
          [
            35.9187968,
            -0.2803757
          ],
          [
            35.9186251,
            -0.2802577
          ],
          [
            35.9183568,
            -0.2800753
          ],
          [
            35.9181852,
            -0.2799466
          ],
          [
            35.9181637,
            -0.2799197
          ],
          [
            35.9181476,
            -0.2798822
          ],
          [
            35.9181637,
            -0.2798393
          ],
          [
            35.9182388,
            -0.2797159
          ],
          [
            35.9187109,
            -0.2790345
          ],
          [
            35.9191937,
            -0.2783478
          ]
        ]
      },
      "id": "way/1029917198"
    },
    {
      "type": "Feature",
      "properties": {
        "@id": "way/1029917199",
        "highway": "residential",
        "source": "maxar"
      },
      "geometry": {
        "type": "LineString",
        "coordinates": [
          [
            35.9212271,
            -0.2821086
          ],
          [
            35.920873,
            -0.282659
          ]
        ]
      },
      "id": "way/1029917199"
    },
    {
      "type": "Feature",
      "properties": {
        "@id": "way/1029917200",
        "highway": "residential",
        "source": "maxar"
      },
      "geometry": {
        "type": "LineString",
        "coordinates": [
          [
            35.9212271,
            -0.2821086
          ],
          [
            35.9221928,
            -0.2807513
          ],
          [
            35.9226005,
            -0.2801826
          ],
          [
            35.9226541,
            -0.2801236
          ],
          [
            35.9227239,
            -0.2799948
          ],
          [
            35.9228634,
            -0.2798071
          ],
          [
            35.9229707,
            -0.27963
          ],
          [
            35.9229814,
            -0.2795817
          ],
          [
            35.9230297,
            -0.2795335
          ],
          [
            35.9239626,
            -0.2781816
          ]
        ]
      },
      "id": "way/1029917200"
    },
    {
      "type": "Feature",
      "properties": {
        "@id": "way/1029917201",
        "highway": "residential",
        "source": "maxar"
      },
      "geometry": {
        "type": "LineString",
        "coordinates": [
          [
            35.9212271,
            -0.2821086
          ],
          [
            35.922182,
            -0.2828114
          ],
          [
            35.9244708,
            -0.2843833
          ]
        ]
      },
      "id": "way/1029917201"
    },
    {
      "type": "Feature",
      "properties": {
        "@id": "way/1029917221",
        "highway": "residential",
        "source": "maxar"
      },
      "geometry": {
        "type": "LineString",
        "coordinates": [
          [
            35.9212965,
            -0.2792973
          ],
          [
            35.9209532,
            -0.2794207
          ],
          [
            35.9206474,
            -0.2796943
          ],
          [
            35.920465,
            -0.2796943
          ],
          [
            35.9202075,
            -0.2795333
          ],
          [
            35.9197891,
            -0.2792329
          ],
          [
            35.9193439,
            -0.2788199
          ],
          [
            35.9191937,
            -0.2783478
          ]
        ]
      },
      "id": "way/1029917221"
    },
    {
      "type": "Feature",
      "properties": {
        "@id": "way/1029917222",
        "highway": "residential",
        "source": "maxar"
      },
      "geometry": {
        "type": "LineString",
        "coordinates": [
          [
            35.9143066,
            -0.2749427
          ],
          [
            35.9144622,
            -0.2750541
          ],
          [
            35.9148807,
            -0.2753223
          ],
          [
            35.9156156,
            -0.275848
          ],
          [
            35.9158463,
            -0.2759929
          ],
          [
            35.9163934,
            -0.2764006
          ],
          [
            35.9168923,
            -0.2767278
          ],
          [
            35.9169782,
            -0.2768029
          ],
          [
            35.9170479,
            -0.2768351
          ],
          [
            35.9183944,
            -0.2777846
          ],
          [
            35.9191937,
            -0.2783478
          ]
        ]
      },
      "id": "way/1029917222"
    },
    {
      "type": "Feature",
      "properties": {
        "@id": "way/1029918168",
        "highway": "residential",
        "source": "maxar"
      },
      "geometry": {
        "type": "LineString",
        "coordinates": [
          [
            35.9579891,
            -0.2886267
          ],
          [
            35.9570557,
            -0.2879829
          ],
          [
            35.9567606,
            -0.2877253
          ],
          [
            35.9561485,
            -0.2872521
          ]
        ]
      },
      "id": "way/1029918168"
    },
    {
      "type": "Feature",
      "properties": {
        "@id": "way/1029918172",
        "highway": "residential",
        "source": "maxar"
      },
      "geometry": {
        "type": "LineString",
        "coordinates": [
          [
            35.9515893,
            -0.2895386
          ],
          [
            35.951246,
            -0.2892222
          ],
          [
            35.9497922,
            -0.2882136
          ],
          [
            35.9492182,
            -0.2877844
          ],
          [
            35.9474963,
            -0.2865714
          ],
          [
            35.9470832,
            -0.2862737
          ]
        ]
      },
      "id": "way/1029918172"
    },
    {
      "type": "Feature",
      "properties": {
        "@id": "way/1029918184",
        "highway": "residential",
        "source": "maxar"
      },
      "geometry": {
        "type": "LineString",
        "coordinates": [
          [
            35.951997,
            -0.2924894
          ],
          [
            35.9523074,
            -0.2920566
          ]
        ]
      },
      "id": "way/1029918184"
    },
    {
      "type": "Feature",
      "properties": {
        "@id": "way/1029918220",
        "highway": "residential",
        "source": "maxar"
      },
      "geometry": {
        "type": "LineString",
        "coordinates": [
          [
            35.951997,
            -0.2924894
          ],
          [
            35.9523457,
            -0.2927362
          ],
          [
            35.952394,
            -0.2927469
          ],
          [
            35.9526408,
            -0.2929078
          ]
        ]
      },
      "id": "way/1029918220"
    },
    {
      "type": "Feature",
      "properties": {
        "@id": "way/1029918236",
        "highway": "unclassified",
        "source": "maxar"
      },
      "geometry": {
        "type": "LineString",
        "coordinates": [
          [
            35.9506923,
            -0.2908923
          ],
          [
            35.9505164,
            -0.2908424
          ],
          [
            35.950334,
            -0.290719
          ]
        ]
      },
      "id": "way/1029918236"
    },
    {
      "type": "Feature",
      "properties": {
        "@id": "way/1029918246",
        "highway": "residential",
        "source": "maxar"
      },
      "geometry": {
        "type": "LineString",
        "coordinates": [
          [
            35.951997,
            -0.2924894
          ],
          [
            35.9514123,
            -0.293337
          ]
        ]
      },
      "id": "way/1029918246"
    },
    {
      "type": "Feature",
      "properties": {
        "@id": "way/1029920110",
        "highway": "residential",
        "source": "maxar"
      },
      "geometry": {
        "type": "LineString",
        "coordinates": [
          [
            35.9200895,
            -0.2705266
          ],
          [
            35.9198052,
            -0.2707787
          ],
          [
            35.9191186,
            -0.2714064
          ],
          [
            35.9184909,
            -0.2717872
          ],
          [
            35.918389,
            -0.2718301
          ],
          [
            35.9174556,
            -0.2723773
          ],
          [
            35.9168977,
            -0.2726884
          ],
          [
            35.9163827,
            -0.2728491
          ]
        ]
      },
      "id": "way/1029920110"
    },
    {
      "type": "Feature",
      "properties": {
        "@id": "way/1029920506",
        "highway": "residential",
        "source": "maxar"
      },
      "geometry": {
        "type": "LineString",
        "coordinates": [
          [
            35.9144463,
            -0.2594723
          ],
          [
            35.9138562,
            -0.2609509
          ],
          [
            35.9135182,
            -0.2616966
          ],
          [
            35.9127134,
            -0.2636709
          ],
          [
            35.9121877,
            -0.265012
          ],
          [
            35.9118069,
            -0.2658649
          ],
          [
            35.9116942,
            -0.2661653
          ]
        ]
      },
      "id": "way/1029920506"
    },
    {
      "type": "Feature",
      "properties": {
        "@id": "way/1029937702",
        "highway": "residential",
        "source": "maxar"
      },
      "geometry": {
        "type": "LineString",
        "coordinates": [
          [
            35.9100741,
            -0.2564961
          ],
          [
            35.9101921,
            -0.2567612
          ],
          [
            35.9104335,
            -0.2574694
          ],
          [
            35.9104335,
            -0.2577912
          ],
          [
            35.9103799,
            -0.2580219
          ],
          [
            35.9102457,
            -0.2583438
          ],
          [
            35.9099346,
            -0.2589929
          ],
          [
            35.90825,
            -0.2629575
          ],
          [
            35.9077245,
            -0.2639392
          ],
          [
            35.9073651,
            -0.2642288
          ],
          [
            35.9072551,
            -0.2642986
          ],
          [
            35.9070915,
            -0.2642798
          ],
          [
            35.9067562,
            -0.2645748
          ],
          [
            35.906598,
            -0.2647653
          ],
          [
            35.9063727,
            -0.2648699
          ],
          [
            35.9061906,
            -0.2648193
          ]
        ]
      },
      "id": "way/1029937702"
    },
    {
      "type": "Feature",
      "properties": {
        "@id": "way/1029937703",
        "highway": "path",
        "source": "maxar"
      },
      "geometry": {
        "type": "LineString",
        "coordinates": [
          [
            35.9120648,
            -0.2575268
          ],
          [
            35.911877,
            -0.2577912
          ],
          [
            35.9110454,
            -0.2598245
          ],
          [
            35.9109757,
            -0.25998
          ],
          [
            35.9108415,
            -0.2602644
          ],
          [
            35.9107772,
            -0.2604575
          ],
          [
            35.910525,
            -0.2610422
          ],
          [
            35.9105143,
            -0.2611013
          ],
          [
            35.9103694,
            -0.2614178
          ],
          [
            35.9098705,
            -0.2627107
          ],
          [
            35.9094679,
            -0.2636709
          ]
        ]
      },
      "id": "way/1029937703"
    },
    {
      "type": "Feature",
      "properties": {
        "@id": "way/1029937710",
        "highway": "residential",
        "source": "maxar"
      },
      "geometry": {
        "type": "LineString",
        "coordinates": [
          [
            35.9178799,
            -0.2622335
          ],
          [
            35.9172575,
            -0.2636656
          ],
          [
            35.9160662,
            -0.2663853
          ],
          [
            35.916034,
            -0.2664282
          ],
          [
            35.915916,
            -0.266734
          ],
          [
            35.9158838,
            -0.2667769
          ],
          [
            35.9153313,
            -0.2680536
          ],
          [
            35.9151972,
            -0.2684184
          ]
        ]
      },
      "id": "way/1029937710"
    },
    {
      "type": "Feature",
      "properties": {
        "@id": "way/1029937739",
        "highway": "residential",
        "source": "maxar"
      },
      "geometry": {
        "type": "LineString",
        "coordinates": [
          [
            35.9232713,
            -0.2529368
          ],
          [
            35.9241724,
            -0.2508882
          ],
          [
            35.9247089,
            -0.2496978
          ]
        ]
      },
      "id": "way/1029937739"
    },
    {
      "type": "Feature",
      "properties": {
        "@id": "way/1029937755",
        "highway": "residential",
        "source": "maxar"
      },
      "geometry": {
        "type": "LineString",
        "coordinates": [
          [
            35.9207227,
            -0.2500995
          ],
          [
            35.9207442,
            -0.2500191
          ],
          [
            35.9212538,
            -0.2488763
          ],
          [
            35.921506,
            -0.2482593
          ],
          [
            35.9218118,
            -0.2476612
          ]
        ]
      },
      "id": "way/1029937755"
    },
    {
      "type": "Feature",
      "properties": {
        "@id": "way/1029937764",
        "highway": "residential",
        "source": "maxar"
      },
      "geometry": {
        "type": "LineString",
        "coordinates": [
          [
            35.9199662,
            -0.2463816
          ],
          [
            35.9199609,
            -0.2463814
          ],
          [
            35.9194136,
            -0.2475404
          ],
          [
            35.9192044,
            -0.2480179
          ],
          [
            35.9190971,
            -0.2482862
          ]
        ]
      },
      "id": "way/1029937764"
    },
    {
      "type": "Feature",
      "properties": {
        "@id": "way/1029937796",
        "highway": "residential",
        "source": "maxar"
      },
      "geometry": {
        "type": "LineString",
        "coordinates": [
          [
            35.9229063,
            -0.2424299
          ],
          [
            35.9218172,
            -0.244053
          ],
          [
            35.9206691,
            -0.2457376
          ]
        ]
      },
      "id": "way/1029937796"
    },
    {
      "type": "Feature",
      "properties": {
        "@id": "way/1029937909",
        "highway": "residential",
        "source": "maxar"
      },
      "geometry": {
        "type": "LineString",
        "coordinates": [
          [
            35.913502,
            -0.2482916
          ],
          [
            35.9145256,
            -0.2487906
          ]
        ]
      },
      "id": "way/1029937909"
    },
    {
      "type": "Feature",
      "properties": {
        "@id": "way/1029937967",
        "highway": "residential",
        "source": "maxar"
      },
      "geometry": {
        "type": "LineString",
        "coordinates": [
          [
            35.9178913,
            -0.2488974
          ],
          [
            35.917949,
            -0.2487821
          ]
        ]
      },
      "id": "way/1029937967"
    },
    {
      "type": "Feature",
      "properties": {
        "@id": "way/1029938043",
        "highway": "residential",
        "source": "maxar"
      },
      "geometry": {
        "type": "LineString",
        "coordinates": [
          [
            35.9207227,
            -0.2500995
          ],
          [
            35.9214041,
            -0.250577
          ]
        ]
      },
      "id": "way/1029938043"
    },
    {
      "type": "Feature",
      "properties": {
        "@id": "way/1029938051",
        "highway": "residential",
        "source": "maxar"
      },
      "geometry": {
        "type": "LineString",
        "coordinates": [
          [
            35.9207227,
            -0.2500995
          ],
          [
            35.9202398,
            -0.2497991
          ]
        ]
      },
      "id": "way/1029938051"
    },
    {
      "type": "Feature",
      "properties": {
        "@id": "way/1029952091",
        "highway": "track",
        "source": "maxar"
      },
      "geometry": {
        "type": "LineString",
        "coordinates": [
          [
            35.9197155,
            -0.2191065
          ],
          [
            35.9199286,
            -0.2194149
          ],
          [
            35.9205025,
            -0.2201122
          ]
        ]
      },
      "id": "way/1029952091"
    },
    {
      "type": "Feature",
      "properties": {
        "@id": "way/1029966674",
        "highway": "residential",
        "source": "maxar"
      },
      "geometry": {
        "type": "LineString",
        "coordinates": [
          [
            35.9651968,
            -0.2828851
          ],
          [
            35.9624796,
            -0.2868288
          ],
          [
            35.9621493,
            -0.2873396
          ],
          [
            35.9611922,
            -0.2886634
          ],
          [
            35.9599102,
            -0.2904981
          ],
          [
            35.9594167,
            -0.2912222
          ],
          [
            35.9590037,
            -0.2918391
          ],
          [
            35.9589018,
            -0.2920001
          ],
          [
            35.9580695,
            -0.2931975
          ],
          [
            35.9580213,
            -0.2932673
          ],
          [
            35.9577745,
            -0.293616
          ],
          [
            35.957517,
            -0.2939862
          ],
          [
            35.9571147,
            -0.2945763
          ],
          [
            35.9567414,
            -0.2951685
          ]
        ]
      },
      "id": "way/1029966674"
    },
    {
      "type": "Feature",
      "properties": {
        "@id": "way/1029966778",
        "highway": "residential",
        "noname": "yes",
        "source": "maxar"
      },
      "geometry": {
        "type": "LineString",
        "coordinates": [
          [
            35.9679198,
            -0.2847874
          ],
          [
            35.9666744,
            -0.2865231
          ],
          [
            35.9661755,
            -0.287258
          ],
          [
            35.9660307,
            -0.287435
          ],
          [
            35.9636329,
            -0.2909594
          ],
          [
            35.9612888,
            -0.2943228
          ],
          [
            35.9607309,
            -0.2951597
          ],
          [
            35.9603662,
            -0.2956639
          ],
          [
            35.9597018,
            -0.2966295
          ]
        ]
      },
      "id": "way/1029966778"
    },
    {
      "type": "Feature",
      "properties": {
        "@id": "way/1029966785",
        "highway": "residential",
        "source": "maxar"
      },
      "geometry": {
        "type": "LineString",
        "coordinates": [
          [
            35.9660307,
            -0.287435
          ],
          [
            35.964591,
            -0.2864316
          ]
        ]
      },
      "id": "way/1029966785"
    },
    {
      "type": "Feature",
      "properties": {
        "@id": "way/1029975038",
        "highway": "residential",
        "noname": "yes",
        "source": "maxar"
      },
      "geometry": {
        "type": "LineString",
        "coordinates": [
          [
            35.9656944,
            -0.2966295
          ],
          [
            35.9660146,
            -0.296195
          ],
          [
            35.9669265,
            -0.2948432
          ],
          [
            35.9669962,
            -0.2947734
          ],
          [
            35.967066,
            -0.294634
          ],
          [
            35.9719545,
            -0.2876025
          ]
        ]
      },
      "id": "way/1029975038"
    },
    {
      "type": "Feature",
      "properties": {
        "@id": "way/1029996498",
        "highway": "residential",
        "source": "maxar"
      },
      "geometry": {
        "type": "LineString",
        "coordinates": [
          [
            35.9724944,
            -0.2977829
          ],
          [
            35.9727144,
            -0.2976809
          ],
          [
            35.9728163,
            -0.2976809
          ],
          [
            35.9729504,
            -0.2977131
          ],
          [
            35.9742808,
            -0.2984051
          ],
          [
            35.9750318,
            -0.299081
          ],
          [
            35.974431,
            -0.3000144
          ],
          [
            35.9743773,
            -0.3001164
          ],
          [
            35.9734064,
            -0.3015486
          ],
          [
            35.9733045,
            -0.3017257
          ],
          [
            35.9731972,
            -0.3018651
          ],
          [
            35.9729504,
            -0.3022406
          ],
          [
            35.9724569,
            -0.3029916
          ],
          [
            35.971604,
            -0.304322
          ],
          [
            35.9702468,
            -0.3063712
          ]
        ]
      },
      "id": "way/1029996498"
    },
    {
      "type": "Feature",
      "properties": {
        "@id": "way/1029996499",
        "highway": "residential",
        "source": "maxar"
      },
      "geometry": {
        "type": "LineString",
        "coordinates": [
          [
            35.9724944,
            -0.2977829
          ],
          [
            35.9724891,
            -0.2978419
          ],
          [
            35.9724301,
            -0.2979384
          ],
          [
            35.9709227,
            -0.299832
          ]
        ]
      },
      "id": "way/1029996499"
    },
    {
      "type": "Feature",
      "properties": {
        "@id": "way/1029996500",
        "highway": "residential",
        "source": "maxar"
      },
      "geometry": {
        "type": "LineString",
        "coordinates": [
          [
            35.9724944,
            -0.2977829
          ],
          [
            35.9720385,
            -0.297858
          ],
          [
            35.9715664,
            -0.2978043
          ],
          [
            35.9714377,
            -0.2977507
          ],
          [
            35.9707939,
            -0.2972893
          ],
          [
            35.9705633,
            -0.2971874
          ],
          [
            35.9703219,
            -0.2971338
          ],
          [
            35.969238,
            -0.2971055
          ]
        ]
      },
      "id": "way/1029996500"
    },
    {
      "type": "Feature",
      "properties": {
        "@id": "way/1029996596",
        "highway": "residential",
        "source": "maxar"
      },
      "geometry": {
        "type": "LineString",
        "coordinates": [
          [
            35.971604,
            -0.304322
          ],
          [
            35.9757359,
            -0.3071007
          ]
        ]
      },
      "id": "way/1029996596"
    },
    {
      "type": "Feature",
      "properties": {
        "@id": "way/1030004999",
        "highway": "residential",
        "source": "maxar"
      },
      "geometry": {
        "type": "LineString",
        "coordinates": [
          [
            35.9811969,
            -0.295959
          ],
          [
            35.9812005,
            -0.2958898
          ],
          [
            35.980798,
            -0.2956215
          ],
          [
            35.9806853,
            -0.2955678
          ],
          [
            35.9806377,
            -0.2956371
          ]
        ]
      },
      "id": "way/1030004999"
    },
    {
      "type": "Feature",
      "properties": {
        "@id": "way/1030009722",
        "highway": "residential",
        "source": "maxar"
      },
      "geometry": {
        "type": "LineString",
        "coordinates": [
          [
            35.9865887,
            -0.2905311
          ],
          [
            35.9874824,
            -0.2910782
          ]
        ]
      },
      "id": "way/1030009722"
    },
    {
      "type": "Feature",
      "properties": {
        "@id": "way/1030009723",
        "highway": "unclassified",
        "name": "Ngata road",
        "surface": "unpaved"
      },
      "geometry": {
        "type": "LineString",
        "coordinates": [
          [
            35.9865567,
            -0.2905796
          ],
          [
            35.9861763,
            -0.2911651
          ],
          [
            35.9849748,
            -0.2929737
          ],
          [
            35.9843472,
            -0.2939232
          ],
          [
            35.9840414,
            -0.2943577
          ],
          [
            35.9838436,
            -0.2946983
          ],
          [
            35.9836136,
            -0.2950538
          ],
          [
            35.9824562,
            -0.2968039
          ],
          [
            35.9811392,
            -0.2988146
          ]
        ]
      },
      "id": "way/1030009723"
    },
    {
      "type": "Feature",
      "properties": {
        "@id": "way/1030019127",
        "highway": "residential",
        "source": "maxar"
      },
      "geometry": {
        "type": "LineString",
        "coordinates": [
          [
            35.9899884,
            -0.2987644
          ],
          [
            35.9895056,
            -0.2984424
          ],
          [
            35.989291,
            -0.2983029
          ],
          [
            35.988894,
            -0.2980346
          ],
          [
            35.9884778,
            -0.2977909
          ]
        ]
      },
      "id": "way/1030019127"
    },
    {
      "type": "Feature",
      "properties": {
        "@id": "way/1030019187",
        "highway": "residential",
        "source": "maxar"
      },
      "geometry": {
        "type": "LineString",
        "coordinates": [
          [
            35.9904532,
            -0.2945576
          ],
          [
            35.9903692,
            -0.2948703
          ],
          [
            35.9902105,
            -0.2952348
          ]
        ]
      },
      "id": "way/1030019187"
    },
    {
      "type": "Feature",
      "properties": {
        "@id": "way/1030093660",
        "highway": "residential",
        "source": "maxar"
      },
      "geometry": {
        "type": "LineString",
        "coordinates": [
          [
            35.9557775,
            -0.2763106
          ],
          [
            35.9584056,
            -0.278086
          ],
          [
            35.9605296,
            -0.2796307
          ],
          [
            35.9611163,
            -0.2800614
          ]
        ]
      },
      "id": "way/1030093660"
    },
    {
      "type": "Feature",
      "properties": {
        "@id": "way/1030093661",
        "highway": "residential",
        "source": "maxar"
      },
      "geometry": {
        "type": "LineString",
        "coordinates": [
          [
            35.9636922,
            -0.2744226
          ],
          [
            35.9630109,
            -0.2754899
          ],
          [
            35.9617234,
            -0.27763
          ],
          [
            35.9617126,
            -0.277673
          ],
          [
            35.9616107,
            -0.2778178
          ],
          [
            35.9605296,
            -0.2796307
          ]
        ]
      },
      "id": "way/1030093661"
    },
    {
      "type": "Feature",
      "properties": {
        "@id": "way/1030093662",
        "highway": "residential",
        "source": "maxar"
      },
      "geometry": {
        "type": "LineString",
        "coordinates": [
          [
            35.9622942,
            -0.2650951
          ],
          [
            35.9621011,
            -0.2653204
          ],
          [
            35.9615272,
            -0.2663234
          ],
          [
            35.9614843,
            -0.2664253
          ],
          [
            35.9614253,
            -0.2664843
          ],
          [
            35.9613985,
            -0.266554
          ],
          [
            35.9612537,
            -0.2667739
          ],
          [
            35.9612376,
            -0.2668276
          ],
          [
            35.9610767,
            -0.2670689
          ],
          [
            35.9608192,
            -0.2675731
          ],
          [
            35.9607495,
            -0.2676643
          ],
          [
            35.9605725,
            -0.2680022
          ],
          [
            35.9604384,
            -0.2682007
          ],
          [
            35.9589259,
            -0.2708503
          ],
          [
            35.9584539,
            -0.2717407
          ],
          [
            35.9575904,
            -0.2732157
          ],
          [
            35.9572632,
            -0.2738057
          ],
          [
            35.9557775,
            -0.2763106
          ]
        ]
      },
      "id": "way/1030093662"
    },
    {
      "type": "Feature",
      "properties": {
        "@id": "way/1030093663",
        "highway": "residential",
        "source": "maxar"
      },
      "geometry": {
        "type": "LineString",
        "coordinates": [
          [
            35.9557775,
            -0.2763106
          ],
          [
            35.9540558,
            -0.2751198
          ],
          [
            35.9526506,
            -0.2741651
          ],
          [
            35.9522215,
            -0.2738379
          ],
          [
            35.9509289,
            -0.2729636
          ],
          [
            35.9485314,
            -0.2712526
          ],
          [
            35.9463162,
            -0.2696947
          ]
        ]
      },
      "id": "way/1030093663"
    },
    {
      "type": "Feature",
      "properties": {
        "@id": "way/1030093665",
        "highway": "residential",
        "source": "maxar"
      },
      "geometry": {
        "type": "LineString",
        "coordinates": [
          [
            35.9589259,
            -0.2708503
          ],
          [
            35.9567986,
            -0.2692936
          ],
          [
            35.9567289,
            -0.2692829
          ],
          [
            35.9566859,
            -0.2692131
          ],
          [
            35.9518148,
            -0.2657044
          ],
          [
            35.9502108,
            -0.2645669
          ],
          [
            35.9489443,
            -0.2636835
          ]
        ]
      },
      "id": "way/1030093665"
    },
    {
      "type": "Feature",
      "properties": {
        "@id": "way/1030100382",
        "highway": "unclassified",
        "source": "maxar"
      },
      "geometry": {
        "type": "LineString",
        "coordinates": [
          [
            35.9961462,
            -0.2849151
          ],
          [
            35.9961012,
            -0.2849947
          ],
          [
            35.9960261,
            -0.2851235
          ],
          [
            35.9960121,
            -0.2852933
          ]
        ]
      },
      "id": "way/1030100382"
    },
    {
      "type": "Feature",
      "properties": {
        "@id": "way/1030330833",
        "highway": "service"
      },
      "geometry": {
        "type": "LineString",
        "coordinates": [
          [
            36.0062447,
            -0.2819634
          ],
          [
            36.0067973,
            -0.2821941
          ],
          [
            36.0068938,
            -0.2819071
          ],
          [
            36.0077763,
            -0.282215
          ]
        ]
      },
      "id": "way/1030330833"
    },
    {
      "type": "Feature",
      "properties": {
        "@id": "way/1030330834",
        "highway": "service"
      },
      "geometry": {
        "type": "LineString",
        "coordinates": [
          [
            36.0059322,
            -0.2829169
          ],
          [
            36.0061978,
            -0.2830108
          ],
          [
            36.00647,
            -0.2831261
          ]
        ]
      },
      "id": "way/1030330834"
    },
    {
      "type": "Feature",
      "properties": {
        "@id": "way/1030807920",
        "highway": "unclassified",
        "source": "maxar"
      },
      "geometry": {
        "type": "LineString",
        "coordinates": [
          [
            35.9102672,
            -0.2359216
          ],
          [
            35.9118765,
            -0.2367048
          ],
          [
            35.914151,
            -0.2378394
          ],
          [
            35.9169191,
            -0.2392047
          ],
          [
            35.9169406,
            -0.2392101
          ],
          [
            35.916966,
            -0.2391987
          ],
          [
            35.9171618,
            -0.2390048
          ],
          [
            35.9172342,
            -0.238958
          ],
          [
            35.9173812,
            -0.2389554
          ]
        ]
      },
      "id": "way/1030807920"
    },
    {
      "type": "Feature",
      "properties": {
        "@id": "way/1030807921",
        "highway": "track",
        "source": "maxar",
        "surface": "dirt"
      },
      "geometry": {
        "type": "LineString",
        "coordinates": [
          [
            35.914151,
            -0.2378394
          ],
          [
            35.9144139,
            -0.2377429
          ],
          [
            35.9149986,
            -0.2373969
          ],
          [
            35.9174394,
            -0.2358679
          ],
          [
            35.9177077,
            -0.2356694
          ],
          [
            35.9178793,
            -0.2354924
          ],
          [
            35.918155,
            -0.2351571
          ]
        ]
      },
      "id": "way/1030807921"
    },
    {
      "type": "Feature",
      "properties": {
        "@id": "way/1030807949",
        "highway": "track",
        "source": "maxar"
      },
      "geometry": {
        "type": "LineString",
        "coordinates": [
          [
            35.9229728,
            -0.2292078
          ],
          [
            35.9198266,
            -0.2279818
          ],
          [
            35.9158409,
            -0.2264906
          ],
          [
            35.9149343,
            -0.2261472
          ],
          [
            35.9141511,
            -0.22582
          ],
          [
            35.9112757,
            -0.2248061
          ],
          [
            35.9111494,
            -0.2248356
          ],
          [
            35.9110049,
            -0.2247364
          ],
          [
            35.9106346,
            -0.224562
          ],
          [
            35.9103129,
            -0.2244575
          ],
          [
            35.9100553,
            -0.2243555
          ],
          [
            35.9099453,
            -0.2243287
          ],
          [
            35.9098166,
            -0.2243448
          ],
          [
            35.9096288,
            -0.2243341
          ],
          [
            35.9091863,
            -0.2241919
          ],
          [
            35.9091166,
            -0.2242052
          ]
        ]
      },
      "id": "way/1030807949"
    },
    {
      "type": "Feature",
      "properties": {
        "@id": "way/1030807963",
        "highway": "track",
        "source": "maxar"
      },
      "geometry": {
        "type": "LineString",
        "coordinates": [
          [
            35.9229648,
            -0.2221508
          ],
          [
            35.9225142,
            -0.2225531
          ],
          [
            35.9218651,
            -0.2231914
          ],
          [
            35.9217149,
            -0.223347
          ],
          [
            35.9209102,
            -0.2242321
          ],
          [
            35.9207761,
            -0.2243394
          ],
          [
            35.9205025,
            -0.2244789
          ],
          [
            35.9197462,
            -0.2249617
          ],
          [
            35.9193224,
            -0.2251977
          ],
          [
            35.9186786,
            -0.2256161
          ],
          [
            35.9184641,
            -0.2257878
          ],
          [
            35.9181154,
            -0.2261097
          ],
          [
            35.9179008,
            -0.2262438
          ],
          [
            35.9174957,
            -0.226394
          ],
          [
            35.9169781,
            -0.2264986
          ],
          [
            35.9164041,
            -0.2264958
          ],
          [
            35.9159964,
            -0.2262947
          ],
          [
            35.9151918,
            -0.225769
          ],
          [
            35.9146875,
            -0.2254847
          ],
          [
            35.914497,
            -0.2254015
          ],
          [
            35.9136173,
            -0.2247015
          ],
          [
            35.9126758,
            -0.2238352
          ],
          [
            35.9122896,
            -0.2234865
          ],
          [
            35.9121072,
            -0.2232397
          ]
        ]
      },
      "id": "way/1030807963"
    },
    {
      "type": "Feature",
      "properties": {
        "@id": "way/1030807965",
        "highway": "track",
        "source": "maxar"
      },
      "geometry": {
        "type": "LineString",
        "coordinates": [
          [
            35.9213072,
            -0.220933
          ],
          [
            35.9190971,
            -0.2225799
          ],
          [
            35.9186679,
            -0.2229715
          ],
          [
            35.9182388,
            -0.2234489
          ],
          [
            35.9180403,
            -0.2236367
          ],
          [
            35.9176487,
            -0.2240605
          ],
          [
            35.9173858,
            -0.2242214
          ],
          [
            35.9168816,
            -0.2244682
          ],
          [
            35.9165329,
            -0.2246613
          ],
          [
            35.9157282,
            -0.2251548
          ],
          [
            35.9154171,
            -0.2254123
          ],
          [
            35.9151918,
            -0.225769
          ]
        ]
      },
      "id": "way/1030807965"
    },
    {
      "type": "Feature",
      "properties": {
        "@id": "way/1030807967",
        "highway": "track",
        "source": "maxar"
      },
      "geometry": {
        "type": "LineString",
        "coordinates": [
          [
            35.9254311,
            -0.2234941
          ],
          [
            35.9250573,
            -0.2232816
          ],
          [
            35.9231848,
            -0.222215
          ],
          [
            35.9229648,
            -0.2221508
          ],
          [
            35.9221065,
            -0.2215177
          ],
          [
            35.9216452,
            -0.2211959
          ],
          [
            35.9213072,
            -0.220933
          ],
          [
            35.920819,
            -0.220477
          ],
          [
            35.9205025,
            -0.2201122
          ]
        ]
      },
      "id": "way/1030807967"
    },
    {
      "type": "Feature",
      "properties": {
        "@id": "way/1030962554",
        "highway": "residential",
        "source": "maxar"
      },
      "geometry": {
        "type": "LineString",
        "coordinates": [
          [
            35.9794735,
            -0.2616332
          ],
          [
            35.9788264,
            -0.2612124
          ]
        ]
      },
      "id": "way/1030962554"
    },
    {
      "type": "Feature",
      "properties": {
        "@id": "way/1030962616",
        "highway": "residential",
        "source": "maxar"
      },
      "geometry": {
        "type": "LineString",
        "coordinates": [
          [
            35.9848761,
            -0.2620727
          ],
          [
            35.9847312,
            -0.2620029
          ],
          [
            35.9845863,
            -0.2619332
          ],
          [
            35.9845166,
            -0.2619117
          ],
          [
            35.9844897,
            -0.2619117
          ],
          [
            35.9844039,
            -0.262019
          ],
          [
            35.9841946,
            -0.262341
          ],
          [
            35.9840251,
            -0.2626005
          ]
        ]
      },
      "id": "way/1030962616"
    },
    {
      "type": "Feature",
      "properties": {
        "@id": "way/1030962764",
        "highway": "residential",
        "source": "maxar"
      },
      "geometry": {
        "type": "LineString",
        "coordinates": [
          [
            35.9893236,
            -0.2622975
          ],
          [
            35.9889956,
            -0.2621854
          ],
          [
            35.9887063,
            -0.2621233
          ]
        ]
      },
      "id": "way/1030962764"
    },
    {
      "type": "Feature",
      "properties": {
        "@id": "way/1030962836",
        "highway": "residential",
        "source": "maxar"
      },
      "geometry": {
        "type": "LineString",
        "coordinates": [
          [
            35.9858624,
            -0.2587055
          ],
          [
            35.9860014,
            -0.258821
          ],
          [
            35.9863609,
            -0.2589498
          ]
        ]
      },
      "id": "way/1030962836"
    },
    {
      "type": "Feature",
      "properties": {
        "@id": "way/1030993003",
        "highway": "residential",
        "source": "maxar"
      },
      "geometry": {
        "type": "LineString",
        "coordinates": [
          [
            35.974576,
            -0.2602802
          ],
          [
            35.974203,
            -0.2609083
          ],
          [
            35.9742004,
            -0.26097
          ],
          [
            35.9742326,
            -0.2610209
          ],
          [
            35.9747852,
            -0.2613586
          ],
          [
            35.9757104,
            -0.2618712
          ],
          [
            35.9757829,
            -0.2618712
          ],
          [
            35.9758419,
            -0.2618524
          ],
          [
            35.9761909,
            -0.2612245
          ],
          [
            35.975351,
            -0.2607313
          ],
          [
            35.974576,
            -0.2602802
          ]
        ]
      },
      "id": "way/1030993003"
    },
    {
      "type": "Feature",
      "properties": {
        "@id": "way/1030993049",
        "highway": "residential",
        "source": "maxar"
      },
      "geometry": {
        "type": "LineString",
        "coordinates": [
          [
            35.975826,
            -0.2593038
          ],
          [
            35.9764108,
            -0.2596364
          ],
          [
            35.9768665,
            -0.2599052
          ],
          [
            35.9768906,
            -0.25994
          ],
          [
            35.9769004,
            -0.2599811
          ],
          [
            35.9761909,
            -0.2612245
          ]
        ]
      },
      "id": "way/1030993049"
    },
    {
      "type": "Feature",
      "properties": {
        "@id": "way/1030993050",
        "highway": "residential",
        "source": "maxar"
      },
      "geometry": {
        "type": "LineString",
        "coordinates": [
          [
            35.9764108,
            -0.2596364
          ],
          [
            35.9764484,
            -0.2595345
          ],
          [
            35.9767435,
            -0.2589809
          ]
        ]
      },
      "id": "way/1030993050"
    },
    {
      "type": "Feature",
      "properties": {
        "@id": "way/1030993051",
        "highway": "residential",
        "source": "maxar"
      },
      "geometry": {
        "type": "LineString",
        "coordinates": [
          [
            35.975826,
            -0.2593038
          ],
          [
            35.9759548,
            -0.2590623
          ],
          [
            35.9761332,
            -0.2587991
          ]
        ]
      },
      "id": "way/1030993051"
    },
    {
      "type": "Feature",
      "properties": {
        "@id": "way/1030993052",
        "highway": "residential",
        "source": "maxar"
      },
      "geometry": {
        "type": "LineString",
        "coordinates": [
          [
            35.975826,
            -0.2593038
          ],
          [
            35.9752681,
            -0.2589819
          ],
          [
            35.9753721,
            -0.2587991
          ]
        ]
      },
      "id": "way/1030993052"
    },
    {
      "type": "Feature",
      "properties": {
        "@id": "way/1030993067",
        "highway": "residential",
        "source": "maxar"
      },
      "geometry": {
        "type": "LineString",
        "coordinates": [
          [
            35.9732345,
            -0.2593687
          ],
          [
            35.973712,
            -0.2599695
          ]
        ]
      },
      "id": "way/1030993067"
    },
    {
      "type": "Feature",
      "properties": {
        "@id": "way/1030993068",
        "highway": "residential",
        "source": "maxar"
      },
      "geometry": {
        "type": "LineString",
        "coordinates": [
          [
            35.9730521,
            -0.2596906
          ],
          [
            35.9732345,
            -0.2593687
          ],
          [
            35.9735568,
            -0.2587991
          ]
        ]
      },
      "id": "way/1030993068"
    },
    {
      "type": "Feature",
      "properties": {
        "@id": "way/1030993069",
        "highway": "residential",
        "source": "maxar"
      },
      "geometry": {
        "type": "LineString",
        "coordinates": [
          [
            35.9730521,
            -0.2596906
          ],
          [
            35.9736422,
            -0.2604523
          ]
        ]
      },
      "id": "way/1030993069"
    },
    {
      "type": "Feature",
      "properties": {
        "@id": "way/1030993070",
        "highway": "residential",
        "source": "maxar"
      },
      "geometry": {
        "type": "LineString",
        "coordinates": [
          [
            35.9730521,
            -0.2596906
          ],
          [
            35.9727892,
            -0.2601305
          ],
          [
            35.9726873,
            -0.260286
          ],
          [
            35.972596,
            -0.2603772
          ],
          [
            35.9723063,
            -0.2608815
          ]
        ]
      },
      "id": "way/1030993070"
    },
    {
      "type": "Feature",
      "properties": {
        "@id": "way/1030993071",
        "highway": "residential",
        "source": "maxar"
      },
      "geometry": {
        "type": "LineString",
        "coordinates": [
          [
            35.9727892,
            -0.2601305
          ],
          [
            35.9730896,
            -0.2604738
          ]
        ]
      },
      "id": "way/1030993071"
    },
    {
      "type": "Feature",
      "properties": {
        "@id": "way/1030993080",
        "highway": "residential",
        "source": "maxar"
      },
      "geometry": {
        "type": "LineString",
        "coordinates": [
          [
            35.9747852,
            -0.2613586
          ],
          [
            35.97412,
            -0.2625711
          ],
          [
            35.9740878,
            -0.262834
          ],
          [
            35.9740449,
            -0.2630164
          ],
          [
            35.9736854,
            -0.2636656
          ],
          [
            35.9721887,
            -0.2663424
          ],
          [
            35.9720385,
            -0.2664175
          ],
          [
            35.9708476,
            -0.2654412
          ],
          [
            35.970815,
            -0.2652857
          ]
        ]
      },
      "id": "way/1030993080"
    },
    {
      "type": "Feature",
      "properties": {
        "@id": "way/1030993081",
        "highway": "residential",
        "source": "maxar"
      },
      "geometry": {
        "type": "LineString",
        "coordinates": [
          [
            35.9781598,
            -0.2608114
          ],
          [
            35.9778486,
            -0.2613211
          ]
        ]
      },
      "id": "way/1030993081"
    },
    {
      "type": "Feature",
      "properties": {
        "@id": "way/1030993082",
        "highway": "residential",
        "source": "maxar"
      },
      "geometry": {
        "type": "LineString",
        "coordinates": [
          [
            35.9781598,
            -0.2608114
          ],
          [
            35.9785139,
            -0.2610421
          ],
          [
            35.978589,
            -0.2610743
          ],
          [
            35.9788264,
            -0.2612124
          ]
        ]
      },
      "id": "way/1030993082"
    },
    {
      "type": "Feature",
      "properties": {
        "@id": "way/1030993083",
        "highway": "residential",
        "source": "maxar"
      },
      "geometry": {
        "type": "LineString",
        "coordinates": [
          [
            35.9781598,
            -0.2608114
          ],
          [
            35.9785354,
            -0.2601562
          ]
        ]
      },
      "id": "way/1030993083"
    },
    {
      "type": "Feature",
      "properties": {
        "@id": "way/1030993089",
        "highway": "residential",
        "source": "maxar"
      },
      "geometry": {
        "type": "LineString",
        "coordinates": [
          [
            35.970815,
            -0.2652857
          ],
          [
            35.9720542,
            -0.2631184
          ]
        ]
      },
      "id": "way/1030993089"
    },
    {
      "type": "Feature",
      "properties": {
        "@id": "way/1030996544",
        "highway": "residential",
        "source": "maxar"
      },
      "geometry": {
        "type": "LineString",
        "coordinates": [
          [
            35.9680902,
            -0.2516826
          ],
          [
            35.9687662,
            -0.2518757
          ],
          [
            35.9688198,
            -0.2519079
          ],
          [
            35.9692383,
            -0.2520299
          ],
          [
            35.9698016,
            -0.2522015
          ]
        ]
      },
      "id": "way/1030996544"
    },
    {
      "type": "Feature",
      "properties": {
        "@id": "way/1030996547",
        "highway": "residential",
        "source": "maxar"
      },
      "geometry": {
        "type": "LineString",
        "coordinates": [
          [
            35.9694529,
            -0.2527491
          ],
          [
            35.9692812,
            -0.2527115
          ],
          [
            35.969238,
            -0.2526995
          ]
        ]
      },
      "id": "way/1030996547"
    },
    {
      "type": "Feature",
      "properties": {
        "@id": "way/1030996554",
        "highway": "residential",
        "noname": "yes",
        "source": "maxar"
      },
      "geometry": {
        "type": "LineString",
        "coordinates": [
          [
            35.9694636,
            -0.254249
          ],
          [
            35.9698713,
            -0.2534357
          ],
          [
            35.9700215,
            -0.2530924
          ],
          [
            35.9700752,
            -0.253028
          ],
          [
            35.9706554,
            -0.2516332
          ]
        ]
      },
      "id": "way/1030996554"
    },
    {
      "type": "Feature",
      "properties": {
        "@id": "way/1030996567",
        "highway": "residential",
        "noname": "yes",
        "source": "maxar"
      },
      "geometry": {
        "type": "LineString",
        "coordinates": [
          [
            35.9715826,
            -0.2518892
          ],
          [
            35.9714324,
            -0.2522287
          ],
          [
            35.9713412,
            -0.2527973
          ],
          [
            35.9712768,
            -0.2528242
          ],
          [
            35.9711105,
            -0.2527813
          ],
          [
            35.9710515,
            -0.2527813
          ],
          [
            35.9710193,
            -0.2528242
          ],
          [
            35.970912,
            -0.2533499
          ],
          [
            35.9708262,
            -0.2536449
          ],
          [
            35.9702361,
            -0.2547437
          ]
        ]
      },
      "id": "way/1030996567"
    },
    {
      "type": "Feature",
      "properties": {
        "@id": "way/1030996581",
        "highway": "residential",
        "source": "maxar"
      },
      "geometry": {
        "type": "LineString",
        "coordinates": [
          [
            35.9717918,
            -0.252277
          ],
          [
            35.9717918,
            -0.2523575
          ],
          [
            35.9716309,
            -0.2533767
          ],
          [
            35.9712661,
            -0.2554152
          ]
        ]
      },
      "id": "way/1030996581"
    },
    {
      "type": "Feature",
      "properties": {
        "@id": "way/1030996586",
        "highway": "residential",
        "source": "maxar"
      },
      "geometry": {
        "type": "LineString",
        "coordinates": [
          [
            35.9722156,
            -0.2544013
          ],
          [
            35.9721941,
            -0.2544496
          ],
          [
            35.9720707,
            -0.2550879
          ],
          [
            35.9719634,
            -0.2557639
          ],
          [
            35.9719313,
            -0.2558515
          ]
        ]
      },
      "id": "way/1030996586"
    },
    {
      "type": "Feature",
      "properties": {
        "@id": "way/1030996597",
        "highway": "residential",
        "source": "maxar"
      },
      "geometry": {
        "type": "LineString",
        "coordinates": [
          [
            35.9722156,
            -0.2544013
          ],
          [
            35.97287,
            -0.2544979
          ]
        ]
      },
      "id": "way/1030996597"
    },
    {
      "type": "Feature",
      "properties": {
        "@id": "way/1030996598",
        "highway": "residential",
        "source": "maxar"
      },
      "geometry": {
        "type": "LineString",
        "coordinates": [
          [
            35.9722156,
            -0.2544013
          ],
          [
            35.9724677,
            -0.2526847
          ],
          [
            35.9725857,
            -0.252674
          ],
          [
            35.9731651,
            -0.2527866
          ]
        ]
      },
      "id": "way/1030996598"
    },
    {
      "type": "Feature",
      "properties": {
        "@id": "way/1030996601",
        "highway": "service",
        "source": "maxar"
      },
      "geometry": {
        "type": "LineString",
        "coordinates": [
          [
            35.9732348,
            -0.2524091
          ],
          [
            35.9731651,
            -0.2527866
          ],
          [
            35.97287,
            -0.2544979
          ],
          [
            35.9727359,
            -0.2554795
          ],
          [
            35.9728057,
            -0.2555654
          ],
          [
            35.9736962,
            -0.2561555
          ],
          [
            35.9733321,
            -0.2567703
          ],
          [
            35.9727735,
            -0.2576521
          ]
        ]
      },
      "id": "way/1030996601"
    },
    {
      "type": "Feature",
      "properties": {
        "@id": "way/1030996639",
        "highway": "residential",
        "source": "maxar"
      },
      "geometry": {
        "type": "LineString",
        "coordinates": [
          [
            35.9735568,
            -0.2587991
          ],
          [
            35.9742967,
            -0.2574915
          ],
          [
            35.9743128,
            -0.2574054
          ]
        ]
      },
      "id": "way/1030996639"
    },
    {
      "type": "Feature",
      "properties": {
        "@id": "way/1030996649",
        "highway": "residential",
        "source": "maxar"
      },
      "geometry": {
        "type": "LineString",
        "coordinates": [
          [
            35.9753721,
            -0.2587991
          ],
          [
            35.9756651,
            -0.2582812
          ]
        ]
      },
      "id": "way/1030996649"
    },
    {
      "type": "Feature",
      "properties": {
        "@id": "way/1030996660",
        "highway": "residential",
        "source": "maxar"
      },
      "geometry": {
        "type": "LineString",
        "coordinates": [
          [
            35.976389,
            -0.2587504
          ],
          [
            35.9766036,
            -0.2579368
          ],
          [
            35.9765822,
            -0.2577919
          ],
          [
            35.9765661,
            -0.2576471
          ],
          [
            35.9765339,
            -0.2575934
          ],
          [
            35.9765017,
            -0.2575666
          ],
          [
            35.9763783,
            -0.2574915
          ],
          [
            35.9761905,
            -0.257395
          ],
          [
            35.9760671,
            -0.2573252
          ],
          [
            35.9760457,
            -0.2573038
          ],
          [
            35.9760564,
            -0.2572018
          ],
          [
            35.9761637,
            -0.2567834
          ],
          [
            35.976271,
            -0.2563649
          ],
          [
            35.9763783,
            -0.2559465
          ],
          [
            35.9765393,
            -0.2553027
          ],
          [
            35.9767109,
            -0.254675
          ],
          [
            35.9768397,
            -0.2541225
          ],
          [
            35.9768021,
            -0.2540581
          ],
          [
            35.9766144,
            -0.2539615
          ],
          [
            35.9765232,
            -0.2539562
          ],
          [
            35.9753697,
            -0.2536075
          ],
          [
            35.9750102,
            -0.2534948
          ],
          [
            35.9741626,
            -0.2532319
          ],
          [
            35.974125,
            -0.2532051
          ],
          [
            35.9738299,
            -0.2531327
          ]
        ]
      },
      "id": "way/1030996660"
    },
    {
      "type": "Feature",
      "properties": {
        "@id": "way/1030996665",
        "highway": "residential",
        "source": "maxar"
      },
      "geometry": {
        "type": "LineString",
        "coordinates": [
          [
            35.9761332,
            -0.2587991
          ],
          [
            35.9762344,
            -0.2586499
          ]
        ]
      },
      "id": "way/1030996665"
    },
    {
      "type": "Feature",
      "properties": {
        "@id": "way/1030996676",
        "highway": "residential",
        "source": "maxar"
      },
      "geometry": {
        "type": "LineString",
        "coordinates": [
          [
            35.9766036,
            -0.2579368
          ],
          [
            35.976663,
            -0.2579422
          ],
          [
            35.9774248,
            -0.2582426
          ],
          [
            35.9780847,
            -0.2584786
          ]
        ]
      },
      "id": "way/1030996676"
    },
    {
      "type": "Feature",
      "properties": {
        "@id": "way/1030996776",
        "highway": "residential",
        "source": "maxar"
      },
      "geometry": {
        "type": "LineString",
        "coordinates": [
          [
            35.9734118,
            -0.2550826
          ],
          [
            35.9748603,
            -0.2555063
          ],
          [
            35.9763783,
            -0.2559465
          ]
        ]
      },
      "id": "way/1030996776"
    },
    {
      "type": "Feature",
      "properties": {
        "@id": "way/1030996777",
        "highway": "residential",
        "source": "maxar"
      },
      "geometry": {
        "type": "LineString",
        "coordinates": [
          [
            35.9736908,
            -0.2537897
          ],
          [
            35.9735567,
            -0.254412
          ],
          [
            35.9734118,
            -0.2550826
          ],
          [
            35.9733582,
            -0.255324
          ]
        ]
      },
      "id": "way/1030996777"
    },
    {
      "type": "Feature",
      "properties": {
        "@id": "way/1030996798",
        "highway": "residential",
        "source": "maxar"
      },
      "geometry": {
        "type": "LineString",
        "coordinates": [
          [
            35.9750213,
            -0.2548626
          ],
          [
            35.9735567,
            -0.254412
          ]
        ]
      },
      "id": "way/1030996798"
    },
    {
      "type": "Feature",
      "properties": {
        "@id": "way/1030996799",
        "highway": "residential",
        "source": "maxar"
      },
      "geometry": {
        "type": "LineString",
        "coordinates": [
          [
            35.9750213,
            -0.2548626
          ],
          [
            35.9765393,
            -0.2553027
          ]
        ]
      },
      "id": "way/1030996799"
    },
    {
      "type": "Feature",
      "properties": {
        "@id": "way/1030996800",
        "highway": "residential",
        "source": "maxar"
      },
      "geometry": {
        "type": "LineString",
        "coordinates": [
          [
            35.9748603,
            -0.2555063
          ],
          [
            35.9750213,
            -0.2548626
          ],
          [
            35.9751822,
            -0.2542243
          ],
          [
            35.9753697,
            -0.2536075
          ]
        ]
      },
      "id": "way/1030996800"
    },
    {
      "type": "Feature",
      "properties": {
        "@id": "way/1030996818",
        "highway": "residential",
        "source": "maxar"
      },
      "geometry": {
        "type": "LineString",
        "coordinates": [
          [
            35.9767109,
            -0.254675
          ],
          [
            35.9758314,
            -0.2544281
          ],
          [
            35.9751822,
            -0.2542243
          ],
          [
            35.9736908,
            -0.2537897
          ]
        ]
      },
      "id": "way/1030996818"
    },
    {
      "type": "Feature",
      "properties": {
        "@id": "way/1030996819",
        "highway": "service",
        "source": "maxar"
      },
      "geometry": {
        "type": "LineString",
        "coordinates": [
          [
            35.9736908,
            -0.2537897
          ],
          [
            35.9737953,
            -0.2532935
          ],
          [
            35.9738299,
            -0.2531327
          ],
          [
            35.9739739,
            -0.2526517
          ]
        ]
      },
      "id": "way/1030996819"
    },
    {
      "type": "Feature",
      "properties": {
        "@id": "way/1030996842",
        "highway": "service",
        "source": "maxar"
      },
      "geometry": {
        "type": "LineString",
        "coordinates": [
          [
            35.9750102,
            -0.2534948
          ],
          [
            35.975134,
            -0.2529964
          ]
        ]
      },
      "id": "way/1030996842"
    },
    {
      "type": "Feature",
      "properties": {
        "@id": "way/1030996843",
        "highway": "service",
        "source": "maxar"
      },
      "geometry": {
        "type": "LineString",
        "coordinates": [
          [
            35.974125,
            -0.2532051
          ],
          [
            35.9744633,
            -0.2529154
          ],
          [
            35.9745294,
            -0.2528269
          ]
        ]
      },
      "id": "way/1030996843"
    },
    {
      "type": "Feature",
      "properties": {
        "@id": "way/1030996892",
        "highway": "service",
        "source": "maxar"
      },
      "geometry": {
        "type": "LineString",
        "coordinates": [
          [
            35.9766144,
            -0.2539615
          ],
          [
            35.9767273,
            -0.2535124
          ]
        ]
      },
      "id": "way/1030996892"
    },
    {
      "type": "Feature",
      "properties": {
        "@id": "way/1030996948",
        "highway": "residential",
        "source": "maxar"
      },
      "geometry": {
        "type": "LineString",
        "coordinates": [
          [
            35.9748603,
            -0.2555063
          ],
          [
            35.9747745,
            -0.2559194
          ]
        ]
      },
      "id": "way/1030996948"
    },
    {
      "type": "Feature",
      "properties": {
        "@id": "way/1030996949",
        "highway": "residential",
        "source": "maxar"
      },
      "geometry": {
        "type": "LineString",
        "coordinates": [
          [
            35.9747745,
            -0.2559194
          ],
          [
            35.976271,
            -0.2563649
          ]
        ]
      },
      "id": "way/1030996949"
    },
    {
      "type": "Feature",
      "properties": {
        "@id": "way/1030996950",
        "highway": "residential",
        "source": "maxar"
      },
      "geometry": {
        "type": "LineString",
        "coordinates": [
          [
            35.9747745,
            -0.2559194
          ],
          [
            35.9735781,
            -0.25556
          ]
        ]
      },
      "id": "way/1030996950"
    },
    {
      "type": "Feature",
      "properties": {
        "@id": "way/1030996955",
        "highway": "residential",
        "source": "maxar"
      },
      "geometry": {
        "type": "LineString",
        "coordinates": [
          [
            35.9778969,
            -0.2553293
          ],
          [
            35.978015,
            -0.2548626
          ],
          [
            35.9780686,
            -0.2547982
          ],
          [
            35.9786765,
            -0.2549484
          ]
        ]
      },
      "id": "way/1030996955"
    },
    {
      "type": "Feature",
      "properties": {
        "@id": "way/1030996956",
        "highway": "residential",
        "source": "maxar"
      },
      "geometry": {
        "type": "LineString",
        "coordinates": [
          [
            35.9780346,
            -0.2558483
          ],
          [
            35.9784222,
            -0.2559623
          ]
        ]
      },
      "id": "way/1030996956"
    },
    {
      "type": "Feature",
      "properties": {
        "@id": "way/1030997038",
        "highway": "residential",
        "source": "maxar"
      },
      "geometry": {
        "type": "LineString",
        "coordinates": [
          [
            35.9782801,
            -0.2564827
          ],
          [
            35.9778887,
            -0.2564039
          ]
        ]
      },
      "id": "way/1030997038"
    },
    {
      "type": "Feature",
      "properties": {
        "@id": "way/1051121253",
        "highway": "residential",
        "source": "maxar"
      },
      "geometry": {
        "type": "LineString",
        "coordinates": [
          [
            35.9847602,
            -0.2159012
          ],
          [
            35.9848649,
            -0.2158025
          ]
        ]
      },
      "id": "way/1051121253"
    },
    {
      "type": "Feature",
      "properties": {
        "@id": "way/1051121254",
        "highway": "residential",
        "source": "maxar"
      },
      "geometry": {
        "type": "LineString",
        "coordinates": [
          [
            35.98391,
            -0.2063299
          ],
          [
            35.9828586,
            -0.2071184
          ],
          [
            35.9806001,
            -0.2088456
          ],
          [
            35.9805626,
            -0.2088885
          ],
          [
            35.9805197,
            -0.2089046
          ],
          [
            35.9802461,
            -0.2091191
          ],
          [
            35.9800853,
            -0.2092371
          ]
        ]
      },
      "id": "way/1051121254"
    },
    {
      "type": "Feature",
      "properties": {
        "@id": "way/1051121260",
        "highway": "residential",
        "source": "maxar"
      },
      "geometry": {
        "type": "LineString",
        "coordinates": [
          [
            35.9831417,
            -0.2182693
          ],
          [
            35.9827943,
            -0.2180033
          ],
          [
            35.9817443,
            -0.2173114
          ],
          [
            35.9815184,
            -0.2171946
          ]
        ]
      },
      "id": "way/1051121260"
    },
    {
      "type": "Feature",
      "properties": {
        "@id": "way/1051121285",
        "highway": "track",
        "source": "maxar"
      },
      "geometry": {
        "type": "LineString",
        "coordinates": [
          [
            35.991211,
            -0.2067067
          ],
          [
            35.9899289,
            -0.2064425
          ],
          [
            35.9894085,
            -0.2063782
          ],
          [
            35.9891027,
            -0.2063192
          ],
          [
            35.9886575,
            -0.2062709
          ],
          [
            35.9852135,
            -0.2057935
          ]
        ]
      },
      "id": "way/1051121285"
    },
    {
      "type": "Feature",
      "properties": {
        "@id": "way/1051121295",
        "highway": "path",
        "source": "maxar"
      },
      "geometry": {
        "type": "LineString",
        "coordinates": [
          [
            35.9765017,
            -0.2051225
          ],
          [
            35.9765016,
            -0.2050985
          ],
          [
            35.9765017,
            -0.2050671
          ]
        ]
      },
      "id": "way/1051121295"
    },
    {
      "type": "Feature",
      "properties": {
        "@id": "way/1051121296",
        "highway": "residential",
        "source": "maxar"
      },
      "geometry": {
        "type": "LineString",
        "coordinates": [
          [
            35.9774191,
            -0.2138608
          ],
          [
            35.9779394,
            -0.2142416
          ],
          [
            35.9781647,
            -0.214381
          ],
          [
            35.9786216,
            -0.2147035
          ]
        ]
      },
      "id": "way/1051121296"
    },
    {
      "type": "Feature",
      "properties": {
        "@id": "way/1051121314",
        "highway": "residential",
        "source": "maxar"
      },
      "geometry": {
        "type": "LineString",
        "coordinates": [
          [
            35.9850097,
            -0.2165588
          ],
          [
            35.9853316,
            -0.215899
          ],
          [
            35.9853959,
            -0.2158186
          ],
          [
            35.9855193,
            -0.2155611
          ],
          [
            35.9856292,
            -0.2154402
          ]
        ]
      },
      "id": "way/1051121314"
    },
    {
      "type": "Feature",
      "properties": {
        "@id": "way/1051121317",
        "highway": "residential",
        "source": "maxar"
      },
      "geometry": {
        "type": "LineString",
        "coordinates": [
          [
            35.9850097,
            -0.2165588
          ],
          [
            35.9850875,
            -0.2166656
          ]
        ]
      },
      "id": "way/1051121317"
    },
    {
      "type": "Feature",
      "properties": {
        "@id": "way/1051121338",
        "highway": "residential",
        "source": "maxar"
      },
      "geometry": {
        "type": "LineString",
        "coordinates": [
          [
            35.9823507,
            -0.2193866
          ],
          [
            35.9828359,
            -0.2197634
          ]
        ]
      },
      "id": "way/1051121338"
    },
    {
      "type": "Feature",
      "properties": {
        "@id": "way/1051121339",
        "highway": "residential",
        "source": "maxar"
      },
      "geometry": {
        "type": "LineString",
        "coordinates": [
          [
            35.969238,
            -0.1968185
          ],
          [
            35.9715557,
            -0.1994427
          ],
          [
            35.9720224,
            -0.1999952
          ],
          [
            35.972693,
            -0.20073
          ],
          [
            35.9727627,
            -0.200832
          ],
          [
            35.9728325,
            -0.200891
          ],
          [
            35.9728593,
            -0.2009392
          ],
          [
            35.9729988,
            -0.2011002
          ],
          [
            35.9742809,
            -0.2025055
          ],
          [
            35.9747637,
            -0.2030794
          ],
          [
            35.9751231,
            -0.2034549
          ],
          [
            35.9759814,
            -0.2044579
          ],
          [
            35.9762603,
            -0.2045437
          ],
          [
            35.9791518,
            -0.2049407
          ]
        ]
      },
      "id": "way/1051121339"
    },
    {
      "type": "Feature",
      "properties": {
        "@id": "way/1051121354",
        "highway": "track",
        "source": "maxar"
      },
      "geometry": {
        "type": "LineString",
        "coordinates": [
          [
            35.9791678,
            -0.2003439
          ],
          [
            35.9787494,
            -0.1991263
          ],
          [
            35.9786851,
            -0.1989975
          ],
          [
            35.9757051,
            -0.190993
          ]
        ]
      },
      "id": "way/1051121354"
    },
    {
      "type": "Feature",
      "properties": {
        "@id": "way/1051121367",
        "highway": "residential",
        "source": "maxar"
      },
      "geometry": {
        "type": "LineString",
        "coordinates": [
          [
            35.9712274,
            -0.2057214
          ],
          [
            35.9701127,
            -0.2049407
          ]
        ]
      },
      "id": "way/1051121367"
    },
    {
      "type": "Feature",
      "properties": {
        "@id": "way/1051121376",
        "highway": "residential",
        "source": "maxar"
      },
      "geometry": {
        "type": "LineString",
        "coordinates": [
          [
            35.9850097,
            -0.2165588
          ],
          [
            35.9849587,
            -0.2166683
          ]
        ]
      },
      "id": "way/1051121376"
    },
    {
      "type": "Feature",
      "properties": {
        "@id": "way/1068491371",
        "highway": "residential"
      },
      "geometry": {
        "type": "LineString",
        "coordinates": [
          [
            36.0111386,
            -0.2513141
          ],
          [
            36.0113028,
            -0.2511703
          ],
          [
            36.0115435,
            -0.2509614
          ],
          [
            36.0116735,
            -0.2508554
          ]
        ]
      },
      "id": "way/1068491371"
    },
    {
      "type": "Feature",
      "properties": {
        "@id": "way/1177542382",
        "highway": "residential",
        "source": "maxar"
      },
      "geometry": {
        "type": "LineString",
        "coordinates": [
          [
            35.9607705,
            -0.2041264
          ],
          [
            35.9603327,
            -0.204787
          ],
          [
            35.960279,
            -0.2048533
          ],
          [
            35.9602314,
            -0.2049257
          ],
          [
            35.9602033,
            -0.2050638
          ],
          [
            35.9601986,
            -0.2052339
          ]
        ]
      },
      "id": "way/1177542382"
    },
    {
      "type": "Feature",
      "properties": {
        "@id": "way/1177575029",
        "highway": "residential"
      },
      "geometry": {
        "type": "LineString",
        "coordinates": [
          [
            35.9894578,
            -0.2576862
          ],
          [
            35.9897622,
            -0.2578211
          ],
          [
            35.9899262,
            -0.2579002
          ],
          [
            35.9900579,
            -0.2579529
          ]
        ]
      },
      "id": "way/1177575029"
    },
    {
      "type": "Feature",
      "properties": {
        "@id": "way/1177768873",
        "highway": "residential"
      },
      "geometry": {
        "type": "LineString",
        "coordinates": [
          [
            35.9351554,
            -0.2433024
          ],
          [
            35.9344661,
            -0.2447911
          ]
        ]
      },
      "id": "way/1177768873"
    },
    {
      "type": "Feature",
      "properties": {
        "@id": "way/1178039146",
        "highway": "residential"
      },
      "geometry": {
        "type": "LineString",
        "coordinates": [
          [
            35.9870237,
            -0.2572481
          ],
          [
            35.9863368,
            -0.2569738
          ]
        ]
      },
      "id": "way/1178039146"
    },
    {
      "type": "Feature",
      "properties": {
        "@id": "way/1266827412",
        "highway": "residential"
      },
      "geometry": {
        "type": "LineString",
        "coordinates": [
          [
            36.0030803,
            -0.2755896
          ],
          [
            36.0028182,
            -0.2754227
          ],
          [
            36.0026057,
            -0.2752803
          ],
          [
            36.0025637,
            -0.2752733
          ],
          [
            36.0024983,
            -0.2752849
          ]
        ]
      },
      "id": "way/1266827412"
    },
    {
      "type": "Feature",
      "properties": {
        "@id": "way/1266827413",
        "highway": "residential",
        "noname": "yes"
      },
      "geometry": {
        "type": "LineString",
        "coordinates": [
          [
            36.0026123,
            -0.2769736
          ],
          [
            36.0021578,
            -0.2766462
          ],
          [
            36.0017462,
            -0.2763308
          ]
        ]
      },
      "id": "way/1266827413"
    },
    {
      "type": "Feature",
      "properties": {
        "@id": "way/1266830664",
        "highway": "residential"
      },
      "geometry": {
        "type": "LineString",
        "coordinates": [
          [
            36.0005878,
            -0.2786986
          ],
          [
            36.0008962,
            -0.2782243
          ],
          [
            36.0016326,
            -0.2769962
          ]
        ]
      },
      "id": "way/1266830664"
    },
    {
      "type": "Feature",
      "properties": {
        "@id": "way/1266830665",
        "highway": "residential"
      },
      "geometry": {
        "type": "LineString",
        "coordinates": [
          [
            36.0039562,
            -0.2785829
          ],
          [
            36.0041059,
            -0.2783346
          ],
          [
            36.004309,
            -0.2779875
          ]
        ]
      },
      "id": "way/1266830665"
    },
    {
      "type": "Feature",
      "properties": {
        "@id": "way/1266830666",
        "bicycle": "yes",
        "foot": "yes",
        "highway": "living_street"
      },
      "geometry": {
        "type": "LineString",
        "coordinates": [
          [
            36.004327,
            -0.2774408
          ],
          [
            36.0045918,
            -0.277049
          ],
          [
            36.0047802,
            -0.2771396
          ]
        ]
      },
      "id": "way/1266830666"
    },
    {
      "type": "Feature",
      "properties": {
        "@id": "way/1266830667",
        "highway": "living_street"
      },
      "geometry": {
        "type": "LineString",
        "coordinates": [
          [
            36.0040815,
            -0.2786695
          ],
          [
            36.0037874,
            -0.2791649
          ],
          [
            36.00362,
            -0.279498
          ],
          [
            36.0036076,
            -0.2795246
          ]
        ]
      },
      "id": "way/1266830667"
    },
    {
      "type": "Feature",
      "properties": {
        "@id": "way/1266830668",
        "highway": "residential"
      },
      "geometry": {
        "type": "LineString",
        "coordinates": [
          [
            36.0000336,
            -0.2773752
          ],
          [
            35.9990376,
            -0.2768601
          ],
          [
            35.9989061,
            -0.2767882
          ]
        ]
      },
      "id": "way/1266830668"
    },
    {
      "type": "Feature",
      "properties": {
        "@id": "way/1266830669",
        "highway": "residential",
        "noname": "yes"
      },
      "geometry": {
        "type": "LineString",
        "coordinates": [
          [
            35.9985843,
            -0.2693104
          ],
          [
            35.9987934,
            -0.2691839
          ],
          [
            35.9991617,
            -0.2694241
          ],
          [
            35.9995178,
            -0.2696643
          ],
          [
            36.000042,
            -0.2700128
          ]
        ]
      },
      "id": "way/1266830669"
    },
    {
      "type": "Feature",
      "properties": {
        "@id": "way/1266830670",
        "highway": "residential"
      },
      "geometry": {
        "type": "LineString",
        "coordinates": [
          [
            35.9980183,
            -0.2665839
          ],
          [
            35.9968203,
            -0.2657825
          ]
        ]
      },
      "id": "way/1266830670"
    },
    {
      "type": "Feature",
      "properties": {
        "@id": "way/1266830671",
        "highway": "residential"
      },
      "geometry": {
        "type": "LineString",
        "coordinates": [
          [
            35.9975865,
            -0.2656827
          ],
          [
            35.9970988,
            -0.2653603
          ]
        ]
      },
      "id": "way/1266830671"
    },
    {
      "type": "Feature",
      "properties": {
        "@id": "way/1266830672",
        "highway": "residential"
      },
      "geometry": {
        "type": "LineString",
        "coordinates": [
          [
            35.9980072,
            -0.2653238
          ],
          [
            35.9974295,
            -0.2648616
          ]
        ]
      },
      "id": "way/1266830672"
    },
    {
      "type": "Feature",
      "properties": {
        "@id": "way/1266830673",
        "highway": "residential"
      },
      "geometry": {
        "type": "LineString",
        "coordinates": [
          [
            35.9941926,
            -0.2671738
          ],
          [
            35.9937278,
            -0.2668085
          ]
        ]
      },
      "id": "way/1266830673"
    },
    {
      "type": "Feature",
      "properties": {
        "@id": "way/1266830674",
        "highway": "residential"
      },
      "geometry": {
        "type": "LineString",
        "coordinates": [
          [
            35.9949275,
            -0.2660463
          ],
          [
            35.9940792,
            -0.2653521
          ]
        ]
      },
      "id": "way/1266830674"
    },
    {
      "type": "Feature",
      "properties": {
        "@id": "way/1266830675",
        "highway": "residential"
      },
      "geometry": {
        "type": "LineString",
        "coordinates": [
          [
            35.9952565,
            -0.2655397
          ],
          [
            35.9944547,
            -0.2648773
          ]
        ]
      },
      "id": "way/1266830675"
    },
    {
      "type": "Feature",
      "properties": {
        "@id": "way/1266830676",
        "highway": "residential"
      },
      "geometry": {
        "type": "LineString",
        "coordinates": [
          [
            35.9957363,
            -0.2647944
          ],
          [
            35.995346,
            -0.2645122
          ]
        ]
      },
      "id": "way/1266830676"
    },
    {
      "type": "Feature",
      "properties": {
        "@id": "way/1353610782",
        "bicycle": "yes",
        "foot": "yes",
        "highway": "path",
        "informal": "yes",
        "motor_vehicle": "no",
        "surface": "unpaved"
      },
      "geometry": {
        "type": "LineString",
        "coordinates": [
          [
            36.004309,
            -0.2779875
          ],
          [
            36.0045463,
            -0.2776232
          ],
          [
            36.0045988,
            -0.2776463
          ]
        ]
      },
      "id": "way/1353610782"
    },
    {
      "type": "Feature",
      "properties": {
        "@id": "way/1353610783",
        "highway": "residential",
        "noname": "yes",
        "surface": "unpaved"
      },
      "geometry": {
        "type": "LineString",
        "coordinates": [
          [
            35.9978759,
            -0.2744267
          ],
          [
            35.9973859,
            -0.2741054
          ]
        ]
      },
      "id": "way/1353610783"
    },
    {
      "type": "Feature",
      "properties": {
        "@id": "way/1353611962",
        "highway": "residential",
        "surface": "unpaved"
      },
      "geometry": {
        "type": "LineString",
        "coordinates": [
          [
            36.0019063,
            -0.264009
          ],
          [
            36.0012344,
            -0.2630699
          ],
          [
            36.0001615,
            -0.2615786
          ],
          [
            35.9996723,
            -0.2610303
          ],
          [
            35.9990278,
            -0.2604419
          ],
          [
            35.9984207,
            -0.2600029
          ],
          [
            35.9977318,
            -0.2595545
          ],
          [
            35.9974307,
            -0.2593865
          ],
          [
            35.9953078,
            -0.2587159
          ]
        ]
      },
      "id": "way/1353611962"
    },
    {
      "type": "Feature",
      "properties": {
        "@id": "way/1378112056",
        "highway": "residential"
      },
      "geometry": {
        "type": "LineString",
        "coordinates": [
          [
            36.0157099,
            -0.2582466
          ],
          [
            36.0157608,
            -0.2581511
          ]
        ]
      },
      "id": "way/1378112056"
    },
    {
      "type": "Feature",
      "properties": {
        "@id": "way/1378112057",
        "highway": "residential"
      },
      "geometry": {
        "type": "LineString",
        "coordinates": [
          [
            36.0130441,
            -0.2562567
          ],
          [
            36.0131802,
            -0.2563224
          ],
          [
            36.0132359,
            -0.2563352
          ],
          [
            36.0132741,
            -0.2563285
          ],
          [
            36.0133358,
            -0.2562748
          ],
          [
            36.0133573,
            -0.256248
          ],
          [
            36.013372,
            -0.2562366
          ],
          [
            36.0133968,
            -0.2562326
          ],
          [
            36.0136288,
            -0.2563666
          ]
        ]
      },
      "id": "way/1378112057"
    },
    {
      "type": "Feature",
      "properties": {
        "@id": "way/1378112058",
        "highway": "residential"
      },
      "geometry": {
        "type": "LineString",
        "coordinates": [
          [
            36.01521,
            -0.2571613
          ],
          [
            36.0151644,
            -0.2571948
          ],
          [
            36.0151483,
            -0.2572297
          ],
          [
            36.0151537,
            -0.2572833
          ],
          [
            36.015324,
            -0.2575583
          ],
          [
            36.0155359,
            -0.2578707
          ],
          [
            36.0157608,
            -0.2581511
          ]
        ]
      },
      "id": "way/1378112058"
    },
    {
      "type": "Feature",
      "properties": {
        "@id": "way/1422268733",
        "highway": "residential",
        "source": "maxar"
      },
      "geometry": {
        "type": "LineString",
        "coordinates": [
          [
            35.9398284,
            -0.2995064
          ],
          [
            35.9402792,
            -0.2998255
          ],
          [
            35.9404723,
            -0.2999651
          ],
          [
            35.9405796,
            -0.3000455
          ],
          [
            35.9407164,
            -0.3001421
          ],
          [
            35.9408532,
            -0.3002386
          ],
          [
            35.9410034,
            -0.300378
          ],
          [
            35.9414944,
            -0.300708
          ],
          [
            35.9422445,
            -0.3012321
          ],
          [
            35.9431939,
            -0.3018573
          ]
        ]
      },
      "id": "way/1422268733"
    },
    {
      "type": "Feature",
      "properties": {
        "@id": "way/1422268734",
        "highway": "residential",
        "source": "maxar"
      },
      "geometry": {
        "type": "LineString",
        "coordinates": [
          [
            35.9436814,
            -0.3011636
          ],
          [
            35.9424618,
            -0.3003068
          ],
          [
            35.9412664,
            -0.2994876
          ],
          [
            35.9404615,
            -0.2988761
          ],
          [
            35.9403542,
            -0.298801
          ]
        ]
      },
      "id": "way/1422268734"
    }
  ]
}